cleaning_version,symbol,market_id,timestamp_utc,timestamp_ms,source_candle_file,source_funding_file,record_type,split,roll_coverage_status,market_state_status,open,high,low,close,volume_base,volume_quote,funding_value,funding_rate,funding_direction,candle_present,funding_present,candle_duplicate_count,funding_duplicate_count,missing_interval,missing_hours_before,invalid_numeric,non_positive_price,zero_or_omitted_field,close_jump_gt_5pct,close_return,price_stats_eligible,funding_stats_eligible,combined_pair_eligible,admission_status,exclusion_reason,raw_candle_timestamp,raw_funding_timestamp
day7-v1,BRENTOIL,159,2026-07-05T19:00:00+00:00,1783278000000,lab/data/lighter_rwa_raw/BRENTOIL_candles_1h.json,lab/data/lighter_rwa_raw/BRENTOIL_fundings_1h.json,funding_only,train,pre_roll,unknown_from_public_candle_snapshot,,,,,,,0.00028800,0.0004,long,false,true,0,1,false,0,false,false,candle:record_missing,false,,false,true,false,partially_eligible,missing_candle,,1783278000
day7-v1,WTI,145,2026-07-05T19:00:00+00:00,1783278000000,lab/data/lighter_rwa_raw/WTI_candles_1h.json,lab/data/lighter_rwa_raw/WTI_fundings_1h.json,funding_only,train,pre_roll,unknown_from_public_candle_snapshot,,,,,,,0.00027527,0.0004,long,false,true,0,1,false,0,false,false,candle:record_missing,false,,false,true,false,partially_eligible,missing_candle,,1783278000
day7-v1,BRENTOIL,159,2026-07-05T20:00:00+00:00,1783281600000,lab/data/lighter_rwa_raw/BRENTOIL_candles_1h.json,lab/data/lighter_rwa_raw/BRENTOIL_fundings_1h.json,funding_only,train,pre_roll,unknown_from_public_candle_snapshot,,,,,,,0.00028772,0.0004,long,false,true,0,1,false,0,false,false,candle:record_missing,false,,false,true,false,partially_eligible,missing_candle,,1783281600
day7-v1,WTI,145,2026-07-05T20:00:00+00:00,1783281600000,lab/data/lighter_rwa_raw/WTI_candles_1h.json,lab/data/lighter_rwa_raw/WTI_fundings_1h.json,funding_only,train,pre_roll,unknown_from_public_candle_snapshot,,,,,,,0.00027491,0.0004,short,false,true,0,1,false,0,false,false,candle:record_missing,false,,false,true,false,partially_eligible,missing_candle,,1783281600
day7-v1,BRENTOIL,159,2026-07-05T21:00:00+00:00,1783285200000,lab/data/lighter_rwa_raw/BRENTOIL_candles_1h.json,lab/data/lighter_rwa_raw/BRENTOIL_fundings_1h.json,funding_only,train,pre_roll,unknown_from_public_candle_snapshot,,,,,,,0.00028732,0.0004,long,false,true,0,1,false,0,false,false,candle:record_missing,false,,false,true,false,partially_eligible,missing_candle,,1783285200
day7-v1,WTI,145,2026-07-05T21:00:00+00:00,1783285200000,lab/data/lighter_rwa_raw/WTI_candles_1h.json,lab/data/lighter_rwa_raw/WTI_fundings_1h.json,funding_only,train,pre_roll,unknown_from_public_candle_snapshot,,,,,,,0.00089218,0.0013,short,false,true,0,1,false,0,false,false,candle:record_missing,false,,false,true,false,partially_eligible,missing_candle,,1783285200
day7-v1,BRENTOIL,159,2026-07-05T22:00:00+00:00,1783288800000,lab/data/lighter_rwa_raw/BRENTOIL_candles_1h.json,lab/data/lighter_rwa_raw/BRENTOIL_fundings_1h.json,funding_only,train,pre_roll,unknown_from_public_candle_snapshot,,,,,,,0.00028764,0.0004,long,false,true,0,1,false,0,false,false,candle:record_missing,false,,false,true,false,partially_eligible,missing_candle,,1783288800
day7-v1,WTI,145,2026-07-05T22:00:00+00:00,1783288800000,lab/data/lighter_rwa_raw/WTI_candles_1h.json,lab/data/lighter_rwa_raw/WTI_fundings_1h.json,funding_only,train,pre_roll,unknown_from_public_candle_snapshot,,,,,,,0.00041233,0.0006,long,false,true,0,1,false,0,false,false,candle:record_missing,false,,false,true,false,partially_eligible,missing_candle,,1783288800
day7-v1,BRENTOIL,159,2026-07-05T23:00:00+00:00,1783292400000,lab/data/lighter_rwa_raw/BRENTOIL_candles_1h.json,lab/data/lighter_rwa_raw/BRENTOIL_fundings_1h.json,funding_only,train,pre_roll,unknown_from_public_candle_snapshot,,,,,,,0.00028660,0.0004,long,false,true,0,1,false,0,false,false,candle:record_missing,false,,false,true,false,partially_eligible,missing_candle,,1783292400
day7-v1,WTI,145,2026-07-05T23:00:00+00:00,1783292400000,lab/data/lighter_rwa_raw/WTI_candles_1h.json,lab/data/lighter_rwa_raw/WTI_fundings_1h.json,funding_only,train,pre_roll,unknown_from_public_candle_snapshot,,,,,,,0.00252747,0.0037,long,false,true,0,1,false,0,false,false,candle:record_missing,false,,false,true,false,partially_eligible,missing_candle,,1783292400
day7-v1,BRENTOIL,159,2026-07-06T00:00:00+00:00,1783296000000,lab/data/lighter_rwa_raw/BRENTOIL_candles_1h.json,lab/data/lighter_rwa_raw/BRENTOIL_fundings_1h.json,funding_only,train,pre_roll,unknown_from_public_candle_snapshot,,,,,,,0.00028636,0.0004,long,false,true,0,1,false,0,false,false,candle:record_missing,false,,false,true,false,partially_eligible,missing_candle,,1783296000
day7-v1,WTI,145,2026-07-06T00:00:00+00:00,1783296000000,lab/data/lighter_rwa_raw/WTI_candles_1h.json,lab/data/lighter_rwa_raw/WTI_fundings_1h.json,funding_only,train,pre_roll,unknown_from_public_candle_snapshot,,,,,,,0.00334401,0.0049,long,false,true,0,1,false,0,false,false,candle:record_missing,false,,false,true,false,partially_eligible,missing_candle,,1783296000
day7-v1,BRENTOIL,159,2026-07-06T01:00:00+00:00,1783299600000,lab/data/lighter_rwa_raw/BRENTOIL_candles_1h.json,lab/data/lighter_rwa_raw/BRENTOIL_fundings_1h.json,funding_only,train,pre_roll,unknown_from_public_candle_snapshot,,,,,,,0.00028628,0.0004,long,false,true,0,1,false,0,false,false,candle:record_missing,false,,false,true,false,partially_eligible,missing_candle,,1783299600
day7-v1,WTI,145,2026-07-06T01:00:00+00:00,1783299600000,lab/data/lighter_rwa_raw/WTI_candles_1h.json,lab/data/lighter_rwa_raw/WTI_fundings_1h.json,funding_only,train,pre_roll,unknown_from_public_candle_snapshot,,,,,,,0.00095529,0.0014,long,false,true,0,1,false,0,false,false,candle:record_missing,false,,false,true,false,partially_eligible,missing_candle,,1783299600
day7-v1,BRENTOIL,159,2026-07-06T02:00:00+00:00,1783303200000,lab/data/lighter_rwa_raw/BRENTOIL_candles_1h.json,lab/data/lighter_rwa_raw/BRENTOIL_fundings_1h.json,funding_only,train,pre_roll,unknown_from_public_candle_snapshot,,,,,,,0.00028844,0.0004,long,false,true,0,1,false,0,false,false,candle:record_missing,false,,false,true,false,partially_eligible,missing_candle,,1783303200
day7-v1,WTI,145,2026-07-06T02:00:00+00:00,1783303200000,lab/data/lighter_rwa_raw/WTI_candles_1h.json,lab/data/lighter_rwa_raw/WTI_fundings_1h.json,funding_only,train,pre_roll,unknown_from_public_candle_snapshot,,,,,,,0.00034428,0.0005,long,false,true,0,1,false,0,false,false,candle:record_missing,false,,false,true,false,partially_eligible,missing_candle,,1783303200
day7-v1,BRENTOIL,159,2026-07-06T03:00:00+00:00,1783306800000,lab/data/lighter_rwa_raw/BRENTOIL_candles_1h.json,lab/data/lighter_rwa_raw/BRENTOIL_fundings_1h.json,funding_only,train,pre_roll,unknown_from_public_candle_snapshot,,,,,,,0.00028740,0.0004,long,false,true,0,1,false,0,false,false,candle:record_missing,false,,false,true,false,partially_eligible,missing_candle,,1783306800
day7-v1,WTI,145,2026-07-06T03:00:00+00:00,1783306800000,lab/data/lighter_rwa_raw/WTI_candles_1h.json,lab/data/lighter_rwa_raw/WTI_fundings_1h.json,funding_only,train,pre_roll,unknown_from_public_candle_snapshot,,,,,,,0.00027430,0.0004,long,false,true,0,1,false,0,false,false,candle:record_missing,false,,false,true,false,partially_eligible,missing_candle,,1783306800
day7-v1,BRENTOIL,159,2026-07-06T04:00:00+00:00,1783310400000,lab/data/lighter_rwa_raw/BRENTOIL_candles_1h.json,lab/data/lighter_rwa_raw/BRENTOIL_fundings_1h.json,funding_only,train,pre_roll,unknown_from_public_candle_snapshot,,,,,,,0.00028680,0.0004,long,false,true,0,1,false,0,false,false,candle:record_missing,false,,false,true,false,partially_eligible,missing_candle,,1783310400
day7-v1,WTI,145,2026-07-06T04:00:00+00:00,1783310400000,lab/data/lighter_rwa_raw/WTI_candles_1h.json,lab/data/lighter_rwa_raw/WTI_fundings_1h.json,funding_only,train,pre_roll,unknown_from_public_candle_snapshot,,,,,,,0.00116338,0.0017,long,false,true,0,1,false,0,false,false,candle:record_missing,false,,false,true,false,partially_eligible,missing_candle,,1783310400
day7-v1,BRENTOIL,159,2026-07-06T05:00:00+00:00,1783314000000,lab/data/lighter_rwa_raw/BRENTOIL_candles_1h.json,lab/data/lighter_rwa_raw/BRENTOIL_fundings_1h.json,funding_only,train,pre_roll,unknown_from_public_candle_snapshot,,,,,,,0.00028740,0.0004,long,false,true,0,1,false,0,false,false,candle:record_missing,false,,false,true,false,partially_eligible,missing_candle,,1783314000
day7-v1,WTI,145,2026-07-06T05:00:00+00:00,1783314000000,lab/data/lighter_rwa_raw/WTI_candles_1h.json,lab/data/lighter_rwa_raw/WTI_fundings_1h.json,funding_only,train,pre_roll,unknown_from_public_candle_snapshot,,,,,,,0.00212657,0.0031,long,false,true,0,1,false,0,false,false,candle:record_missing,false,,false,true,false,partially_eligible,missing_candle,,1783314000
day7-v1,BRENTOIL,159,2026-07-06T06:00:00+00:00,1783317600000,lab/data/lighter_rwa_raw/BRENTOIL_candles_1h.json,lab/data/lighter_rwa_raw/BRENTOIL_fundings_1h.json,funding_only,train,pre_roll,unknown_from_public_candle_snapshot,,,,,,,0.00028824,0.0004,long,false,true,0,1,false,0,false,false,candle:record_missing,false,,false,true,false,partially_eligible,missing_candle,,1783317600
day7-v1,WTI,145,2026-07-06T06:00:00+00:00,1783317600000,lab/data/lighter_rwa_raw/WTI_candles_1h.json,lab/data/lighter_rwa_raw/WTI_fundings_1h.json,funding_only,train,pre_roll,unknown_from_public_candle_snapshot,,,,,,,0.00144604,0.0021,long,false,true,0,1,false,0,false,false,candle:record_missing,false,,false,true,false,partially_eligible,missing_candle,,1783317600
day7-v1,BRENTOIL,159,2026-07-06T07:00:00+00:00,1783321200000,lab/data/lighter_rwa_raw/BRENTOIL_candles_1h.json,lab/data/lighter_rwa_raw/BRENTOIL_fundings_1h.json,funding_only,train,pre_roll,unknown_from_public_candle_snapshot,,,,,,,0.00028824,0.0004,long,false,true,0,1,false,0,false,false,candle:record_missing,false,,false,true,false,partially_eligible,missing_candle,,1783321200
day7-v1,WTI,145,2026-07-06T07:00:00+00:00,1783321200000,lab/data/lighter_rwa_raw/WTI_candles_1h.json,lab/data/lighter_rwa_raw/WTI_fundings_1h.json,funding_only,train,pre_roll,unknown_from_public_candle_snapshot,,,,,,,0.00075629,0.0011,long,false,true,0,1,false,0,false,false,candle:record_missing,false,,false,true,false,partially_eligible,missing_candle,,1783321200
day7-v1,BRENTOIL,159,2026-07-06T08:00:00+00:00,1783324800000,lab/data/lighter_rwa_raw/BRENTOIL_candles_1h.json,lab/data/lighter_rwa_raw/BRENTOIL_fundings_1h.json,funding_only,train,pre_roll,unknown_from_public_candle_snapshot,,,,,,,0.00028452,0.0004,long,false,true,0,1,false,0,false,false,candle:record_missing,false,,false,true,false,partially_eligible,missing_candle,,1783324800
day7-v1,WTI,145,2026-07-06T08:00:00+00:00,1783324800000,lab/data/lighter_rwa_raw/WTI_candles_1h.json,lab/data/lighter_rwa_raw/WTI_fundings_1h.json,funding_only,train,pre_roll,unknown_from_public_candle_snapshot,,,,,,,0.00183438,0.0027,long,false,true,0,1,false,0,false,false,candle:record_missing,false,,false,true,false,partially_eligible,missing_candle,,1783324800
day7-v1,BRENTOIL,159,2026-07-06T09:00:00+00:00,1783328400000,lab/data/lighter_rwa_raw/BRENTOIL_candles_1h.json,lab/data/lighter_rwa_raw/BRENTOIL_fundings_1h.json,funding_only,train,pre_roll,unknown_from_public_candle_snapshot,,,,,,,0.00028608,0.0004,long,false,true,0,1,false,0,false,false,candle:record_missing,false,,false,true,false,partially_eligible,missing_candle,,1783328400
day7-v1,WTI,145,2026-07-06T09:00:00+00:00,1783328400000,lab/data/lighter_rwa_raw/WTI_candles_1h.json,lab/data/lighter_rwa_raw/WTI_fundings_1h.json,funding_only,train,pre_roll,unknown_from_public_candle_snapshot,,,,,,,0.00054564,0.0008,long,false,true,0,1,false,0,false,false,candle:record_missing,false,,false,true,false,partially_eligible,missing_candle,,1783328400
day7-v1,BRENTOIL,159,2026-07-06T10:00:00+00:00,1783332000000,lab/data/lighter_rwa_raw/BRENTOIL_candles_1h.json,lab/data/lighter_rwa_raw/BRENTOIL_fundings_1h.json,funding_only,train,pre_roll,unknown_from_public_candle_snapshot,,,,,,,0.00028652,0.0004,long,false,true,0,1,false,0,false,false,candle:record_missing,false,,false,true,false,partially_eligible,missing_candle,,1783332000
day7-v1,WTI,145,2026-07-06T10:00:00+00:00,1783332000000,lab/data/lighter_rwa_raw/WTI_candles_1h.json,lab/data/lighter_rwa_raw/WTI_fundings_1h.json,funding_only,train,pre_roll,unknown_from_public_candle_snapshot,,,,,,,0.00027316,0.0004,long,false,true,0,1,false,0,false,false,candle:record_missing,false,,false,true,false,partially_eligible,missing_candle,,1783332000
day7-v1,BRENTOIL,159,2026-07-06T11:00:00+00:00,1783335600000,lab/data/lighter_rwa_raw/BRENTOIL_candles_1h.json,lab/data/lighter_rwa_raw/BRENTOIL_fundings_1h.json,funding_only,train,pre_roll,unknown_from_public_candle_snapshot,,,,,,,0.00028800,0.0004,long,false,true,0,1,false,0,false,false,candle:record_missing,false,,false,true,false,partially_eligible,missing_candle,,1783335600
day7-v1,WTI,145,2026-07-06T11:00:00+00:00,1783335600000,lab/data/lighter_rwa_raw/WTI_candles_1h.json,lab/data/lighter_rwa_raw/WTI_fundings_1h.json,funding_only,train,pre_roll,unknown_from_public_candle_snapshot,,,,,,,0.00027436,0.0004,long,false,true,0,1,false,0,false,false,candle:record_missing,false,,false,true,false,partially_eligible,missing_candle,,1783335600
day7-v1,BRENTOIL,159,2026-07-06T12:00:00+00:00,1783339200000,lab/data/lighter_rwa_raw/BRENTOIL_candles_1h.json,lab/data/lighter_rwa_raw/BRENTOIL_fundings_1h.json,funding_only,train,pre_roll,unknown_from_public_candle_snapshot,,,,,,,0.00028820,0.0004,long,false,true,0,1,false,0,false,false,candle:record_missing,false,,false,true,false,partially_eligible,missing_candle,,1783339200
day7-v1,WTI,145,2026-07-06T12:00:00+00:00,1783339200000,lab/data/lighter_rwa_raw/WTI_candles_1h.json,lab/data/lighter_rwa_raw/WTI_fundings_1h.json,funding_only,train,pre_roll,unknown_from_public_candle_snapshot,,,,,,,0.00027458,0.0004,long,false,true,0,1,false,0,false,false,candle:record_missing,false,,false,true,false,partially_eligible,missing_candle,,1783339200
day7-v1,BRENTOIL,159,2026-07-06T13:00:00+00:00,1783342800000,lab/data/lighter_rwa_raw/BRENTOIL_candles_1h.json,lab/data/lighter_rwa_raw/BRENTOIL_fundings_1h.json,funding_only,train,pre_roll,unknown_from_public_candle_snapshot,,,,,,,0.00028716,0.0004,long,false,true,0,1,false,0,false,false,candle:record_missing,false,,false,true,false,partially_eligible,missing_candle,,1783342800
day7-v1,WTI,145,2026-07-06T13:00:00+00:00,1783342800000,lab/data/lighter_rwa_raw/WTI_candles_1h.json,lab/data/lighter_rwa_raw/WTI_fundings_1h.json,funding_only,train,pre_roll,unknown_from_public_candle_snapshot,,,,,,,0.00129732,0.0019,long,false,true,0,1,false,0,false,false,candle:record_missing,false,,false,true,false,partially_eligible,missing_candle,,1783342800
day7-v1,BRENTOIL,159,2026-07-06T14:00:00+00:00,1783346400000,lab/data/lighter_rwa_raw/BRENTOIL_candles_1h.json,lab/data/lighter_rwa_raw/BRENTOIL_fundings_1h.json,funding_only,train,pre_roll,unknown_from_public_candle_snapshot,,,,,,,0.00028856,0.0004,long,false,true,0,1,false,0,false,false,candle:record_missing,false,,false,true,false,partially_eligible,missing_candle,,1783346400
day7-v1,WTI,145,2026-07-06T14:00:00+00:00,1783346400000,lab/data/lighter_rwa_raw/WTI_candles_1h.json,lab/data/lighter_rwa_raw/WTI_fundings_1h.json,funding_only,train,pre_roll,unknown_from_public_candle_snapshot,,,,,,,0.00027486,0.0004,long,false,true,0,1,false,0,false,false,candle:record_missing,false,,false,true,false,partially_eligible,missing_candle,,1783346400
day7-v1,BRENTOIL,159,2026-07-06T15:00:00+00:00,1783350000000,lab/data/lighter_rwa_raw/BRENTOIL_candles_1h.json,lab/data/lighter_rwa_raw/BRENTOIL_fundings_1h.json,funding_only,train,pre_roll,unknown_from_public_candle_snapshot,,,,,,,0.00028892,0.0004,long,false,true,0,1,false,0,false,false,candle:record_missing,false,,false,true,false,partially_eligible,missing_candle,,1783350000
day7-v1,WTI,145,2026-07-06T15:00:00+00:00,1783350000000,lab/data/lighter_rwa_raw/WTI_candles_1h.json,lab/data/lighter_rwa_raw/WTI_fundings_1h.json,funding_only,train,pre_roll,unknown_from_public_candle_snapshot,,,,,,,0.00027504,0.0004,long,false,true,0,1,false,0,false,false,candle:record_missing,false,,false,true,false,partially_eligible,missing_candle,,1783350000
day7-v1,BRENTOIL,159,2026-07-06T16:00:00+00:00,1783353600000,lab/data/lighter_rwa_raw/BRENTOIL_candles_1h.json,lab/data/lighter_rwa_raw/BRENTOIL_fundings_1h.json,funding_only,train,pre_roll,unknown_from_public_candle_snapshot,,,,,,,0.00028860,0.0004,long,false,true,0,1,false,0,false,false,candle:record_missing,false,,false,true,false,partially_eligible,missing_candle,,1783353600
day7-v1,WTI,145,2026-07-06T16:00:00+00:00,1783353600000,lab/data/lighter_rwa_raw/WTI_candles_1h.json,lab/data/lighter_rwa_raw/WTI_fundings_1h.json,funding_only,train,pre_roll,unknown_from_public_candle_snapshot,,,,,,,0.00116856,0.0017,long,false,true,0,1,false,0,false,false,candle:record_missing,false,,false,true,false,partially_eligible,missing_candle,,1783353600
day7-v1,BRENTOIL,159,2026-07-06T17:00:00+00:00,1783357200000,lab/data/lighter_rwa_raw/BRENTOIL_candles_1h.json,lab/data/lighter_rwa_raw/BRENTOIL_fundings_1h.json,funding_only,train,pre_roll,unknown_from_public_candle_snapshot,,,,,,,0.00028708,0.0004,long,false,true,0,1,false,0,false,false,candle:record_missing,false,,false,true,false,partially_eligible,missing_candle,,1783357200
day7-v1,WTI,145,2026-07-06T17:00:00+00:00,1783357200000,lab/data/lighter_rwa_raw/WTI_candles_1h.json,lab/data/lighter_rwa_raw/WTI_fundings_1h.json,funding_only,train,pre_roll,unknown_from_public_candle_snapshot,,,,,,,0.00307368,0.0045,long,false,true,0,1,false,0,false,false,candle:record_missing,false,,false,true,false,partially_eligible,missing_candle,,1783357200
day7-v1,BRENTOIL,159,2026-07-06T18:00:00+00:00,1783360800000,lab/data/lighter_rwa_raw/BRENTOIL_candles_1h.json,lab/data/lighter_rwa_raw/BRENTOIL_fundings_1h.json,funding_only,train,pre_roll,unknown_from_public_candle_snapshot,,,,,,,0.00028772,0.0004,long,false,true,0,1,false,0,false,false,candle:record_missing,false,,false,true,false,partially_eligible,missing_candle,,1783360800
day7-v1,WTI,145,2026-07-06T18:00:00+00:00,1783360800000,lab/data/lighter_rwa_raw/WTI_candles_1h.json,lab/data/lighter_rwa_raw/WTI_fundings_1h.json,funding_only,train,pre_roll,unknown_from_public_candle_snapshot,,,,,,,0.00185015,0.0027,long,false,true,0,1,false,0,false,false,candle:record_missing,false,,false,true,false,partially_eligible,missing_candle,,1783360800
day7-v1,BRENTOIL,159,2026-07-06T19:00:00+00:00,1783364400000,lab/data/lighter_rwa_raw/BRENTOIL_candles_1h.json,lab/data/lighter_rwa_raw/BRENTOIL_fundings_1h.json,funding_only,train,pre_roll,unknown_from_public_candle_snapshot,,,,,,,0.00028792,0.0004,long,false,true,0,1,false,0,false,false,candle:record_missing,false,,false,true,false,partially_eligible,missing_candle,,1783364400
day7-v1,WTI,145,2026-07-06T19:00:00+00:00,1783364400000,lab/data/lighter_rwa_raw/WTI_candles_1h.json,lab/data/lighter_rwa_raw/WTI_fundings_1h.json,funding_only,train,pre_roll,unknown_from_public_candle_snapshot,,,,,,,0.00089114,0.0013,long,false,true,0,1,false,0,false,false,candle:record_missing,false,,false,true,false,partially_eligible,missing_candle,,1783364400
day7-v1,BRENTOIL,159,2026-07-06T20:00:00+00:00,1783368000000,lab/data/lighter_rwa_raw/BRENTOIL_candles_1h.json,lab/data/lighter_rwa_raw/BRENTOIL_fundings_1h.json,funding_only,train,pre_roll,unknown_from_public_candle_snapshot,,,,,,,0.00028828,0.0004,long,false,true,0,1,false,0,false,false,candle:record_missing,false,,false,true,false,partially_eligible,missing_candle,,1783368000
day7-v1,WTI,145,2026-07-06T20:00:00+00:00,1783368000000,lab/data/lighter_rwa_raw/WTI_candles_1h.json,lab/data/lighter_rwa_raw/WTI_fundings_1h.json,funding_only,train,pre_roll,unknown_from_public_candle_snapshot,,,,,,,0.00027474,0.0004,long,false,true,0,1,false,0,false,false,candle:record_missing,false,,false,true,false,partially_eligible,missing_candle,,1783368000
day7-v1,BRENTOIL,159,2026-07-06T21:00:00+00:00,1783371600000,lab/data/lighter_rwa_raw/BRENTOIL_candles_1h.json,lab/data/lighter_rwa_raw/BRENTOIL_fundings_1h.json,funding_only,train,pre_roll,unknown_from_public_candle_snapshot,,,,,,,0.00028796,0.0004,long,false,true,0,1,false,0,false,false,candle:record_missing,false,,false,true,false,partially_eligible,missing_candle,,1783371600
day7-v1,WTI,145,2026-07-06T21:00:00+00:00,1783371600000,lab/data/lighter_rwa_raw/WTI_candles_1h.json,lab/data/lighter_rwa_raw/WTI_fundings_1h.json,funding_only,train,pre_roll,unknown_from_public_candle_snapshot,,,,,,,0.00246949,0.0036,long,false,true,0,1,false,0,false,false,candle:record_missing,false,,false,true,false,partially_eligible,missing_candle,,1783371600
day7-v1,BRENTOIL,159,2026-07-06T22:00:00+00:00,1783375200000,lab/data/lighter_rwa_raw/BRENTOIL_candles_1h.json,lab/data/lighter_rwa_raw/BRENTOIL_fundings_1h.json,funding_only,train,pre_roll,unknown_from_public_candle_snapshot,,,,,,,0.00086436,0.0012,long,false,true,0,1,false,0,false,false,candle:record_missing,false,,false,true,false,partially_eligible,missing_candle,,1783375200
day7-v1,WTI,145,2026-07-06T22:00:00+00:00,1783375200000,lab/data/lighter_rwa_raw/WTI_candles_1h.json,lab/data/lighter_rwa_raw/WTI_fundings_1h.json,funding_only,train,pre_roll,unknown_from_public_candle_snapshot,,,,,,,0.00096170,0.0014,long,false,true,0,1,false,0,false,false,candle:record_missing,false,,false,true,false,partially_eligible,missing_candle,,1783375200
day7-v1,BRENTOIL,159,2026-07-06T23:00:00+00:00,1783378800000,lab/data/lighter_rwa_raw/BRENTOIL_candles_1h.json,lab/data/lighter_rwa_raw/BRENTOIL_fundings_1h.json,funding_only,train,pre_roll,unknown_from_public_candle_snapshot,,,,,,,0.00050484,0.0007,long,false,true,0,1,false,0,false,false,candle:record_missing,false,,false,true,false,partially_eligible,missing_candle,,1783378800
day7-v1,WTI,145,2026-07-06T23:00:00+00:00,1783378800000,lab/data/lighter_rwa_raw/WTI_candles_1h.json,lab/data/lighter_rwa_raw/WTI_fundings_1h.json,funding_only,train,pre_roll,unknown_from_public_candle_snapshot,,,,,,,0.00185639,0.0027,long,false,true,0,1,false,0,false,false,candle:record_missing,false,,false,true,false,partially_eligible,missing_candle,,1783378800
day7-v1,BRENTOIL,159,2026-07-07T00:00:00+00:00,1783382400000,lab/data/lighter_rwa_raw/BRENTOIL_candles_1h.json,lab/data/lighter_rwa_raw/BRENTOIL_fundings_1h.json,funding_only,train,pre_roll,unknown_from_public_candle_snapshot,,,,,,,0.00057768,0.0008,long,false,true,0,1,false,0,false,false,candle:record_missing,false,,false,true,false,partially_eligible,missing_candle,,1783382400
day7-v1,WTI,145,2026-07-07T00:00:00+00:00,1783382400000,lab/data/lighter_rwa_raw/WTI_candles_1h.json,lab/data/lighter_rwa_raw/WTI_fundings_1h.json,funding_only,train,pre_roll,unknown_from_public_candle_snapshot,,,,,,,0.00096250,0.0014,long,false,true,0,1,false,0,false,false,candle:record_missing,false,,false,true,false,partially_eligible,missing_candle,,1783382400
day7-v1,BRENTOIL,159,2026-07-07T01:00:00+00:00,1783386000000,lab/data/lighter_rwa_raw/BRENTOIL_candles_1h.json,lab/data/lighter_rwa_raw/BRENTOIL_fundings_1h.json,funding_only,train,pre_roll,unknown_from_public_candle_snapshot,,,,,,,0.00065079,0.0009,long,false,true,0,1,false,0,false,false,candle:record_missing,false,,false,true,false,partially_eligible,missing_candle,,1783386000
day7-v1,WTI,145,2026-07-07T01:00:00+00:00,1783386000000,lab/data/lighter_rwa_raw/WTI_candles_1h.json,lab/data/lighter_rwa_raw/WTI_fundings_1h.json,funding_only,train,pre_roll,unknown_from_public_candle_snapshot,,,,,,,0.00254834,0.0037,long,false,true,0,1,false,0,false,false,candle:record_missing,false,,false,true,false,partially_eligible,missing_candle,,1783386000
day7-v1,BRENTOIL,159,2026-07-07T02:00:00+00:00,1783389600000,lab/data/lighter_rwa_raw/BRENTOIL_candles_1h.json,lab/data/lighter_rwa_raw/BRENTOIL_fundings_1h.json,funding_only,train,pre_roll,unknown_from_public_candle_snapshot,,,,,,,0.00028996,0.0004,long,false,true,0,1,false,0,false,false,candle:record_missing,false,,false,true,false,partially_eligible,missing_candle,,1783389600
day7-v1,WTI,145,2026-07-07T02:00:00+00:00,1783389600000,lab/data/lighter_rwa_raw/WTI_candles_1h.json,lab/data/lighter_rwa_raw/WTI_fundings_1h.json,funding_only,train,pre_roll,unknown_from_public_candle_snapshot,,,,,,,0.00027628,0.0004,long,false,true,0,1,false,0,false,false,candle:record_missing,false,,false,true,false,partially_eligible,missing_candle,,1783389600
day7-v1,BRENTOIL,159,2026-07-07T03:00:00+00:00,1783393200000,lab/data/lighter_rwa_raw/BRENTOIL_candles_1h.json,lab/data/lighter_rwa_raw/BRENTOIL_fundings_1h.json,funding_only,train,pre_roll,unknown_from_public_candle_snapshot,,,,,,,0.00028988,0.0004,long,false,true,0,1,false,0,false,false,candle:record_missing,false,,false,true,false,partially_eligible,missing_candle,,1783393200
day7-v1,WTI,145,2026-07-07T03:00:00+00:00,1783393200000,lab/data/lighter_rwa_raw/WTI_candles_1h.json,lab/data/lighter_rwa_raw/WTI_fundings_1h.json,funding_only,train,pre_roll,unknown_from_public_candle_snapshot,,,,,,,0.00027597,0.0004,long,false,true,0,1,false,0,false,false,candle:record_missing,false,,false,true,false,partially_eligible,missing_candle,,1783393200
day7-v1,BRENTOIL,159,2026-07-07T04:00:00+00:00,1783396800000,lab/data/lighter_rwa_raw/BRENTOIL_candles_1h.json,lab/data/lighter_rwa_raw/BRENTOIL_fundings_1h.json,funding_only,train,pre_roll,unknown_from_public_candle_snapshot,,,,,,,0.00028980,0.0004,long,false,true,0,1,false,0,false,false,candle:record_missing,false,,false,true,false,partially_eligible,missing_candle,,1783396800
day7-v1,WTI,145,2026-07-07T04:00:00+00:00,1783396800000,lab/data/lighter_rwa_raw/WTI_candles_1h.json,lab/data/lighter_rwa_raw/WTI_fundings_1h.json,funding_only,train,pre_roll,unknown_from_public_candle_snapshot,,,,,,,0.00130986,0.0019,long,false,true,0,1,false,0,false,false,candle:record_missing,false,,false,true,false,partially_eligible,missing_candle,,1783396800
day7-v1,BRENTOIL,159,2026-07-07T05:00:00+00:00,1783400400000,lab/data/lighter_rwa_raw/BRENTOIL_candles_1h.json,lab/data/lighter_rwa_raw/BRENTOIL_fundings_1h.json,funding_only,train,pre_roll,unknown_from_public_candle_snapshot,,,,,,,0.00028992,0.0004,long,false,true,0,1,false,0,false,false,candle:record_missing,false,,false,true,false,partially_eligible,missing_candle,,1783400400
day7-v1,WTI,145,2026-07-07T05:00:00+00:00,1783400400000,lab/data/lighter_rwa_raw/WTI_candles_1h.json,lab/data/lighter_rwa_raw/WTI_fundings_1h.json,funding_only,train,pre_roll,unknown_from_public_candle_snapshot,,,,,,,0.00227601,0.0033,long,false,true,0,1,false,0,false,false,candle:record_missing,false,,false,true,false,partially_eligible,missing_candle,,1783400400
day7-v1,BRENTOIL,159,2026-07-07T06:00:00+00:00,1783404000000,lab/data/lighter_rwa_raw/BRENTOIL_candles_1h.json,lab/data/lighter_rwa_raw/BRENTOIL_fundings_1h.json,funding_only,train,pre_roll,unknown_from_public_candle_snapshot,,,,,,,0.00029136,0.0004,long,false,true,0,1,false,0,false,false,candle:record_missing,false,,false,true,false,partially_eligible,missing_candle,,1783404000
day7-v1,WTI,145,2026-07-07T06:00:00+00:00,1783404000000,lab/data/lighter_rwa_raw/WTI_candles_1h.json,lab/data/lighter_rwa_raw/WTI_fundings_1h.json,funding_only,train,pre_roll,unknown_from_public_candle_snapshot,,,,,,,0.00180333,0.0026,long,false,true,0,1,false,0,false,false,candle:record_missing,false,,false,true,false,partially_eligible,missing_candle,,1783404000
day7-v1,BRENTOIL,159,2026-07-07T07:00:00+00:00,1783407600000,lab/data/lighter_rwa_raw/BRENTOIL_candles_1h.json,lab/data/lighter_rwa_raw/BRENTOIL_fundings_1h.json,funding_only,train,pre_roll,unknown_from_public_candle_snapshot,,,,,,,0.00029188,0.0004,long,false,true,0,1,false,0,false,false,candle:record_missing,false,,false,true,false,partially_eligible,missing_candle,,1783407600
day7-v1,WTI,145,2026-07-07T07:00:00+00:00,1783407600000,lab/data/lighter_rwa_raw/WTI_candles_1h.json,lab/data/lighter_rwa_raw/WTI_fundings_1h.json,funding_only,train,pre_roll,unknown_from_public_candle_snapshot,,,,,,,0.00027774,0.0004,long,false,true,0,1,false,0,false,false,candle:record_missing,false,,false,true,false,partially_eligible,missing_candle,,1783407600
day7-v1,BRENTOIL,159,2026-07-07T08:00:00+00:00,1783411200000,lab/data/lighter_rwa_raw/BRENTOIL_candles_1h.json,lab/data/lighter_rwa_raw/BRENTOIL_fundings_1h.json,funding_only,train,pre_roll,unknown_from_public_candle_snapshot,,,,,,,0.00029140,0.0004,long,false,true,0,1,false,0,false,false,candle:record_missing,false,,false,true,false,partially_eligible,missing_candle,,1783411200
day7-v1,WTI,145,2026-07-07T08:00:00+00:00,1783411200000,lab/data/lighter_rwa_raw/WTI_candles_1h.json,lab/data/lighter_rwa_raw/WTI_fundings_1h.json,funding_only,train,pre_roll,unknown_from_public_candle_snapshot,,,,,,,0.00097097,0.0014,long,false,true,0,1,false,0,false,false,candle:record_missing,false,,false,true,false,partially_eligible,missing_candle,,1783411200
day7-v1,BRENTOIL,159,2026-07-07T09:00:00+00:00,1783414800000,lab/data/lighter_rwa_raw/BRENTOIL_candles_1h.json,lab/data/lighter_rwa_raw/BRENTOIL_fundings_1h.json,funding_only,train,pre_roll,unknown_from_public_candle_snapshot,,,,,,,0.00029148,0.0004,long,false,true,0,1,false,0,false,false,candle:record_missing,false,,false,true,false,partially_eligible,missing_candle,,1783414800
day7-v1,WTI,145,2026-07-07T09:00:00+00:00,1783414800000,lab/data/lighter_rwa_raw/WTI_candles_1h.json,lab/data/lighter_rwa_raw/WTI_fundings_1h.json,funding_only,train,pre_roll,unknown_from_public_candle_snapshot,,,,,,,0.00027740,0.0004,long,false,true,0,1,false,0,false,false,candle:record_missing,false,,false,true,false,partially_eligible,missing_candle,,1783414800
day7-v1,BRENTOIL,159,2026-07-07T10:00:00+00:00,1783418400000,lab/data/lighter_rwa_raw/BRENTOIL_candles_1h.json,lab/data/lighter_rwa_raw/BRENTOIL_fundings_1h.json,funding_only,train,pre_roll,unknown_from_public_candle_snapshot,,,,,,,0.00029148,0.0004,long,false,true,0,1,false,0,false,false,candle:record_missing,false,,false,true,false,partially_eligible,missing_candle,,1783418400
day7-v1,WTI,145,2026-07-07T10:00:00+00:00,1783418400000,lab/data/lighter_rwa_raw/WTI_candles_1h.json,lab/data/lighter_rwa_raw/WTI_fundings_1h.json,funding_only,train,pre_roll,unknown_from_public_candle_snapshot,,,,,,,0.00103920,0.0015,long,false,true,0,1,false,0,false,false,candle:record_missing,false,,false,true,false,partially_eligible,missing_candle,,1783418400
day7-v1,BRENTOIL,159,2026-07-07T11:00:00+00:00,1783422000000,lab/data/lighter_rwa_raw/BRENTOIL_candles_1h.json,lab/data/lighter_rwa_raw/BRENTOIL_fundings_1h.json,funding_only,train,pre_roll,unknown_from_public_candle_snapshot,,,,,,,0.00029188,0.0004,long,false,true,0,1,false,0,false,false,candle:record_missing,false,,false,true,false,partially_eligible,missing_candle,,1783422000
day7-v1,WTI,145,2026-07-07T11:00:00+00:00,1783422000000,lab/data/lighter_rwa_raw/WTI_candles_1h.json,lab/data/lighter_rwa_raw/WTI_fundings_1h.json,funding_only,train,pre_roll,unknown_from_public_candle_snapshot,,,,,,,0.00222048,0.0032,long,false,true,0,1,false,0,false,false,candle:record_missing,false,,false,true,false,partially_eligible,missing_candle,,1783422000
day7-v1,BRENTOIL,159,2026-07-07T12:00:00+00:00,1783425600000,lab/data/lighter_rwa_raw/BRENTOIL_candles_1h.json,lab/data/lighter_rwa_raw/BRENTOIL_fundings_1h.json,funding_only,train,pre_roll,unknown_from_public_candle_snapshot,,,,,,,0.00029028,0.0004,long,false,true,0,1,false,0,false,false,candle:record_missing,false,,false,true,false,partially_eligible,missing_candle,,1783425600
day7-v1,WTI,145,2026-07-07T12:00:00+00:00,1783425600000,lab/data/lighter_rwa_raw/WTI_candles_1h.json,lab/data/lighter_rwa_raw/WTI_fundings_1h.json,funding_only,train,pre_roll,unknown_from_public_candle_snapshot,,,,,,,0.00186368,0.0027,long,false,true,0,1,false,0,false,false,candle:record_missing,false,,false,true,false,partially_eligible,missing_candle,,1783425600
day7-v1,BRENTOIL,159,2026-07-07T13:00:00+00:00,1783429200000,lab/data/lighter_rwa_raw/BRENTOIL_candles_1h.json,lab/data/lighter_rwa_raw/BRENTOIL_fundings_1h.json,funding_only,train,pre_roll,unknown_from_public_candle_snapshot,,,,,,,0.00029032,0.0004,long,false,true,0,1,false,0,false,false,candle:record_missing,false,,false,true,false,partially_eligible,missing_candle,,1783429200
day7-v1,WTI,145,2026-07-07T13:00:00+00:00,1783429200000,lab/data/lighter_rwa_raw/WTI_candles_1h.json,lab/data/lighter_rwa_raw/WTI_fundings_1h.json,funding_only,train,pre_roll,unknown_from_public_candle_snapshot,,,,,,,0.00027650,0.0004,long,false,true,0,1,false,0,false,false,candle:record_missing,false,,false,true,false,partially_eligible,missing_candle,,1783429200
day7-v1,BRENTOIL,159,2026-07-07T14:00:00+00:00,1783432800000,lab/data/lighter_rwa_raw/BRENTOIL_candles_1h.json,lab/data/lighter_rwa_raw/BRENTOIL_fundings_1h.json,funding_only,train,pre_roll,unknown_from_public_candle_snapshot,,,,,,,0.00029424,0.0004,long,false,true,0,1,false,0,false,false,candle:record_missing,false,,false,true,false,partially_eligible,missing_candle,,1783432800
day7-v1,WTI,145,2026-07-07T14:00:00+00:00,1783432800000,lab/data/lighter_rwa_raw/WTI_candles_1h.json,lab/data/lighter_rwa_raw/WTI_fundings_1h.json,funding_only,train,pre_roll,unknown_from_public_candle_snapshot,,,,,,,0.00028014,0.0004,long,false,true,0,1,false,0,false,false,candle:record_missing,false,,false,true,false,partially_eligible,missing_candle,,1783432800
day7-v1,BRENTOIL,159,2026-07-07T15:00:00+00:00,1783436400000,lab/data/lighter_rwa_raw/BRENTOIL_candles_1h.json,lab/data/lighter_rwa_raw/BRENTOIL_fundings_1h.json,funding_only,train,pre_roll,unknown_from_public_candle_snapshot,,,,,,,0.00029508,0.0004,long,false,true,0,1,false,0,false,false,candle:record_missing,false,,false,true,false,partially_eligible,missing_candle,,1783436400
day7-v1,WTI,145,2026-07-07T15:00:00+00:00,1783436400000,lab/data/lighter_rwa_raw/WTI_candles_1h.json,lab/data/lighter_rwa_raw/WTI_fundings_1h.json,funding_only,train,pre_roll,unknown_from_public_candle_snapshot,,,,,,,0.00028094,0.0004,long,false,true,0,1,false,0,false,false,candle:record_missing,false,,false,true,false,partially_eligible,missing_candle,,1783436400
day7-v1,BRENTOIL,159,2026-07-07T16:00:00+00:00,1783440000000,lab/data/lighter_rwa_raw/BRENTOIL_candles_1h.json,lab/data/lighter_rwa_raw/BRENTOIL_fundings_1h.json,funding_only,train,pre_roll,unknown_from_public_candle_snapshot,,,,,,,0.00029580,0.0004,long,false,true,0,1,false,0,false,false,candle:record_missing,false,,false,true,false,partially_eligible,missing_candle,,1783440000
day7-v1,WTI,145,2026-07-07T16:00:00+00:00,1783440000000,lab/data/lighter_rwa_raw/WTI_candles_1h.json,lab/data/lighter_rwa_raw/WTI_fundings_1h.json,funding_only,train,pre_roll,unknown_from_public_candle_snapshot,,,,,,,0.00028138,0.0004,long,false,true,0,1,false,0,false,false,candle:record_missing,false,,false,true,false,partially_eligible,missing_candle,,1783440000
day7-v1,BRENTOIL,159,2026-07-07T17:00:00+00:00,1783443600000,lab/data/lighter_rwa_raw/BRENTOIL_candles_1h.json,lab/data/lighter_rwa_raw/BRENTOIL_fundings_1h.json,funding_only,train,pre_roll,unknown_from_public_candle_snapshot,,,,,,,0.00029644,0.0004,long,false,true,0,1,false,0,false,false,candle:record_missing,false,,false,true,false,partially_eligible,missing_candle,,1783443600
day7-v1,WTI,145,2026-07-07T17:00:00+00:00,1783443600000,lab/data/lighter_rwa_raw/WTI_candles_1h.json,lab/data/lighter_rwa_raw/WTI_fundings_1h.json,funding_only,train,pre_roll,unknown_from_public_candle_snapshot,,,,,,,0.00154968,0.0022,long,false,true,0,1,false,0,false,false,candle:record_missing,false,,false,true,false,partially_eligible,missing_candle,,1783443600
day7-v1,BRENTOIL,159,2026-07-07T18:00:00+00:00,1783447200000,lab/data/lighter_rwa_raw/BRENTOIL_candles_1h.json,lab/data/lighter_rwa_raw/BRENTOIL_fundings_1h.json,funding_only,train,pre_roll,unknown_from_public_candle_snapshot,,,,,,,0.00029648,0.0004,long,false,true,0,1,false,0,false,false,candle:record_missing,false,,false,true,false,partially_eligible,missing_candle,,1783447200
day7-v1,WTI,145,2026-07-07T18:00:00+00:00,1783447200000,lab/data/lighter_rwa_raw/WTI_candles_1h.json,lab/data/lighter_rwa_raw/WTI_fundings_1h.json,funding_only,train,pre_roll,unknown_from_public_candle_snapshot,,,,,,,0.00028170,0.0004,long,false,true,0,1,false,0,false,false,candle:record_missing,false,,false,true,false,partially_eligible,missing_candle,,1783447200
day7-v1,BRENTOIL,159,2026-07-07T19:00:00+00:00,1783450800000,lab/data/lighter_rwa_raw/BRENTOIL_candles_1h.json,lab/data/lighter_rwa_raw/BRENTOIL_fundings_1h.json,funding_only,train,pre_roll,unknown_from_public_candle_snapshot,,,,,,,0.00030024,0.0004,long,false,true,0,1,false,0,false,false,candle:record_missing,false,,false,true,false,partially_eligible,missing_candle,,1783450800
day7-v1,WTI,145,2026-07-07T19:00:00+00:00,1783450800000,lab/data/lighter_rwa_raw/WTI_candles_1h.json,lab/data/lighter_rwa_raw/WTI_fundings_1h.json,funding_only,train,pre_roll,unknown_from_public_candle_snapshot,,,,,,,0.00028578,0.0004,long,false,true,0,1,false,0,false,false,candle:record_missing,false,,false,true,false,partially_eligible,missing_candle,,1783450800
day7-v1,BRENTOIL,159,2026-07-07T20:00:00+00:00,1783454400000,lab/data/lighter_rwa_raw/BRENTOIL_candles_1h.json,lab/data/lighter_rwa_raw/BRENTOIL_fundings_1h.json,funding_only,train,pre_roll,unknown_from_public_candle_snapshot,,,,,,,0.00030268,0.0004,long,false,true,0,1,false,0,false,false,candle:record_missing,false,,false,true,false,partially_eligible,missing_candle,,1783454400
day7-v1,WTI,145,2026-07-07T20:00:00+00:00,1783454400000,lab/data/lighter_rwa_raw/WTI_candles_1h.json,lab/data/lighter_rwa_raw/WTI_fundings_1h.json,funding_only,train,pre_roll,unknown_from_public_candle_snapshot,,,,,,,0.00028762,0.0004,long,false,true,0,1,false,0,false,false,candle:record_missing,false,,false,true,false,partially_eligible,missing_candle,,1783454400
day7-v1,BRENTOIL,159,2026-07-07T21:00:00+00:00,1783458000000,lab/data/lighter_rwa_raw/BRENTOIL_candles_1h.json,lab/data/lighter_rwa_raw/BRENTOIL_fundings_1h.json,funding_only,train,pre_roll,unknown_from_public_candle_snapshot,,,,,,,0.00030348,0.0004,long,false,true,0,1,false,0,false,false,candle:record_missing,false,,false,true,false,partially_eligible,missing_candle,,1783458000
day7-v1,WTI,145,2026-07-07T21:00:00+00:00,1783458000000,lab/data/lighter_rwa_raw/WTI_candles_1h.json,lab/data/lighter_rwa_raw/WTI_fundings_1h.json,funding_only,train,pre_roll,unknown_from_public_candle_snapshot,,,,,,,0.00028880,0.0004,long,false,true,0,1,false,0,false,false,candle:record_missing,false,,false,true,false,partially_eligible,missing_candle,,1783458000
day7-v1,BRENTOIL,159,2026-07-07T22:00:00+00:00,1783461600000,lab/data/lighter_rwa_raw/BRENTOIL_candles_1h.json,lab/data/lighter_rwa_raw/BRENTOIL_fundings_1h.json,funding_only,train,pre_roll,unknown_from_public_candle_snapshot,,,,,,,0.00091104,0.0012,short,false,true,0,1,false,0,false,false,candle:record_missing,false,,false,true,false,partially_eligible,missing_candle,,1783461600
day7-v1,WTI,145,2026-07-07T22:00:00+00:00,1783461600000,lab/data/lighter_rwa_raw/WTI_candles_1h.json,lab/data/lighter_rwa_raw/WTI_fundings_1h.json,funding_only,train,pre_roll,unknown_from_public_candle_snapshot,,,,,,,0.00861953,0.0119,long,false,true,0,1,false,0,false,false,candle:record_missing,false,,false,true,false,partially_eligible,missing_candle,,1783461600
day7-v1,BRENTOIL,159,2026-07-07T23:00:00+00:00,1783465200000,lab/data/lighter_rwa_raw/BRENTOIL_candles_1h.json,lab/data/lighter_rwa_raw/BRENTOIL_fundings_1h.json,funding_only,train,pre_roll,unknown_from_public_candle_snapshot,,,,,,,0.00982464,0.0129,long,false,true,0,1,false,0,false,false,candle:record_missing,false,,false,true,false,partially_eligible,missing_candle,,1783465200
day7-v1,WTI,145,2026-07-07T23:00:00+00:00,1783465200000,lab/data/lighter_rwa_raw/WTI_candles_1h.json,lab/data/lighter_rwa_raw/WTI_fundings_1h.json,funding_only,train,pre_roll,unknown_from_public_candle_snapshot,,,,,,,0.00072459,0.0010,long,false,true,0,1,false,0,false,false,candle:record_missing,false,,false,true,false,partially_eligible,missing_candle,,1783465200
day7-v1,BRENTOIL,159,2026-07-08T00:00:00+00:00,1783468800000,lab/data/lighter_rwa_raw/BRENTOIL_candles_1h.json,lab/data/lighter_rwa_raw/BRENTOIL_fundings_1h.json,funding_only,train,pre_roll,unknown_from_public_candle_snapshot,,,,,,,0.00030472,0.0004,long,false,true,0,1,false,0,false,false,candle:record_missing,false,,false,true,false,partially_eligible,missing_candle,,1783468800
day7-v1,WTI,145,2026-07-08T00:00:00+00:00,1783468800000,lab/data/lighter_rwa_raw/WTI_candles_1h.json,lab/data/lighter_rwa_raw/WTI_fundings_1h.json,funding_only,train,pre_roll,unknown_from_public_candle_snapshot,,,,,,,0.00028966,0.0004,long,false,true,0,1,false,0,false,false,candle:record_missing,false,,false,true,false,partially_eligible,missing_candle,,1783468800
day7-v1,BRENTOIL,159,2026-07-08T01:00:00+00:00,1783472400000,lab/data/lighter_rwa_raw/BRENTOIL_candles_1h.json,lab/data/lighter_rwa_raw/BRENTOIL_fundings_1h.json,funding_only,train,pre_roll,unknown_from_public_candle_snapshot,,,,,,,0.00030288,0.0004,long,false,true,0,1,false,0,false,false,candle:record_missing,false,,false,true,false,partially_eligible,missing_candle,,1783472400
day7-v1,WTI,145,2026-07-08T01:00:00+00:00,1783472400000,lab/data/lighter_rwa_raw/WTI_candles_1h.json,lab/data/lighter_rwa_raw/WTI_fundings_1h.json,funding_only,train,pre_roll,unknown_from_public_candle_snapshot,,,,,,,0.00028794,0.0004,long,false,true,0,1,false,0,false,false,candle:record_missing,false,,false,true,false,partially_eligible,missing_candle,,1783472400
day7-v1,BRENTOIL,159,2026-07-08T02:00:00+00:00,1783476000000,lab/data/lighter_rwa_raw/BRENTOIL_candles_1h.json,lab/data/lighter_rwa_raw/BRENTOIL_fundings_1h.json,funding_only,train,pre_roll,unknown_from_public_candle_snapshot,,,,,,,0.00030336,0.0004,long,false,true,0,1,false,0,false,false,candle:record_missing,false,,false,true,false,partially_eligible,missing_candle,,1783476000
day7-v1,WTI,145,2026-07-08T02:00:00+00:00,1783476000000,lab/data/lighter_rwa_raw/WTI_candles_1h.json,lab/data/lighter_rwa_raw/WTI_fundings_1h.json,funding_only,train,pre_roll,unknown_from_public_candle_snapshot,,,,,,,0.00028852,0.0004,long,false,true,0,1,false,0,false,false,candle:record_missing,false,,false,true,false,partially_eligible,missing_candle,,1783476000
day7-v1,BRENTOIL,159,2026-07-08T03:00:00+00:00,1783479600000,lab/data/lighter_rwa_raw/BRENTOIL_candles_1h.json,lab/data/lighter_rwa_raw/BRENTOIL_fundings_1h.json,funding_only,train,pre_roll,unknown_from_public_candle_snapshot,,,,,,,0.00030404,0.0004,long,false,true,0,1,false,0,false,false,candle:record_missing,false,,false,true,false,partially_eligible,missing_candle,,1783479600
day7-v1,WTI,145,2026-07-08T03:00:00+00:00,1783479600000,lab/data/lighter_rwa_raw/WTI_candles_1h.json,lab/data/lighter_rwa_raw/WTI_fundings_1h.json,funding_only,train,pre_roll,unknown_from_public_candle_snapshot,,,,,,,0.00028900,0.0004,long,false,true,0,1,false,0,false,false,candle:record_missing,false,,false,true,false,partially_eligible,missing_candle,,1783479600
day7-v1,BRENTOIL,159,2026-07-08T04:00:00+00:00,1783483200000,lab/data/lighter_rwa_raw/BRENTOIL_candles_1h.json,lab/data/lighter_rwa_raw/BRENTOIL_fundings_1h.json,funding_only,train,pre_roll,unknown_from_public_candle_snapshot,,,,,,,0.00030436,0.0004,long,false,true,0,1,false,0,false,false,candle:record_missing,false,,false,true,false,partially_eligible,missing_candle,,1783483200
day7-v1,WTI,145,2026-07-08T04:00:00+00:00,1783483200000,lab/data/lighter_rwa_raw/WTI_candles_1h.json,lab/data/lighter_rwa_raw/WTI_fundings_1h.json,funding_only,train,pre_roll,unknown_from_public_candle_snapshot,,,,,,,0.00028906,0.0004,long,false,true,0,1,false,0,false,false,candle:record_missing,false,,false,true,false,partially_eligible,missing_candle,,1783483200
day7-v1,BRENTOIL,159,2026-07-08T05:00:00+00:00,1783486800000,lab/data/lighter_rwa_raw/BRENTOIL_candles_1h.json,lab/data/lighter_rwa_raw/BRENTOIL_fundings_1h.json,funding_only,train,pre_roll,unknown_from_public_candle_snapshot,,,,,,,0.00030468,0.0004,long,false,true,0,1,false,0,false,false,candle:record_missing,false,,false,true,false,partially_eligible,missing_candle,,1783486800
day7-v1,WTI,145,2026-07-08T05:00:00+00:00,1783486800000,lab/data/lighter_rwa_raw/WTI_candles_1h.json,lab/data/lighter_rwa_raw/WTI_fundings_1h.json,funding_only,train,pre_roll,unknown_from_public_candle_snapshot,,,,,,,0.00028944,0.0004,long,false,true,0,1,false,0,false,false,candle:record_missing,false,,false,true,false,partially_eligible,missing_candle,,1783486800
day7-v1,BRENTOIL,159,2026-07-08T06:00:00+00:00,1783490400000,lab/data/lighter_rwa_raw/BRENTOIL_candles_1h.json,lab/data/lighter_rwa_raw/BRENTOIL_fundings_1h.json,funding_only,train,pre_roll,unknown_from_public_candle_snapshot,,,,,,,0.00030644,0.0004,long,false,true,0,1,false,0,false,false,candle:record_missing,false,,false,true,false,partially_eligible,missing_candle,,1783490400
day7-v1,WTI,145,2026-07-08T06:00:00+00:00,1783490400000,lab/data/lighter_rwa_raw/WTI_candles_1h.json,lab/data/lighter_rwa_raw/WTI_fundings_1h.json,funding_only,train,pre_roll,unknown_from_public_candle_snapshot,,,,,,,0.00029110,0.0004,long,false,true,0,1,false,0,false,false,candle:record_missing,false,,false,true,false,partially_eligible,missing_candle,,1783490400
day7-v1,BRENTOIL,159,2026-07-08T07:00:00+00:00,1783494000000,lab/data/lighter_rwa_raw/BRENTOIL_candles_1h.json,lab/data/lighter_rwa_raw/BRENTOIL_fundings_1h.json,funding_only,train,pre_roll,unknown_from_public_candle_snapshot,,,,,,,0.00030568,0.0004,long,false,true,0,1,false,0,false,false,candle:record_missing,false,,false,true,false,partially_eligible,missing_candle,,1783494000
day7-v1,WTI,145,2026-07-08T07:00:00+00:00,1783494000000,lab/data/lighter_rwa_raw/WTI_candles_1h.json,lab/data/lighter_rwa_raw/WTI_fundings_1h.json,funding_only,train,pre_roll,unknown_from_public_candle_snapshot,,,,,,,0.00029028,0.0004,long,false,true,0,1,false,0,false,false,candle:record_missing,false,,false,true,false,partially_eligible,missing_candle,,1783494000
day7-v1,BRENTOIL,159,2026-07-08T08:00:00+00:00,1783497600000,lab/data/lighter_rwa_raw/BRENTOIL_candles_1h.json,lab/data/lighter_rwa_raw/BRENTOIL_fundings_1h.json,funding_only,train,pre_roll,unknown_from_public_candle_snapshot,,,,,,,0.00030392,0.0004,long,false,true,0,1,false,0,false,false,candle:record_missing,false,,false,true,false,partially_eligible,missing_candle,,1783497600
day7-v1,WTI,145,2026-07-08T08:00:00+00:00,1783497600000,lab/data/lighter_rwa_raw/WTI_candles_1h.json,lab/data/lighter_rwa_raw/WTI_fundings_1h.json,funding_only,train,pre_roll,unknown_from_public_candle_snapshot,,,,,,,0.00028836,0.0004,long,false,true,0,1,false,0,false,false,candle:record_missing,false,,false,true,false,partially_eligible,missing_candle,,1783497600
day7-v1,BRENTOIL,159,2026-07-08T09:00:00+00:00,1783501200000,lab/data/lighter_rwa_raw/BRENTOIL_candles_1h.json,lab/data/lighter_rwa_raw/BRENTOIL_fundings_1h.json,funding_only,train,pre_roll,unknown_from_public_candle_snapshot,,,,,,,0.00031480,0.0004,long,false,true,0,1,false,0,false,false,candle:record_missing,false,,false,true,false,partially_eligible,missing_candle,,1783501200
day7-v1,WTI,145,2026-07-08T09:00:00+00:00,1783501200000,lab/data/lighter_rwa_raw/WTI_candles_1h.json,lab/data/lighter_rwa_raw/WTI_fundings_1h.json,funding_only,train,pre_roll,unknown_from_public_candle_snapshot,,,,,,,0.00029940,0.0004,long,false,true,0,1,false,0,false,false,candle:record_missing,false,,false,true,false,partially_eligible,missing_candle,,1783501200
day7-v1,BRENTOIL,159,2026-07-08T10:00:00+00:00,1783504800000,lab/data/lighter_rwa_raw/BRENTOIL_candles_1h.json,lab/data/lighter_rwa_raw/BRENTOIL_fundings_1h.json,funding_only,train,pre_roll,unknown_from_public_candle_snapshot,,,,,,,0.00031512,0.0004,long,false,true,0,1,false,0,false,false,candle:record_missing,false,,false,true,false,partially_eligible,missing_candle,,1783504800
day7-v1,WTI,145,2026-07-08T10:00:00+00:00,1783504800000,lab/data/lighter_rwa_raw/WTI_candles_1h.json,lab/data/lighter_rwa_raw/WTI_fundings_1h.json,funding_only,train,pre_roll,unknown_from_public_candle_snapshot,,,,,,,0.00029963,0.0004,long,false,true,0,1,false,0,false,false,candle:record_missing,false,,false,true,false,partially_eligible,missing_candle,,1783504800
day7-v1,BRENTOIL,159,2026-07-08T11:00:00+00:00,1783508400000,lab/data/lighter_rwa_raw/BRENTOIL_candles_1h.json,lab/data/lighter_rwa_raw/BRENTOIL_fundings_1h.json,funding_only,train,pre_roll,unknown_from_public_candle_snapshot,,,,,,,0.00031272,0.0004,long,false,true,0,1,false,0,false,false,candle:record_missing,false,,false,true,false,partially_eligible,missing_candle,,1783508400
day7-v1,WTI,145,2026-07-08T11:00:00+00:00,1783508400000,lab/data/lighter_rwa_raw/WTI_candles_1h.json,lab/data/lighter_rwa_raw/WTI_fundings_1h.json,funding_only,train,pre_roll,unknown_from_public_candle_snapshot,,,,,,,0.00029660,0.0004,long,false,true,0,1,false,0,false,false,candle:record_missing,false,,false,true,false,partially_eligible,missing_candle,,1783508400
day7-v1,BRENTOIL,159,2026-07-08T12:00:00+00:00,1783512000000,lab/data/lighter_rwa_raw/BRENTOIL_candles_1h.json,lab/data/lighter_rwa_raw/BRENTOIL_fundings_1h.json,funding_only,train,pre_roll,unknown_from_public_candle_snapshot,,,,,,,0.00031252,0.0004,long,false,true,0,1,false,0,false,false,candle:record_missing,false,,false,true,false,partially_eligible,missing_candle,,1783512000
day7-v1,WTI,145,2026-07-08T12:00:00+00:00,1783512000000,lab/data/lighter_rwa_raw/WTI_candles_1h.json,lab/data/lighter_rwa_raw/WTI_fundings_1h.json,funding_only,train,pre_roll,unknown_from_public_candle_snapshot,,,,,,,0.00029632,0.0004,long,false,true,0,1,false,0,false,false,candle:record_missing,false,,false,true,false,partially_eligible,missing_candle,,1783512000
day7-v1,BRENTOIL,159,2026-07-08T13:00:00+00:00,1783515600000,lab/data/lighter_rwa_raw/BRENTOIL_candles_1h.json,lab/data/lighter_rwa_raw/BRENTOIL_fundings_1h.json,funding_only,train,pre_roll,unknown_from_public_candle_snapshot,,,,,,,0.00031168,0.0004,long,false,true,0,1,false,0,false,false,candle:record_missing,false,,false,true,false,partially_eligible,missing_candle,,1783515600
day7-v1,WTI,145,2026-07-08T13:00:00+00:00,1783515600000,lab/data/lighter_rwa_raw/WTI_candles_1h.json,lab/data/lighter_rwa_raw/WTI_fundings_1h.json,funding_only,train,pre_roll,unknown_from_public_candle_snapshot,,,,,,,0.00029544,0.0004,long,false,true,0,1,false,0,false,false,candle:record_missing,false,,false,true,false,partially_eligible,missing_candle,,1783515600
day7-v1,BRENTOIL,159,2026-07-08T14:00:00+00:00,1783519200000,lab/data/lighter_rwa_raw/BRENTOIL_candles_1h.json,lab/data/lighter_rwa_raw/BRENTOIL_fundings_1h.json,funding_only,train,pre_roll,unknown_from_public_candle_snapshot,,,,,,,0.00031192,0.0004,long,false,true,0,1,false,0,false,false,candle:record_missing,false,,false,true,false,partially_eligible,missing_candle,,1783519200
day7-v1,WTI,145,2026-07-08T14:00:00+00:00,1783519200000,lab/data/lighter_rwa_raw/WTI_candles_1h.json,lab/data/lighter_rwa_raw/WTI_fundings_1h.json,funding_only,train,pre_roll,unknown_from_public_candle_snapshot,,,,,,,0.00029502,0.0004,long,false,true,0,1,false,0,false,false,candle:record_missing,false,,false,true,false,partially_eligible,missing_candle,,1783519200
day7-v1,BRENTOIL,159,2026-07-08T15:00:00+00:00,1783522800000,lab/data/lighter_rwa_raw/BRENTOIL_candles_1h.json,lab/data/lighter_rwa_raw/BRENTOIL_fundings_1h.json,funding_only,train,pre_roll,unknown_from_public_candle_snapshot,,,,,,,0.00023886,0.0003,long,false,true,0,1,false,0,false,false,candle:record_missing,false,,false,true,false,partially_eligible,missing_candle,,1783522800
day7-v1,WTI,145,2026-07-08T15:00:00+00:00,1783522800000,lab/data/lighter_rwa_raw/WTI_candles_1h.json,lab/data/lighter_rwa_raw/WTI_fundings_1h.json,funding_only,train,pre_roll,unknown_from_public_candle_snapshot,,,,,,,0.00030130,0.0004,long,false,true,0,1,false,0,false,false,candle:record_missing,false,,false,true,false,partially_eligible,missing_candle,,1783522800
day7-v1,BRENTOIL,159,2026-07-08T16:00:00+00:00,1783526400000,lab/data/lighter_rwa_raw/BRENTOIL_candles_1h.json,lab/data/lighter_rwa_raw/BRENTOIL_fundings_1h.json,funding_only,train,pre_roll,unknown_from_public_candle_snapshot,,,,,,,0.00288972,0.0036,short,false,true,0,1,false,0,false,false,candle:record_missing,false,,false,true,false,partially_eligible,missing_candle,,1783526400
day7-v1,WTI,145,2026-07-08T16:00:00+00:00,1783526400000,lab/data/lighter_rwa_raw/WTI_candles_1h.json,lab/data/lighter_rwa_raw/WTI_fundings_1h.json,funding_only,train,pre_roll,unknown_from_public_candle_snapshot,,,,,,,0.00030334,0.0004,long,false,true,0,1,false,0,false,false,candle:record_missing,false,,false,true,false,partially_eligible,missing_candle,,1783526400
day7-v1,BRENTOIL,159,2026-07-08T17:00:00+00:00,1783530000000,lab/data/lighter_rwa_raw/BRENTOIL_candles_1h.json,lab/data/lighter_rwa_raw/BRENTOIL_fundings_1h.json,funding_only,train,pre_roll,unknown_from_public_candle_snapshot,,,,,,,0.00410384,0.0052,short,false,true,0,1,false,0,false,false,candle:record_missing,false,,false,true,false,partially_eligible,missing_candle,,1783530000
day7-v1,WTI,145,2026-07-08T17:00:00+00:00,1783530000000,lab/data/lighter_rwa_raw/WTI_candles_1h.json,lab/data/lighter_rwa_raw/WTI_fundings_1h.json,funding_only,train,pre_roll,unknown_from_public_candle_snapshot,,,,,,,0.00029832,0.0004,long,false,true,0,1,false,0,false,false,candle:record_missing,false,,false,true,false,partially_eligible,missing_candle,,1783530000
day7-v1,BRENTOIL,159,2026-07-08T18:00:00+00:00,1783533600000,lab/data/lighter_rwa_raw/BRENTOIL_candles_1h.json,lab/data/lighter_rwa_raw/BRENTOIL_fundings_1h.json,funding_only,train,pre_roll,unknown_from_public_candle_snapshot,,,,,,,0.00579642,0.0074,short,false,true,0,1,false,0,false,false,candle:record_missing,false,,false,true,false,partially_eligible,missing_candle,,1783533600
day7-v1,WTI,145,2026-07-08T18:00:00+00:00,1783533600000,lab/data/lighter_rwa_raw/WTI_candles_1h.json,lab/data/lighter_rwa_raw/WTI_fundings_1h.json,funding_only,train,pre_roll,unknown_from_public_candle_snapshot,,,,,,,0.00029512,0.0004,long,false,true,0,1,false,0,false,false,candle:record_missing,false,,false,true,false,partially_eligible,missing_candle,,1783533600
day7-v1,BRENTOIL,159,2026-07-08T19:00:00+00:00,1783537200000,lab/data/lighter_rwa_raw/BRENTOIL_candles_1h.json,lab/data/lighter_rwa_raw/BRENTOIL_fundings_1h.json,funding_only,train,pre_roll,unknown_from_public_candle_snapshot,,,,,,,0.00429495,0.0055,short,false,true,0,1,false,0,false,false,candle:record_missing,false,,false,true,false,partially_eligible,missing_candle,,1783537200
day7-v1,WTI,145,2026-07-08T19:00:00+00:00,1783537200000,lab/data/lighter_rwa_raw/WTI_candles_1h.json,lab/data/lighter_rwa_raw/WTI_fundings_1h.json,funding_only,train,pre_roll,unknown_from_public_candle_snapshot,,,,,,,0.00029442,0.0004,long,false,true,0,1,false,0,false,false,candle:record_missing,false,,false,true,false,partially_eligible,missing_candle,,1783537200
day7-v1,BRENTOIL,159,2026-07-08T20:00:00+00:00,1783540800000,lab/data/lighter_rwa_raw/BRENTOIL_candles_1h.json,lab/data/lighter_rwa_raw/BRENTOIL_fundings_1h.json,funding_only,train,pre_roll,unknown_from_public_candle_snapshot,,,,,,,0.00275100,0.0035,short,false,true,0,1,false,0,false,false,candle:record_missing,false,,false,true,false,partially_eligible,missing_candle,,1783540800
day7-v1,WTI,145,2026-07-08T20:00:00+00:00,1783540800000,lab/data/lighter_rwa_raw/WTI_candles_1h.json,lab/data/lighter_rwa_raw/WTI_fundings_1h.json,funding_only,train,pre_roll,unknown_from_public_candle_snapshot,,,,,,,0.00029622,0.0004,long,false,true,0,1,false,0,false,false,candle:record_missing,false,,false,true,false,partially_eligible,missing_candle,,1783540800
day7-v1,BRENTOIL,159,2026-07-08T21:00:00+00:00,1783544400000,lab/data/lighter_rwa_raw/BRENTOIL_candles_1h.json,lab/data/lighter_rwa_raw/BRENTOIL_fundings_1h.json,funding_only,train,pre_roll,unknown_from_public_candle_snapshot,,,,,,,0.00467870,0.0059,short,false,true,0,1,false,0,false,false,candle:record_missing,false,,false,true,false,partially_eligible,missing_candle,,1783544400
day7-v1,WTI,145,2026-07-08T21:00:00+00:00,1783544400000,lab/data/lighter_rwa_raw/WTI_candles_1h.json,lab/data/lighter_rwa_raw/WTI_fundings_1h.json,funding_only,train,pre_roll,unknown_from_public_candle_snapshot,,,,,,,0.00000000,0.0000,long,false,true,0,1,false,0,false,false,candle:record_missing|funding:value|rate,false,,false,true,false,partially_eligible,missing_candle,,1783544400
day7-v1,BRENTOIL,159,2026-07-08T22:00:00+00:00,1783548000000,lab/data/lighter_rwa_raw/BRENTOIL_candles_1h.json,lab/data/lighter_rwa_raw/BRENTOIL_fundings_1h.json,funding_only,train,pre_roll,unknown_from_public_candle_snapshot,,,,,,,0.02591048,0.0326,short,false,true,0,1,false,0,false,false,candle:record_missing,false,,false,true,false,partially_eligible,missing_candle,,1783548000
day7-v1,WTI,145,2026-07-08T22:00:00+00:00,1783548000000,lab/data/lighter_rwa_raw/WTI_candles_1h.json,lab/data/lighter_rwa_raw/WTI_fundings_1h.json,funding_only,train,pre_roll,unknown_from_public_candle_snapshot,,,,,,,0.00029903,0.0004,long,false,true,0,1,false,0,false,false,candle:record_missing,false,,false,true,false,partially_eligible,missing_candle,,1783548000
day7-v1,BRENTOIL,159,2026-07-08T23:00:00+00:00,1783551600000,lab/data/lighter_rwa_raw/BRENTOIL_candles_1h.json,lab/data/lighter_rwa_raw/BRENTOIL_fundings_1h.json,funding_only,train,pre_roll,unknown_from_public_candle_snapshot,,,,,,,0.02101400,0.0266,short,false,true,0,1,false,0,false,false,candle:record_missing,false,,false,true,false,partially_eligible,missing_candle,,1783551600
day7-v1,WTI,145,2026-07-08T23:00:00+00:00,1783551600000,lab/data/lighter_rwa_raw/WTI_candles_1h.json,lab/data/lighter_rwa_raw/WTI_fundings_1h.json,funding_only,train,pre_roll,unknown_from_public_candle_snapshot,,,,,,,0.00029775,0.0004,long,false,true,0,1,false,0,false,false,candle:record_missing,false,,false,true,false,partially_eligible,missing_candle,,1783551600
day7-v1,BRENTOIL,159,2026-07-09T00:00:00+00:00,1783555200000,lab/data/lighter_rwa_raw/BRENTOIL_candles_1h.json,lab/data/lighter_rwa_raw/BRENTOIL_fundings_1h.json,funding_only,train,pre_roll,unknown_from_public_candle_snapshot,,,,,,,0.00677336,0.0086,short,false,true,0,1,false,0,false,false,candle:record_missing,false,,false,true,false,partially_eligible,missing_candle,,1783555200
day7-v1,WTI,145,2026-07-09T00:00:00+00:00,1783555200000,lab/data/lighter_rwa_raw/WTI_candles_1h.json,lab/data/lighter_rwa_raw/WTI_fundings_1h.json,funding_only,train,pre_roll,unknown_from_public_candle_snapshot,,,,,,,0.00029754,0.0004,long,false,true,0,1,false,0,false,false,candle:record_missing,false,,false,true,false,partially_eligible,missing_candle,,1783555200
day7-v1,BRENTOIL,159,2026-07-09T01:00:00+00:00,1783558800000,lab/data/lighter_rwa_raw/BRENTOIL_candles_1h.json,lab/data/lighter_rwa_raw/BRENTOIL_fundings_1h.json,funding_only,train,pre_roll,unknown_from_public_candle_snapshot,,,,,,,0.00031380,0.0004,long,false,true,0,1,false,0,false,false,candle:record_missing,false,,false,true,false,partially_eligible,missing_candle,,1783558800
day7-v1,WTI,145,2026-07-09T01:00:00+00:00,1783558800000,lab/data/lighter_rwa_raw/WTI_candles_1h.json,lab/data/lighter_rwa_raw/WTI_fundings_1h.json,funding_only,train,pre_roll,unknown_from_public_candle_snapshot,,,,,,,0.00029581,0.0004,long,false,true,0,1,false,0,false,false,candle:record_missing,false,,false,true,false,partially_eligible,missing_candle,,1783558800
day7-v1,BRENTOIL,159,2026-07-09T02:00:00+00:00,1783562400000,lab/data/lighter_rwa_raw/BRENTOIL_candles_1h.json,lab/data/lighter_rwa_raw/BRENTOIL_fundings_1h.json,funding_only,train,pre_roll,unknown_from_public_candle_snapshot,,,,,,,0.00031420,0.0004,long,false,true,0,1,false,0,false,false,candle:record_missing,false,,false,true,false,partially_eligible,missing_candle,,1783562400
day7-v1,WTI,145,2026-07-09T02:00:00+00:00,1783562400000,lab/data/lighter_rwa_raw/WTI_candles_1h.json,lab/data/lighter_rwa_raw/WTI_fundings_1h.json,funding_only,train,pre_roll,unknown_from_public_candle_snapshot,,,,,,,0.00029625,0.0004,long,false,true,0,1,false,0,false,false,candle:record_missing,false,,false,true,false,partially_eligible,missing_candle,,1783562400
day7-v1,BRENTOIL,159,2026-07-09T03:00:00+00:00,1783566000000,lab/data/lighter_rwa_raw/BRENTOIL_candles_1h.json,lab/data/lighter_rwa_raw/BRENTOIL_fundings_1h.json,funding_only,train,pre_roll,unknown_from_public_candle_snapshot,,,,,,,0.00031576,0.0004,long,false,true,0,1,false,0,false,false,candle:record_missing,false,,false,true,false,partially_eligible,missing_candle,,1783566000
day7-v1,WTI,145,2026-07-09T03:00:00+00:00,1783566000000,lab/data/lighter_rwa_raw/WTI_candles_1h.json,lab/data/lighter_rwa_raw/WTI_fundings_1h.json,funding_only,train,pre_roll,unknown_from_public_candle_snapshot,,,,,,,0.00029782,0.0004,long,false,true,0,1,false,0,false,false,candle:record_missing,false,,false,true,false,partially_eligible,missing_candle,,1783566000
day7-v1,BRENTOIL,159,2026-07-09T04:00:00+00:00,1783569600000,lab/data/lighter_rwa_raw/BRENTOIL_candles_1h.json,lab/data/lighter_rwa_raw/BRENTOIL_fundings_1h.json,funding_only,train,pre_roll,unknown_from_public_candle_snapshot,,,,,,,0.00031488,0.0004,long,false,true,0,1,false,0,false,false,candle:record_missing,false,,false,true,false,partially_eligible,missing_candle,,1783569600
day7-v1,WTI,145,2026-07-09T04:00:00+00:00,1783569600000,lab/data/lighter_rwa_raw/WTI_candles_1h.json,lab/data/lighter_rwa_raw/WTI_fundings_1h.json,funding_only,train,pre_roll,unknown_from_public_candle_snapshot,,,,,,,0.00029679,0.0004,long,false,true,0,1,false,0,false,false,candle:record_missing,false,,false,true,false,partially_eligible,missing_candle,,1783569600
day7-v1,BRENTOIL,159,2026-07-09T05:00:00+00:00,1783573200000,lab/data/lighter_rwa_raw/BRENTOIL_candles_1h.json,lab/data/lighter_rwa_raw/BRENTOIL_fundings_1h.json,funding_only,train,pre_roll,unknown_from_public_candle_snapshot,,,,,,,0.00031520,0.0004,long,false,true,0,1,false,0,false,false,candle:record_missing,false,,false,true,false,partially_eligible,missing_candle,,1783573200
day7-v1,WTI,145,2026-07-09T05:00:00+00:00,1783573200000,lab/data/lighter_rwa_raw/WTI_candles_1h.json,lab/data/lighter_rwa_raw/WTI_fundings_1h.json,funding_only,train,pre_roll,unknown_from_public_candle_snapshot,,,,,,,0.00029711,0.0004,long,false,true,0,1,false,0,false,false,candle:record_missing,false,,false,true,false,partially_eligible,missing_candle,,1783573200
day7-v1,BRENTOIL,159,2026-07-09T06:00:00+00:00,1783576800000,lab/data/lighter_rwa_raw/BRENTOIL_candles_1h.json,lab/data/lighter_rwa_raw/BRENTOIL_fundings_1h.json,funding_only,train,pre_roll,unknown_from_public_candle_snapshot,,,,,,,0.00031012,0.0004,long,false,true,0,1,false,0,false,false,candle:record_missing,false,,false,true,false,partially_eligible,missing_candle,,1783576800
day7-v1,WTI,145,2026-07-09T06:00:00+00:00,1783576800000,lab/data/lighter_rwa_raw/WTI_candles_1h.json,lab/data/lighter_rwa_raw/WTI_fundings_1h.json,funding_only,train,pre_roll,unknown_from_public_candle_snapshot,,,,,,,0.00029202,0.0004,long,false,true,0,1,false,0,false,false,candle:record_missing,false,,false,true,false,partially_eligible,missing_candle,,1783576800
day7-v1,BRENTOIL,159,2026-07-09T07:00:00+00:00,1783580400000,lab/data/lighter_rwa_raw/BRENTOIL_candles_1h.json,lab/data/lighter_rwa_raw/BRENTOIL_fundings_1h.json,funding_only,train,pre_roll,unknown_from_public_candle_snapshot,,,,,,,0.00031080,0.0004,long,false,true,0,1,false,0,false,false,candle:record_missing,false,,false,true,false,partially_eligible,missing_candle,,1783580400
day7-v1,WTI,145,2026-07-09T07:00:00+00:00,1783580400000,lab/data/lighter_rwa_raw/WTI_candles_1h.json,lab/data/lighter_rwa_raw/WTI_fundings_1h.json,funding_only,train,pre_roll,unknown_from_public_candle_snapshot,,,,,,,0.00029294,0.0004,long,false,true,0,1,false,0,false,false,candle:record_missing,false,,false,true,false,partially_eligible,missing_candle,,1783580400
day7-v1,BRENTOIL,159,2026-07-09T08:00:00+00:00,1783584000000,lab/data/lighter_rwa_raw/BRENTOIL_candles_1h.json,lab/data/lighter_rwa_raw/BRENTOIL_fundings_1h.json,funding_only,train,pre_roll,unknown_from_public_candle_snapshot,,,,,,,0.00030816,0.0004,long,false,true,0,1,false,0,false,false,candle:record_missing,false,,false,true,false,partially_eligible,missing_candle,,1783584000
day7-v1,WTI,145,2026-07-09T08:00:00+00:00,1783584000000,lab/data/lighter_rwa_raw/WTI_candles_1h.json,lab/data/lighter_rwa_raw/WTI_fundings_1h.json,funding_only,train,pre_roll,unknown_from_public_candle_snapshot,,,,,,,0.00029080,0.0004,long,false,true,0,1,false,0,false,false,candle:record_missing,false,,false,true,false,partially_eligible,missing_candle,,1783584000
day7-v1,BRENTOIL,159,2026-07-09T09:00:00+00:00,1783587600000,lab/data/lighter_rwa_raw/BRENTOIL_candles_1h.json,lab/data/lighter_rwa_raw/BRENTOIL_fundings_1h.json,funding_only,train,pre_roll,unknown_from_public_candle_snapshot,,,,,,,0.00030940,0.0004,long,false,true,0,1,false,0,false,false,candle:record_missing,false,,false,true,false,partially_eligible,missing_candle,,1783587600
day7-v1,WTI,145,2026-07-09T09:00:00+00:00,1783587600000,lab/data/lighter_rwa_raw/WTI_candles_1h.json,lab/data/lighter_rwa_raw/WTI_fundings_1h.json,funding_only,train,pre_roll,unknown_from_public_candle_snapshot,,,,,,,0.00029186,0.0004,long,false,true,0,1,false,0,false,false,candle:record_missing,false,,false,true,false,partially_eligible,missing_candle,,1783587600
day7-v1,BRENTOIL,159,2026-07-09T10:00:00+00:00,1783591200000,lab/data/lighter_rwa_raw/BRENTOIL_candles_1h.json,lab/data/lighter_rwa_raw/BRENTOIL_fundings_1h.json,funding_only,train,pre_roll,unknown_from_public_candle_snapshot,,,,,,,0.00031188,0.0004,long,false,true,0,1,false,0,false,false,candle:record_missing,false,,false,true,false,partially_eligible,missing_candle,,1783591200
day7-v1,WTI,145,2026-07-09T10:00:00+00:00,1783591200000,lab/data/lighter_rwa_raw/WTI_candles_1h.json,lab/data/lighter_rwa_raw/WTI_fundings_1h.json,funding_only,train,pre_roll,unknown_from_public_candle_snapshot,,,,,,,0.00029375,0.0004,long,false,true,0,1,false,0,false,false,candle:record_missing,false,,false,true,false,partially_eligible,missing_candle,,1783591200
day7-v1,BRENTOIL,159,2026-07-09T11:00:00+00:00,1783594800000,lab/data/lighter_rwa_raw/BRENTOIL_candles_1h.json,lab/data/lighter_rwa_raw/BRENTOIL_fundings_1h.json,funding_only,train,pre_roll,unknown_from_public_candle_snapshot,,,,,,,0.00055132,0.0007,short,false,true,0,1,false,0,false,false,candle:record_missing,false,,false,true,false,partially_eligible,missing_candle,,1783594800
day7-v1,WTI,145,2026-07-09T11:00:00+00:00,1783594800000,lab/data/lighter_rwa_raw/WTI_candles_1h.json,lab/data/lighter_rwa_raw/WTI_fundings_1h.json,funding_only,train,pre_roll,unknown_from_public_candle_snapshot,,,,,,,0.00029676,0.0004,long,false,true,0,1,false,0,false,false,candle:record_missing,false,,false,true,false,partially_eligible,missing_candle,,1783594800
day7-v1,BRENTOIL,159,2026-07-09T12:00:00+00:00,1783598400000,lab/data/lighter_rwa_raw/BRENTOIL_candles_1h.json,lab/data/lighter_rwa_raw/BRENTOIL_fundings_1h.json,funding_only,train,pre_roll,unknown_from_public_candle_snapshot,,,,,,,0.00031396,0.0004,long,false,true,0,1,false,0,false,false,candle:record_missing,false,,false,true,false,partially_eligible,missing_candle,,1783598400
day7-v1,WTI,145,2026-07-09T12:00:00+00:00,1783598400000,lab/data/lighter_rwa_raw/WTI_candles_1h.json,lab/data/lighter_rwa_raw/WTI_fundings_1h.json,funding_only,train,pre_roll,unknown_from_public_candle_snapshot,,,,,,,0.00029560,0.0004,long,false,true,0,1,false,0,false,false,candle:record_missing,false,,false,true,false,partially_eligible,missing_candle,,1783598400
day7-v1,BRENTOIL,159,2026-07-09T13:00:00+00:00,1783602000000,lab/data/lighter_rwa_raw/BRENTOIL_candles_1h.json,lab/data/lighter_rwa_raw/BRENTOIL_fundings_1h.json,funding_only,train,pre_roll,unknown_from_public_candle_snapshot,,,,,,,0.00070668,0.0009,short,false,true,0,1,false,0,false,false,candle:record_missing,false,,false,true,false,partially_eligible,missing_candle,,1783602000
day7-v1,WTI,145,2026-07-09T13:00:00+00:00,1783602000000,lab/data/lighter_rwa_raw/WTI_candles_1h.json,lab/data/lighter_rwa_raw/WTI_fundings_1h.json,funding_only,train,pre_roll,unknown_from_public_candle_snapshot,,,,,,,0.00029530,0.0004,long,false,true,0,1,false,0,false,false,candle:record_missing,false,,false,true,false,partially_eligible,missing_candle,,1783602000
day7-v1,BRENTOIL,159,2026-07-09T14:00:00+00:00,1783605600000,lab/data/lighter_rwa_raw/BRENTOIL_candles_1h.json,lab/data/lighter_rwa_raw/BRENTOIL_fundings_1h.json,funding_only,train,pre_roll,unknown_from_public_candle_snapshot,,,,,,,0.00092784,0.0012,short,false,true,0,1,false,0,false,false,candle:record_missing,false,,false,true,false,partially_eligible,missing_candle,,1783605600
day7-v1,WTI,145,2026-07-09T14:00:00+00:00,1783605600000,lab/data/lighter_rwa_raw/WTI_candles_1h.json,lab/data/lighter_rwa_raw/WTI_fundings_1h.json,funding_only,train,pre_roll,unknown_from_public_candle_snapshot,,,,,,,0.00029043,0.0004,long,false,true,0,1,false,0,false,false,candle:record_missing,false,,false,true,false,partially_eligible,missing_candle,,1783605600
day7-v1,BRENTOIL,159,2026-07-09T15:00:00+00:00,1783609200000,lab/data/lighter_rwa_raw/BRENTOIL_candles_1h.json,lab/data/lighter_rwa_raw/BRENTOIL_fundings_1h.json,funding_only,train,pre_roll,unknown_from_public_candle_snapshot,,,,,,,0.00030740,0.0004,long,false,true,0,1,false,0,false,false,candle:record_missing,false,,false,true,false,partially_eligible,missing_candle,,1783609200
day7-v1,WTI,145,2026-07-09T15:00:00+00:00,1783609200000,lab/data/lighter_rwa_raw/WTI_candles_1h.json,lab/data/lighter_rwa_raw/WTI_fundings_1h.json,funding_only,train,pre_roll,unknown_from_public_candle_snapshot,,,,,,,0.00028899,0.0004,long,false,true,0,1,false,0,false,false,candle:record_missing,false,,false,true,false,partially_eligible,missing_candle,,1783609200
day7-v1,BRENTOIL,159,2026-07-09T16:00:00+00:00,1783612800000,lab/data/lighter_rwa_raw/BRENTOIL_candles_1h.json,lab/data/lighter_rwa_raw/BRENTOIL_fundings_1h.json,funding_only,train,pre_roll,unknown_from_public_candle_snapshot,,,,,,,0.00030612,0.0004,long,false,true,0,1,false,0,false,false,candle:record_missing,false,,false,true,false,partially_eligible,missing_candle,,1783612800
day7-v1,WTI,145,2026-07-09T16:00:00+00:00,1783612800000,lab/data/lighter_rwa_raw/WTI_candles_1h.json,lab/data/lighter_rwa_raw/WTI_fundings_1h.json,funding_only,train,pre_roll,unknown_from_public_candle_snapshot,,,,,,,0.00028834,0.0004,long,false,true,0,1,false,0,false,false,candle:record_missing,false,,false,true,false,partially_eligible,missing_candle,,1783612800
day7-v1,BRENTOIL,159,2026-07-09T17:00:00+00:00,1783616400000,lab/data/lighter_rwa_raw/BRENTOIL_candles_1h.json,lab/data/lighter_rwa_raw/BRENTOIL_fundings_1h.json,funding_only,train,pre_roll,unknown_from_public_candle_snapshot,,,,,,,0.00030444,0.0004,long,false,true,0,1,false,0,false,false,candle:record_missing,false,,false,true,false,partially_eligible,missing_candle,,1783616400
day7-v1,WTI,145,2026-07-09T17:00:00+00:00,1783616400000,lab/data/lighter_rwa_raw/WTI_candles_1h.json,lab/data/lighter_rwa_raw/WTI_fundings_1h.json,funding_only,train,pre_roll,unknown_from_public_candle_snapshot,,,,,,,0.00028756,0.0004,long,false,true,0,1,false,0,false,false,candle:record_missing,false,,false,true,false,partially_eligible,missing_candle,,1783616400
day7-v1,BRENTOIL,159,2026-07-09T18:00:00+00:00,1783620000000,lab/data/lighter_rwa_raw/BRENTOIL_candles_1h.json,lab/data/lighter_rwa_raw/BRENTOIL_fundings_1h.json,funding_only,train,pre_roll,unknown_from_public_candle_snapshot,,,,,,,0.00030264,0.0004,long,false,true,0,1,false,0,false,false,candle:record_missing,false,,false,true,false,partially_eligible,missing_candle,,1783620000
day7-v1,WTI,145,2026-07-09T18:00:00+00:00,1783620000000,lab/data/lighter_rwa_raw/WTI_candles_1h.json,lab/data/lighter_rwa_raw/WTI_fundings_1h.json,funding_only,train,pre_roll,unknown_from_public_candle_snapshot,,,,,,,0.00028594,0.0004,long,false,true,0,1,false,0,false,false,candle:record_missing,false,,false,true,false,partially_eligible,missing_candle,,1783620000
day7-v1,BRENTOIL,159,2026-07-09T19:00:00+00:00,1783623600000,lab/data/lighter_rwa_raw/BRENTOIL_candles_1h.json,lab/data/lighter_rwa_raw/BRENTOIL_fundings_1h.json,funding_only,train,pre_roll,unknown_from_public_candle_snapshot,,,,,,,0.00030328,0.0004,long,false,true,0,1,false,0,false,false,candle:record_missing,false,,false,true,false,partially_eligible,missing_candle,,1783623600
day7-v1,WTI,145,2026-07-09T19:00:00+00:00,1783623600000,lab/data/lighter_rwa_raw/WTI_candles_1h.json,lab/data/lighter_rwa_raw/WTI_fundings_1h.json,funding_only,train,pre_roll,unknown_from_public_candle_snapshot,,,,,,,0.00028629,0.0004,long,false,true,0,1,false,0,false,false,candle:record_missing,false,,false,true,false,partially_eligible,missing_candle,,1783623600
day7-v1,BRENTOIL,159,2026-07-09T20:00:00+00:00,1783627200000,lab/data/lighter_rwa_raw/BRENTOIL_candles_1h.json,lab/data/lighter_rwa_raw/BRENTOIL_fundings_1h.json,funding_only,train,pre_roll,unknown_from_public_candle_snapshot,,,,,,,0.00030428,0.0004,long,false,true,0,1,false,0,false,false,candle:record_missing,false,,false,true,false,partially_eligible,missing_candle,,1783627200
day7-v1,WTI,145,2026-07-09T20:00:00+00:00,1783627200000,lab/data/lighter_rwa_raw/WTI_candles_1h.json,lab/data/lighter_rwa_raw/WTI_fundings_1h.json,funding_only,train,pre_roll,unknown_from_public_candle_snapshot,,,,,,,0.00028735,0.0004,long,false,true,0,1,false,0,false,false,candle:record_missing,false,,false,true,false,partially_eligible,missing_candle,,1783627200
day7-v1,BRENTOIL,159,2026-07-09T21:00:00+00:00,1783630800000,lab/data/lighter_rwa_raw/BRENTOIL_candles_1h.json,lab/data/lighter_rwa_raw/BRENTOIL_fundings_1h.json,funding_only,train,pre_roll,unknown_from_public_candle_snapshot,,,,,,,0.00030416,0.0004,long,false,true,0,1,false,0,false,false,candle:record_missing,false,,false,true,false,partially_eligible,missing_candle,,1783630800
day7-v1,WTI,145,2026-07-09T21:00:00+00:00,1783630800000,lab/data/lighter_rwa_raw/WTI_candles_1h.json,lab/data/lighter_rwa_raw/WTI_fundings_1h.json,funding_only,train,pre_roll,unknown_from_public_candle_snapshot,,,,,,,0.00028713,0.0004,long,false,true,0,1,false,0,false,false,candle:record_missing,false,,false,true,false,partially_eligible,missing_candle,,1783630800
day7-v1,BRENTOIL,159,2026-07-09T22:00:00+00:00,1783634400000,lab/data/lighter_rwa_raw/BRENTOIL_candles_1h.json,lab/data/lighter_rwa_raw/BRENTOIL_fundings_1h.json,funding_only,train,pre_roll,unknown_from_public_candle_snapshot,,,,,,,0.00501006,0.0066,long,false,true,0,1,false,0,false,false,candle:record_missing,false,,false,true,false,partially_eligible,missing_candle,,1783634400
day7-v1,WTI,145,2026-07-09T22:00:00+00:00,1783634400000,lab/data/lighter_rwa_raw/WTI_candles_1h.json,lab/data/lighter_rwa_raw/WTI_fundings_1h.json,funding_only,train,pre_roll,unknown_from_public_candle_snapshot,,,,,,,0.00316488,0.0044,long,false,true,0,1,false,0,false,false,candle:record_missing,false,,false,true,false,partially_eligible,missing_candle,,1783634400
day7-v1,BRENTOIL,159,2026-07-09T23:00:00+00:00,1783638000000,lab/data/lighter_rwa_raw/BRENTOIL_candles_1h.json,lab/data/lighter_rwa_raw/BRENTOIL_fundings_1h.json,funding_only,train,pre_roll,unknown_from_public_candle_snapshot,,,,,,,0.00030376,0.0004,long,false,true,0,1,false,0,false,false,candle:record_missing,false,,false,true,false,partially_eligible,missing_candle,,1783638000
day7-v1,WTI,145,2026-07-09T23:00:00+00:00,1783638000000,lab/data/lighter_rwa_raw/WTI_candles_1h.json,lab/data/lighter_rwa_raw/WTI_fundings_1h.json,funding_only,train,pre_roll,unknown_from_public_candle_snapshot,,,,,,,0.00028708,0.0004,long,false,true,0,1,false,0,false,false,candle:record_missing,false,,false,true,false,partially_eligible,missing_candle,,1783638000
day7-v1,BRENTOIL,159,2026-07-10T00:00:00+00:00,1783641600000,lab/data/lighter_rwa_raw/BRENTOIL_candles_1h.json,lab/data/lighter_rwa_raw/BRENTOIL_fundings_1h.json,funding_only,train,pre_roll,unknown_from_public_candle_snapshot,,,,,,,0.00030412,0.0004,long,false,true,0,1,false,0,false,false,candle:record_missing,false,,false,true,false,partially_eligible,missing_candle,,1783641600
day7-v1,WTI,145,2026-07-10T00:00:00+00:00,1783641600000,lab/data/lighter_rwa_raw/WTI_candles_1h.json,lab/data/lighter_rwa_raw/WTI_fundings_1h.json,funding_only,train,pre_roll,unknown_from_public_candle_snapshot,,,,,,,0.00028742,0.0004,long,false,true,0,1,false,0,false,false,candle:record_missing,false,,false,true,false,partially_eligible,missing_candle,,1783641600
day7-v1,BRENTOIL,159,2026-07-10T01:00:00+00:00,1783645200000,lab/data/lighter_rwa_raw/BRENTOIL_candles_1h.json,lab/data/lighter_rwa_raw/BRENTOIL_fundings_1h.json,funding_only,train,pre_roll,unknown_from_public_candle_snapshot,,,,,,,0.00030440,0.0004,long,false,true,0,1,false,0,false,false,candle:record_missing,false,,false,true,false,partially_eligible,missing_candle,,1783645200
day7-v1,WTI,145,2026-07-10T01:00:00+00:00,1783645200000,lab/data/lighter_rwa_raw/WTI_candles_1h.json,lab/data/lighter_rwa_raw/WTI_fundings_1h.json,funding_only,train,pre_roll,unknown_from_public_candle_snapshot,,,,,,,0.00028764,0.0004,long,false,true,0,1,false,0,false,false,candle:record_missing,false,,false,true,false,partially_eligible,missing_candle,,1783645200
day7-v1,BRENTOIL,159,2026-07-10T02:00:00+00:00,1783648800000,lab/data/lighter_rwa_raw/BRENTOIL_candles_1h.json,lab/data/lighter_rwa_raw/BRENTOIL_fundings_1h.json,funding_only,train,pre_roll,unknown_from_public_candle_snapshot,,,,,,,0.00030524,0.0004,long,false,true,0,1,false,0,false,false,candle:record_missing,false,,false,true,false,partially_eligible,missing_candle,,1783648800
day7-v1,WTI,145,2026-07-10T02:00:00+00:00,1783648800000,lab/data/lighter_rwa_raw/WTI_candles_1h.json,lab/data/lighter_rwa_raw/WTI_fundings_1h.json,funding_only,train,pre_roll,unknown_from_public_candle_snapshot,,,,,,,0.00028832,0.0004,long,false,true,0,1,false,0,false,false,candle:record_missing,false,,false,true,false,partially_eligible,missing_candle,,1783648800
day7-v1,BRENTOIL,159,2026-07-10T03:00:00+00:00,1783652400000,lab/data/lighter_rwa_raw/BRENTOIL_candles_1h.json,lab/data/lighter_rwa_raw/BRENTOIL_fundings_1h.json,funding_only,train,pre_roll,unknown_from_public_candle_snapshot,,,,,,,0.00030600,0.0004,long,false,true,0,1,false,0,false,false,candle:record_missing,false,,false,true,false,partially_eligible,missing_candle,,1783652400
day7-v1,WTI,145,2026-07-10T03:00:00+00:00,1783652400000,lab/data/lighter_rwa_raw/WTI_candles_1h.json,lab/data/lighter_rwa_raw/WTI_fundings_1h.json,funding_only,train,pre_roll,unknown_from_public_candle_snapshot,,,,,,,0.00028910,0.0004,long,false,true,0,1,false,0,false,false,candle:record_missing,false,,false,true,false,partially_eligible,missing_candle,,1783652400
day7-v1,BRENTOIL,159,2026-07-10T04:00:00+00:00,1783656000000,lab/data/lighter_rwa_raw/BRENTOIL_candles_1h.json,lab/data/lighter_rwa_raw/BRENTOIL_fundings_1h.json,funding_only,train,pre_roll,unknown_from_public_candle_snapshot,,,,,,,0.00030640,0.0004,long,false,true,0,1,false,0,false,false,candle:record_missing,false,,false,true,false,partially_eligible,missing_candle,,1783656000
day7-v1,WTI,145,2026-07-10T04:00:00+00:00,1783656000000,lab/data/lighter_rwa_raw/WTI_candles_1h.json,lab/data/lighter_rwa_raw/WTI_fundings_1h.json,funding_only,train,pre_roll,unknown_from_public_candle_snapshot,,,,,,,0.00028932,0.0004,long,false,true,0,1,false,0,false,false,candle:record_missing,false,,false,true,false,partially_eligible,missing_candle,,1783656000
day7-v1,BRENTOIL,159,2026-07-10T05:00:00+00:00,1783659600000,lab/data/lighter_rwa_raw/BRENTOIL_candles_1h.json,lab/data/lighter_rwa_raw/BRENTOIL_fundings_1h.json,funding_only,train,pre_roll,unknown_from_public_candle_snapshot,,,,,,,0.00015296,0.0002,long,false,true,0,1,false,0,false,false,candle:record_missing,false,,false,true,false,partially_eligible,missing_candle,,1783659600
day7-v1,WTI,145,2026-07-10T05:00:00+00:00,1783659600000,lab/data/lighter_rwa_raw/WTI_candles_1h.json,lab/data/lighter_rwa_raw/WTI_fundings_1h.json,funding_only,train,pre_roll,unknown_from_public_candle_snapshot,,,,,,,0.00028886,0.0004,long,false,true,0,1,false,0,false,false,candle:record_missing,false,,false,true,false,partially_eligible,missing_candle,,1783659600
day7-v1,BRENTOIL,159,2026-07-10T06:00:00+00:00,1783663200000,lab/data/lighter_rwa_raw/BRENTOIL_candles_1h.json,lab/data/lighter_rwa_raw/BRENTOIL_fundings_1h.json,funding_only,train,pre_roll,unknown_from_public_candle_snapshot,,,,,,,0.00030552,0.0004,long,false,true,0,1,false,0,false,false,candle:record_missing,false,,false,true,false,partially_eligible,missing_candle,,1783663200
day7-v1,WTI,145,2026-07-10T06:00:00+00:00,1783663200000,lab/data/lighter_rwa_raw/WTI_candles_1h.json,lab/data/lighter_rwa_raw/WTI_fundings_1h.json,funding_only,train,pre_roll,unknown_from_public_candle_snapshot,,,,,,,0.00028835,0.0004,long,false,true,0,1,false,0,false,false,candle:record_missing,false,,false,true,false,partially_eligible,missing_candle,,1783663200
day7-v1,BRENTOIL,159,2026-07-10T07:00:00+00:00,1783666800000,lab/data/lighter_rwa_raw/BRENTOIL_candles_1h.json,lab/data/lighter_rwa_raw/BRENTOIL_fundings_1h.json,funding_only,train,pre_roll,unknown_from_public_candle_snapshot,,,,,,,0.00030472,0.0004,long,false,true,0,1,false,0,false,false,candle:record_missing,false,,false,true,false,partially_eligible,missing_candle,,1783666800
day7-v1,WTI,145,2026-07-10T07:00:00+00:00,1783666800000,lab/data/lighter_rwa_raw/WTI_candles_1h.json,lab/data/lighter_rwa_raw/WTI_fundings_1h.json,funding_only,train,pre_roll,unknown_from_public_candle_snapshot,,,,,,,0.00028790,0.0004,long,false,true,0,1,false,0,false,false,candle:record_missing,false,,false,true,false,partially_eligible,missing_candle,,1783666800
day7-v1,BRENTOIL,159,2026-07-10T08:00:00+00:00,1783670400000,lab/data/lighter_rwa_raw/BRENTOIL_candles_1h.json,lab/data/lighter_rwa_raw/BRENTOIL_fundings_1h.json,funding_only,train,pre_roll,unknown_from_public_candle_snapshot,,,,,,,0.00030300,0.0004,long,false,true,0,1,false,0,false,false,candle:record_missing,false,,false,true,false,partially_eligible,missing_candle,,1783670400
day7-v1,WTI,145,2026-07-10T08:00:00+00:00,1783670400000,lab/data/lighter_rwa_raw/WTI_candles_1h.json,lab/data/lighter_rwa_raw/WTI_fundings_1h.json,funding_only,train,pre_roll,unknown_from_public_candle_snapshot,,,,,,,0.00028607,0.0004,long,false,true,0,1,false,0,false,false,candle:record_missing,false,,false,true,false,partially_eligible,missing_candle,,1783670400
day7-v1,BRENTOIL,159,2026-07-10T09:00:00+00:00,1783674000000,lab/data/lighter_rwa_raw/BRENTOIL_candles_1h.json,lab/data/lighter_rwa_raw/BRENTOIL_fundings_1h.json,funding_only,train,pre_roll,unknown_from_public_candle_snapshot,,,,,,,0.00030448,0.0004,long,false,true,0,1,false,0,false,false,candle:record_missing,false,,false,true,false,partially_eligible,missing_candle,,1783674000
day7-v1,WTI,145,2026-07-10T09:00:00+00:00,1783674000000,lab/data/lighter_rwa_raw/WTI_candles_1h.json,lab/data/lighter_rwa_raw/WTI_fundings_1h.json,funding_only,train,pre_roll,unknown_from_public_candle_snapshot,,,,,,,0.00028730,0.0004,long,false,true,0,1,false,0,false,false,candle:record_missing,false,,false,true,false,partially_eligible,missing_candle,,1783674000
day7-v1,BRENTOIL,159,2026-07-10T10:00:00+00:00,1783677600000,lab/data/lighter_rwa_raw/BRENTOIL_candles_1h.json,lab/data/lighter_rwa_raw/BRENTOIL_fundings_1h.json,funding_only,train,pre_roll,unknown_from_public_candle_snapshot,,,,,,,0.00030420,0.0004,long,false,true,0,1,false,0,false,false,candle:record_missing,false,,false,true,false,partially_eligible,missing_candle,,1783677600
day7-v1,WTI,145,2026-07-10T10:00:00+00:00,1783677600000,lab/data/lighter_rwa_raw/WTI_candles_1h.json,lab/data/lighter_rwa_raw/WTI_fundings_1h.json,funding_only,train,pre_roll,unknown_from_public_candle_snapshot,,,,,,,0.00028713,0.0004,long,false,true,0,1,false,0,false,false,candle:record_missing,false,,false,true,false,partially_eligible,missing_candle,,1783677600
day7-v1,BRENTOIL,159,2026-07-10T11:00:00+00:00,1783681200000,lab/data/lighter_rwa_raw/BRENTOIL_candles_1h.json,lab/data/lighter_rwa_raw/BRENTOIL_fundings_1h.json,funding_only,train,pre_roll,unknown_from_public_candle_snapshot,,,,,,,0.00030584,0.0004,long,false,true,0,1,false,0,false,false,candle:record_missing,false,,false,true,false,partially_eligible,missing_candle,,1783681200
day7-v1,WTI,145,2026-07-10T11:00:00+00:00,1783681200000,lab/data/lighter_rwa_raw/WTI_candles_1h.json,lab/data/lighter_rwa_raw/WTI_fundings_1h.json,funding_only,train,pre_roll,unknown_from_public_candle_snapshot,,,,,,,0.00028868,0.0004,long,false,true,0,1,false,0,false,false,candle:record_missing,false,,false,true,false,partially_eligible,missing_candle,,1783681200
day7-v1,BRENTOIL,159,2026-07-10T12:00:00+00:00,1783684800000,lab/data/lighter_rwa_raw/BRENTOIL_candles_1h.json,lab/data/lighter_rwa_raw/BRENTOIL_fundings_1h.json,funding_only,train,pre_roll,unknown_from_public_candle_snapshot,,,,,,,0.00030772,0.0004,long,false,true,0,1,false,0,false,false,candle:record_missing,false,,false,true,false,partially_eligible,missing_candle,,1783684800
day7-v1,WTI,145,2026-07-10T12:00:00+00:00,1783684800000,lab/data/lighter_rwa_raw/WTI_candles_1h.json,lab/data/lighter_rwa_raw/WTI_fundings_1h.json,funding_only,train,pre_roll,unknown_from_public_candle_snapshot,,,,,,,0.00029051,0.0004,long,false,true,0,1,false,0,false,false,candle:record_missing,false,,false,true,false,partially_eligible,missing_candle,,1783684800
day7-v1,BRENTOIL,159,2026-07-10T13:00:00+00:00,1783688400000,lab/data/lighter_rwa_raw/BRENTOIL_candles_1h.json,lab/data/lighter_rwa_raw/BRENTOIL_fundings_1h.json,funding_only,train,pre_roll,unknown_from_public_candle_snapshot,,,,,,,0.00030524,0.0004,long,false,true,0,1,false,0,false,false,candle:record_missing,false,,false,true,false,partially_eligible,missing_candle,,1783688400
day7-v1,WTI,145,2026-07-10T13:00:00+00:00,1783688400000,lab/data/lighter_rwa_raw/WTI_candles_1h.json,lab/data/lighter_rwa_raw/WTI_fundings_1h.json,funding_only,train,pre_roll,unknown_from_public_candle_snapshot,,,,,,,0.00028748,0.0004,long,false,true,0,1,false,0,false,false,candle:record_missing,false,,false,true,false,partially_eligible,missing_candle,,1783688400
day7-v1,BRENTOIL,159,2026-07-10T14:00:00+00:00,1783692000000,lab/data/lighter_rwa_raw/BRENTOIL_candles_1h.json,lab/data/lighter_rwa_raw/BRENTOIL_fundings_1h.json,funding_only,train,pre_roll,unknown_from_public_candle_snapshot,,,,,,,0.00030372,0.0004,long,false,true,0,1,false,0,false,false,candle:record_missing,false,,false,true,false,partially_eligible,missing_candle,,1783692000
day7-v1,WTI,145,2026-07-10T14:00:00+00:00,1783692000000,lab/data/lighter_rwa_raw/WTI_candles_1h.json,lab/data/lighter_rwa_raw/WTI_fundings_1h.json,funding_only,train,pre_roll,unknown_from_public_candle_snapshot,,,,,,,0.00028607,0.0004,long,false,true,0,1,false,0,false,false,candle:record_missing,false,,false,true,false,partially_eligible,missing_candle,,1783692000
day7-v1,BRENTOIL,159,2026-07-10T15:00:00+00:00,1783695600000,lab/data/lighter_rwa_raw/BRENTOIL_candles_1h.json,lab/data/lighter_rwa_raw/BRENTOIL_fundings_1h.json,funding_only,train,pre_roll,unknown_from_public_candle_snapshot,,,,,,,0.00030540,0.0004,long,false,true,0,1,false,0,false,false,candle:record_missing,false,,false,true,false,partially_eligible,missing_candle,,1783695600
day7-v1,WTI,145,2026-07-10T15:00:00+00:00,1783695600000,lab/data/lighter_rwa_raw/WTI_candles_1h.json,lab/data/lighter_rwa_raw/WTI_fundings_1h.json,funding_only,train,pre_roll,unknown_from_public_candle_snapshot,,,,,,,0.00028746,0.0004,long,false,true,0,1,false,0,false,false,candle:record_missing,false,,false,true,false,partially_eligible,missing_candle,,1783695600
day7-v1,BRENTOIL,159,2026-07-10T16:00:00+00:00,1783699200000,lab/data/lighter_rwa_raw/BRENTOIL_candles_1h.json,lab/data/lighter_rwa_raw/BRENTOIL_fundings_1h.json,funding_only,train,pre_roll,unknown_from_public_candle_snapshot,,,,,,,0.00030200,0.0004,long,false,true,0,1,false,0,false,false,candle:record_missing,false,,false,true,false,partially_eligible,missing_candle,,1783699200
day7-v1,WTI,145,2026-07-10T16:00:00+00:00,1783699200000,lab/data/lighter_rwa_raw/WTI_candles_1h.json,lab/data/lighter_rwa_raw/WTI_fundings_1h.json,funding_only,train,pre_roll,unknown_from_public_candle_snapshot,,,,,,,0.00028384,0.0004,long,false,true,0,1,false,0,false,false,candle:record_missing,false,,false,true,false,partially_eligible,missing_candle,,1783699200
day7-v1,BRENTOIL,159,2026-07-10T17:00:00+00:00,1783702800000,lab/data/lighter_rwa_raw/BRENTOIL_candles_1h.json,lab/data/lighter_rwa_raw/BRENTOIL_fundings_1h.json,funding_only,train,pre_roll,unknown_from_public_candle_snapshot,,,,,,,0.00030236,0.0004,long,false,true,0,1,false,0,false,false,candle:record_missing,false,,false,true,false,partially_eligible,missing_candle,,1783702800
day7-v1,WTI,145,2026-07-10T17:00:00+00:00,1783702800000,lab/data/lighter_rwa_raw/WTI_candles_1h.json,lab/data/lighter_rwa_raw/WTI_fundings_1h.json,funding_only,train,pre_roll,unknown_from_public_candle_snapshot,,,,,,,0.00028420,0.0004,long,false,true,0,1,false,0,false,false,candle:record_missing,false,,false,true,false,partially_eligible,missing_candle,,1783702800
day7-v1,BRENTOIL,159,2026-07-10T18:00:00+00:00,1783706400000,lab/data/lighter_rwa_raw/BRENTOIL_candles_1h.json,lab/data/lighter_rwa_raw/BRENTOIL_fundings_1h.json,funding_only,train,pre_roll,unknown_from_public_candle_snapshot,,,,,,,0.00030348,0.0004,long,false,true,0,1,false,0,false,false,candle:record_missing,false,,false,true,false,partially_eligible,missing_candle,,1783706400
day7-v1,WTI,145,2026-07-10T18:00:00+00:00,1783706400000,lab/data/lighter_rwa_raw/WTI_candles_1h.json,lab/data/lighter_rwa_raw/WTI_fundings_1h.json,funding_only,train,pre_roll,unknown_from_public_candle_snapshot,,,,,,,0.00028500,0.0004,long,false,true,0,1,false,0,false,false,candle:record_missing,false,,false,true,false,partially_eligible,missing_candle,,1783706400
day7-v1,BRENTOIL,159,2026-07-10T19:00:00+00:00,1783710000000,lab/data/lighter_rwa_raw/BRENTOIL_candles_1h.json,lab/data/lighter_rwa_raw/BRENTOIL_fundings_1h.json,funding_only,train,pre_roll,unknown_from_public_candle_snapshot,,,,,,,0.00030444,0.0004,long,false,true,0,1,false,0,false,false,candle:record_missing,false,,false,true,false,partially_eligible,missing_candle,,1783710000
day7-v1,WTI,145,2026-07-10T19:00:00+00:00,1783710000000,lab/data/lighter_rwa_raw/WTI_candles_1h.json,lab/data/lighter_rwa_raw/WTI_fundings_1h.json,funding_only,train,pre_roll,unknown_from_public_candle_snapshot,,,,,,,0.00028622,0.0004,long,false,true,0,1,false,0,false,false,candle:record_missing,false,,false,true,false,partially_eligible,missing_candle,,1783710000
day7-v1,BRENTOIL,159,2026-07-10T20:00:00+00:00,1783713600000,lab/data/lighter_rwa_raw/BRENTOIL_candles_1h.json,lab/data/lighter_rwa_raw/BRENTOIL_fundings_1h.json,funding_only,train,pre_roll,unknown_from_public_candle_snapshot,,,,,,,0.00030416,0.0004,long,false,true,0,1,false,0,false,false,candle:record_missing,false,,false,true,false,partially_eligible,missing_candle,,1783713600
day7-v1,WTI,145,2026-07-10T20:00:00+00:00,1783713600000,lab/data/lighter_rwa_raw/WTI_candles_1h.json,lab/data/lighter_rwa_raw/WTI_fundings_1h.json,funding_only,train,pre_roll,unknown_from_public_candle_snapshot,,,,,,,0.00028614,0.0004,long,false,true,0,1,false,0,false,false,candle:record_missing,false,,false,true,false,partially_eligible,missing_candle,,1783713600
day7-v1,BRENTOIL,159,2026-07-10T21:00:00+00:00,1783717200000,lab/data/lighter_rwa_raw/BRENTOIL_candles_1h.json,lab/data/lighter_rwa_raw/BRENTOIL_fundings_1h.json,funding_only,train,pre_roll,unknown_from_public_candle_snapshot,,,,,,,0.00030412,0.0004,long,false,true,0,1,false,0,false,false,candle:record_missing,false,,false,true,false,partially_eligible,missing_candle,,1783717200
day7-v1,WTI,145,2026-07-10T21:00:00+00:00,1783717200000,lab/data/lighter_rwa_raw/WTI_candles_1h.json,lab/data/lighter_rwa_raw/WTI_fundings_1h.json,funding_only,train,pre_roll,unknown_from_public_candle_snapshot,,,,,,,0.00243029,0.0034,long,false,true,0,1,false,0,false,false,candle:record_missing,false,,false,true,false,partially_eligible,missing_candle,,1783717200
day7-v1,BRENTOIL,159,2026-07-10T22:00:00+00:00,1783720800000,lab/data/lighter_rwa_raw/BRENTOIL_candles_1h.json,lab/data/lighter_rwa_raw/BRENTOIL_fundings_1h.json,funding_only,train,pre_roll,unknown_from_public_candle_snapshot,,,,,,,0.02552331,0.0339,long,false,true,0,1,false,0,false,false,candle:record_missing,false,,false,true,false,partially_eligible,missing_candle,,1783720800
day7-v1,WTI,145,2026-07-10T22:00:00+00:00,1783720800000,lab/data/lighter_rwa_raw/WTI_candles_1h.json,lab/data/lighter_rwa_raw/WTI_fundings_1h.json,funding_only,train,pre_roll,unknown_from_public_candle_snapshot,,,,,,,0.00028594,0.0004,long,false,true,0,1,false,0,false,false,candle:record_missing,false,,false,true,false,partially_eligible,missing_candle,,1783720800
day7-v1,BRENTOIL,159,2026-07-10T23:00:00+00:00,1783724400000,lab/data/lighter_rwa_raw/BRENTOIL_candles_1h.json,lab/data/lighter_rwa_raw/BRENTOIL_fundings_1h.json,funding_only,train,pre_roll,unknown_from_public_candle_snapshot,,,,,,,0.01337943,0.0177,long,false,true,0,1,false,0,false,false,candle:record_missing,false,,false,true,false,partially_eligible,missing_candle,,1783724400
day7-v1,WTI,145,2026-07-10T23:00:00+00:00,1783724400000,lab/data/lighter_rwa_raw/WTI_candles_1h.json,lab/data/lighter_rwa_raw/WTI_fundings_1h.json,funding_only,train,pre_roll,unknown_from_public_candle_snapshot,,,,,,,0.00028586,0.0004,long,false,true,0,1,false,0,false,false,candle:record_missing,false,,false,true,false,partially_eligible,missing_candle,,1783724400
day7-v1,BRENTOIL,159,2026-07-11T00:00:00+00:00,1783728000000,lab/data/lighter_rwa_raw/BRENTOIL_candles_1h.json,lab/data/lighter_rwa_raw/BRENTOIL_fundings_1h.json,funding_only,train,pre_roll,unknown_from_public_candle_snapshot,,,,,,,0.00030280,0.0004,long,false,true,0,1,false,0,false,false,candle:record_missing,false,,false,true,false,partially_eligible,missing_candle,,1783728000
day7-v1,WTI,145,2026-07-11T00:00:00+00:00,1783728000000,lab/data/lighter_rwa_raw/WTI_candles_1h.json,lab/data/lighter_rwa_raw/WTI_fundings_1h.json,funding_only,train,pre_roll,unknown_from_public_candle_snapshot,,,,,,,0.00028592,0.0004,long,false,true,0,1,false,0,false,false,candle:record_missing,false,,false,true,false,partially_eligible,missing_candle,,1783728000
day7-v1,BRENTOIL,159,2026-07-11T01:00:00+00:00,1783731600000,lab/data/lighter_rwa_raw/BRENTOIL_candles_1h.json,lab/data/lighter_rwa_raw/BRENTOIL_fundings_1h.json,funding_only,train,pre_roll,unknown_from_public_candle_snapshot,,,,,,,0.00182016,0.0024,long,false,true,0,1,false,0,false,false,candle:record_missing,false,,false,true,false,partially_eligible,missing_candle,,1783731600
day7-v1,WTI,145,2026-07-11T01:00:00+00:00,1783731600000,lab/data/lighter_rwa_raw/WTI_candles_1h.json,lab/data/lighter_rwa_raw/WTI_fundings_1h.json,funding_only,train,pre_roll,unknown_from_public_candle_snapshot,,,,,,,0.00057254,0.0008,long,false,true,0,1,false,0,false,false,candle:record_missing,false,,false,true,false,partially_eligible,missing_candle,,1783731600
day7-v1,BRENTOIL,159,2026-07-11T02:00:00+00:00,1783735200000,lab/data/lighter_rwa_raw/BRENTOIL_candles_1h.json,lab/data/lighter_rwa_raw/BRENTOIL_fundings_1h.json,funding_only,train,pre_roll,unknown_from_public_candle_snapshot,,,,,,,0.00030320,0.0004,long,false,true,0,1,false,0,false,false,candle:record_missing,false,,false,true,false,partially_eligible,missing_candle,,1783735200
day7-v1,WTI,145,2026-07-11T02:00:00+00:00,1783735200000,lab/data/lighter_rwa_raw/WTI_candles_1h.json,lab/data/lighter_rwa_raw/WTI_fundings_1h.json,funding_only,train,pre_roll,unknown_from_public_candle_snapshot,,,,,,,0.00028603,0.0004,long,false,true,0,1,false,0,false,false,candle:record_missing,false,,false,true,false,partially_eligible,missing_candle,,1783735200
day7-v1,BRENTOIL,159,2026-07-11T03:00:00+00:00,1783738800000,lab/data/lighter_rwa_raw/BRENTOIL_candles_1h.json,lab/data/lighter_rwa_raw/BRENTOIL_fundings_1h.json,funding_only,train,pre_roll,unknown_from_public_candle_snapshot,,,,,,,0.00030324,0.0004,long,false,true,0,1,false,0,false,false,candle:record_missing,false,,false,true,false,partially_eligible,missing_candle,,1783738800
day7-v1,WTI,145,2026-07-11T03:00:00+00:00,1783738800000,lab/data/lighter_rwa_raw/WTI_candles_1h.json,lab/data/lighter_rwa_raw/WTI_fundings_1h.json,funding_only,train,pre_roll,unknown_from_public_candle_snapshot,,,,,,,0.00028598,0.0004,long,false,true,0,1,false,0,false,false,candle:record_missing,false,,false,true,false,partially_eligible,missing_candle,,1783738800
day7-v1,BRENTOIL,159,2026-07-11T04:00:00+00:00,1783742400000,lab/data/lighter_rwa_raw/BRENTOIL_candles_1h.json,lab/data/lighter_rwa_raw/BRENTOIL_fundings_1h.json,funding_only,train,pre_roll,unknown_from_public_candle_snapshot,,,,,,,0.00030356,0.0004,long,false,true,0,1,false,0,false,false,candle:record_missing,false,,false,true,false,partially_eligible,missing_candle,,1783742400
day7-v1,WTI,145,2026-07-11T04:00:00+00:00,1783742400000,lab/data/lighter_rwa_raw/WTI_candles_1h.json,lab/data/lighter_rwa_raw/WTI_fundings_1h.json,funding_only,train,pre_roll,unknown_from_public_candle_snapshot,,,,,,,0.00028616,0.0004,long,false,true,0,1,false,0,false,false,candle:record_missing,false,,false,true,false,partially_eligible,missing_candle,,1783742400
day7-v1,BRENTOIL,159,2026-07-11T05:00:00+00:00,1783746000000,lab/data/lighter_rwa_raw/BRENTOIL_candles_1h.json,lab/data/lighter_rwa_raw/BRENTOIL_fundings_1h.json,funding_only,train,pre_roll,unknown_from_public_candle_snapshot,,,,,,,0.00038000,0.0005,long,false,true,0,1,false,0,false,false,candle:record_missing,false,,false,true,false,partially_eligible,missing_candle,,1783746000
day7-v1,WTI,145,2026-07-11T05:00:00+00:00,1783746000000,lab/data/lighter_rwa_raw/WTI_candles_1h.json,lab/data/lighter_rwa_raw/WTI_fundings_1h.json,funding_only,train,pre_roll,unknown_from_public_candle_snapshot,,,,,,,0.00150455,0.0021,long,false,true,0,1,false,0,false,false,candle:record_missing,false,,false,true,false,partially_eligible,missing_candle,,1783746000
day7-v1,BRENTOIL,159,2026-07-11T06:00:00+00:00,1783749600000,lab/data/lighter_rwa_raw/BRENTOIL_candles_1h.json,lab/data/lighter_rwa_raw/BRENTOIL_fundings_1h.json,funding_only,train,pre_roll,unknown_from_public_candle_snapshot,,,,,,,0.00272880,0.0036,short,false,true,0,1,false,0,false,false,candle:record_missing,false,,false,true,false,partially_eligible,missing_candle,,1783749600
day7-v1,WTI,145,2026-07-11T06:00:00+00:00,1783749600000,lab/data/lighter_rwa_raw/WTI_candles_1h.json,lab/data/lighter_rwa_raw/WTI_fundings_1h.json,funding_only,train,pre_roll,unknown_from_public_candle_snapshot,,,,,,,0.00528834,0.0074,short,false,true,0,1,false,0,false,false,candle:record_missing,false,,false,true,false,partially_eligible,missing_candle,,1783749600
day7-v1,BRENTOIL,159,2026-07-11T07:00:00+00:00,1783753200000,lab/data/lighter_rwa_raw/BRENTOIL_candles_1h.json,lab/data/lighter_rwa_raw/BRENTOIL_fundings_1h.json,funding_only,train,pre_roll,unknown_from_public_candle_snapshot,,,,,,,0.00030308,0.0004,long,false,true,0,1,false,0,false,false,candle:record_missing,false,,false,true,false,partially_eligible,missing_candle,,1783753200
day7-v1,WTI,145,2026-07-11T07:00:00+00:00,1783753200000,lab/data/lighter_rwa_raw/WTI_candles_1h.json,lab/data/lighter_rwa_raw/WTI_fundings_1h.json,funding_only,train,pre_roll,unknown_from_public_candle_snapshot,,,,,,,0.00028584,0.0004,long,false,true,0,1,false,0,false,false,candle:record_missing,false,,false,true,false,partially_eligible,missing_candle,,1783753200
day7-v1,BRENTOIL,159,2026-07-11T08:00:00+00:00,1783756800000,lab/data/lighter_rwa_raw/BRENTOIL_candles_1h.json,lab/data/lighter_rwa_raw/BRENTOIL_fundings_1h.json,funding_only,train,pre_roll,unknown_from_public_candle_snapshot,,,,,,,0.00030308,0.0004,long,false,true,0,1,false,0,false,false,candle:record_missing,false,,false,true,false,partially_eligible,missing_candle,,1783756800
day7-v1,WTI,145,2026-07-11T08:00:00+00:00,1783756800000,lab/data/lighter_rwa_raw/WTI_candles_1h.json,lab/data/lighter_rwa_raw/WTI_fundings_1h.json,funding_only,train,pre_roll,unknown_from_public_candle_snapshot,,,,,,,0.00028585,0.0004,long,false,true,0,1,false,0,false,false,candle:record_missing,false,,false,true,false,partially_eligible,missing_candle,,1783756800
day7-v1,BRENTOIL,159,2026-07-11T09:00:00+00:00,1783760400000,lab/data/lighter_rwa_raw/BRENTOIL_candles_1h.json,lab/data/lighter_rwa_raw/BRENTOIL_fundings_1h.json,funding_only,train,pre_roll,unknown_from_public_candle_snapshot,,,,,,,0.00030336,0.0004,long,false,true,0,1,false,0,false,false,candle:record_missing,false,,false,true,false,partially_eligible,missing_candle,,1783760400
day7-v1,WTI,145,2026-07-11T09:00:00+00:00,1783760400000,lab/data/lighter_rwa_raw/WTI_candles_1h.json,lab/data/lighter_rwa_raw/WTI_fundings_1h.json,funding_only,train,pre_roll,unknown_from_public_candle_snapshot,,,,,,,0.00028614,0.0004,long,false,true,0,1,false,0,false,false,candle:record_missing,false,,false,true,false,partially_eligible,missing_candle,,1783760400
day7-v1,BRENTOIL,159,2026-07-11T10:00:00+00:00,1783764000000,lab/data/lighter_rwa_raw/BRENTOIL_candles_1h.json,lab/data/lighter_rwa_raw/BRENTOIL_fundings_1h.json,funding_only,train,pre_roll,unknown_from_public_candle_snapshot,,,,,,,0.00030360,0.0004,long,false,true,0,1,false,0,false,false,candle:record_missing,false,,false,true,false,partially_eligible,missing_candle,,1783764000
day7-v1,WTI,145,2026-07-11T10:00:00+00:00,1783764000000,lab/data/lighter_rwa_raw/WTI_candles_1h.json,lab/data/lighter_rwa_raw/WTI_fundings_1h.json,funding_only,train,pre_roll,unknown_from_public_candle_snapshot,,,,,,,0.00028622,0.0004,long,false,true,0,1,false,0,false,false,candle:record_missing,false,,false,true,false,partially_eligible,missing_candle,,1783764000
day7-v1,BRENTOIL,159,2026-07-11T11:00:00+00:00,1783767600000,lab/data/lighter_rwa_raw/BRENTOIL_candles_1h.json,lab/data/lighter_rwa_raw/BRENTOIL_fundings_1h.json,funding_only,train,pre_roll,unknown_from_public_candle_snapshot,,,,,,,0.00030388,0.0004,long,false,true,0,1,false,0,false,false,candle:record_missing,false,,false,true,false,partially_eligible,missing_candle,,1783767600
day7-v1,WTI,145,2026-07-11T11:00:00+00:00,1783767600000,lab/data/lighter_rwa_raw/WTI_candles_1h.json,lab/data/lighter_rwa_raw/WTI_fundings_1h.json,funding_only,train,pre_roll,unknown_from_public_candle_snapshot,,,,,,,0.00100309,0.0014,long,false,true,0,1,false,0,false,false,candle:record_missing,false,,false,true,false,partially_eligible,missing_candle,,1783767600
day7-v1,BRENTOIL,159,2026-07-11T12:00:00+00:00,1783771200000,lab/data/lighter_rwa_raw/BRENTOIL_candles_1h.json,lab/data/lighter_rwa_raw/BRENTOIL_fundings_1h.json,funding_only,train,pre_roll,unknown_from_public_candle_snapshot,,,,,,,0.00030420,0.0004,long,false,true,0,1,false,0,false,false,candle:record_missing,false,,false,true,false,partially_eligible,missing_candle,,1783771200
day7-v1,WTI,145,2026-07-11T12:00:00+00:00,1783771200000,lab/data/lighter_rwa_raw/WTI_candles_1h.json,lab/data/lighter_rwa_raw/WTI_fundings_1h.json,funding_only,train,pre_roll,unknown_from_public_candle_snapshot,,,,,,,0.00028668,0.0004,long,false,true,0,1,false,0,false,false,candle:record_missing,false,,false,true,false,partially_eligible,missing_candle,,1783771200
day7-v1,BRENTOIL,159,2026-07-11T13:00:00+00:00,1783774800000,lab/data/lighter_rwa_raw/BRENTOIL_candles_1h.json,lab/data/lighter_rwa_raw/BRENTOIL_fundings_1h.json,funding_only,train,pre_roll,unknown_from_public_candle_snapshot,,,,,,,0.00030452,0.0004,long,false,true,0,1,false,0,false,false,candle:record_missing,false,,false,true,false,partially_eligible,missing_candle,,1783774800
day7-v1,WTI,145,2026-07-11T13:00:00+00:00,1783774800000,lab/data/lighter_rwa_raw/WTI_candles_1h.json,lab/data/lighter_rwa_raw/WTI_fundings_1h.json,funding_only,train,pre_roll,unknown_from_public_candle_snapshot,,,,,,,0.00078943,0.0011,long,false,true,0,1,false,0,false,false,candle:record_missing,false,,false,true,false,partially_eligible,missing_candle,,1783774800
day7-v1,BRENTOIL,159,2026-07-11T14:00:00+00:00,1783778400000,lab/data/lighter_rwa_raw/BRENTOIL_candles_1h.json,lab/data/lighter_rwa_raw/BRENTOIL_fundings_1h.json,funding_only,train,pre_roll,unknown_from_public_candle_snapshot,,,,,,,0.00030444,0.0004,long,false,true,0,1,false,0,false,false,candle:record_missing,false,,false,true,false,partially_eligible,missing_candle,,1783778400
day7-v1,WTI,145,2026-07-11T14:00:00+00:00,1783778400000,lab/data/lighter_rwa_raw/WTI_candles_1h.json,lab/data/lighter_rwa_raw/WTI_fundings_1h.json,funding_only,train,pre_roll,unknown_from_public_candle_snapshot,,,,,,,0.00028703,0.0004,long,false,true,0,1,false,0,false,false,candle:record_missing,false,,false,true,false,partially_eligible,missing_candle,,1783778400
day7-v1,BRENTOIL,159,2026-07-11T15:00:00+00:00,1783782000000,lab/data/lighter_rwa_raw/BRENTOIL_candles_1h.json,lab/data/lighter_rwa_raw/BRENTOIL_fundings_1h.json,funding_only,train,pre_roll,unknown_from_public_candle_snapshot,,,,,,,0.00007600,0.0001,short,false,true,0,1,false,0,false,false,candle:record_missing,false,,false,true,false,partially_eligible,missing_candle,,1783782000
day7-v1,WTI,145,2026-07-11T15:00:00+00:00,1783782000000,lab/data/lighter_rwa_raw/WTI_candles_1h.json,lab/data/lighter_rwa_raw/WTI_fundings_1h.json,funding_only,train,pre_roll,unknown_from_public_candle_snapshot,,,,,,,0.00150473,0.0021,short,false,true,0,1,false,0,false,false,candle:record_missing,false,,false,true,false,partially_eligible,missing_candle,,1783782000
day7-v1,BRENTOIL,159,2026-07-11T16:00:00+00:00,1783785600000,lab/data/lighter_rwa_raw/BRENTOIL_candles_1h.json,lab/data/lighter_rwa_raw/BRENTOIL_fundings_1h.json,funding_only,train,pre_roll,unknown_from_public_candle_snapshot,,,,,,,0.00030372,0.0004,long,false,true,0,1,false,0,false,false,candle:record_missing,false,,false,true,false,partially_eligible,missing_candle,,1783785600
day7-v1,WTI,145,2026-07-11T16:00:00+00:00,1783785600000,lab/data/lighter_rwa_raw/WTI_candles_1h.json,lab/data/lighter_rwa_raw/WTI_fundings_1h.json,funding_only,train,pre_roll,unknown_from_public_candle_snapshot,,,,,,,0.00028648,0.0004,long,false,true,0,1,false,0,false,false,candle:record_missing,false,,false,true,false,partially_eligible,missing_candle,,1783785600
day7-v1,BRENTOIL,159,2026-07-11T17:00:00+00:00,1783789200000,lab/data/lighter_rwa_raw/BRENTOIL_candles_1h.json,lab/data/lighter_rwa_raw/BRENTOIL_fundings_1h.json,funding_only,train,pre_roll,unknown_from_public_candle_snapshot,,,,,,,0.00030340,0.0004,long,false,true,0,1,false,0,false,false,candle:record_missing,false,,false,true,false,partially_eligible,missing_candle,,1783789200
day7-v1,WTI,145,2026-07-11T17:00:00+00:00,1783789200000,lab/data/lighter_rwa_raw/WTI_candles_1h.json,lab/data/lighter_rwa_raw/WTI_fundings_1h.json,funding_only,train,pre_roll,unknown_from_public_candle_snapshot,,,,,,,0.00028624,0.0004,long,false,true,0,1,false,0,false,false,candle:record_missing,false,,false,true,false,partially_eligible,missing_candle,,1783789200
day7-v1,BRENTOIL,159,2026-07-11T18:00:00+00:00,1783792800000,lab/data/lighter_rwa_raw/BRENTOIL_candles_1h.json,lab/data/lighter_rwa_raw/BRENTOIL_fundings_1h.json,funding_only,train,pre_roll,unknown_from_public_candle_snapshot,,,,,,,0.00197600,0.0026,long,false,true,0,1,false,0,false,false,candle:record_missing,false,,false,true,false,partially_eligible,missing_candle,,1783792800
day7-v1,WTI,145,2026-07-11T18:00:00+00:00,1783792800000,lab/data/lighter_rwa_raw/WTI_candles_1h.json,lab/data/lighter_rwa_raw/WTI_fundings_1h.json,funding_only,train,pre_roll,unknown_from_public_candle_snapshot,,,,,,,0.00207881,0.0029,long,false,true,0,1,false,0,false,false,candle:record_missing,false,,false,true,false,partially_eligible,missing_candle,,1783792800
day7-v1,BRENTOIL,159,2026-07-11T19:00:00+00:00,1783796400000,lab/data/lighter_rwa_raw/BRENTOIL_candles_1h.json,lab/data/lighter_rwa_raw/BRENTOIL_fundings_1h.json,funding_only,train,pre_roll,unknown_from_public_candle_snapshot,,,,,,,0.00030432,0.0004,long,false,true,0,1,false,0,false,false,candle:record_missing,false,,false,true,false,partially_eligible,missing_candle,,1783796400
day7-v1,WTI,145,2026-07-11T19:00:00+00:00,1783796400000,lab/data/lighter_rwa_raw/WTI_candles_1h.json,lab/data/lighter_rwa_raw/WTI_fundings_1h.json,funding_only,train,pre_roll,unknown_from_public_candle_snapshot,,,,,,,0.00028702,0.0004,long,false,true,0,1,false,0,false,false,candle:record_missing,false,,false,true,false,partially_eligible,missing_candle,,1783796400
day7-v1,BRENTOIL,159,2026-07-11T20:00:00+00:00,1783800000000,lab/data/lighter_rwa_raw/BRENTOIL_candles_1h.json,lab/data/lighter_rwa_raw/BRENTOIL_fundings_1h.json,funding_only,train,pre_roll,unknown_from_public_candle_snapshot,,,,,,,0.00030384,0.0004,long,false,true,0,1,false,0,false,false,candle:record_missing,false,,false,true,false,partially_eligible,missing_candle,,1783800000
day7-v1,WTI,145,2026-07-11T20:00:00+00:00,1783800000000,lab/data/lighter_rwa_raw/WTI_candles_1h.json,lab/data/lighter_rwa_raw/WTI_fundings_1h.json,funding_only,train,pre_roll,unknown_from_public_candle_snapshot,,,,,,,0.00028693,0.0004,long,false,true,0,1,false,0,false,false,candle:record_missing,false,,false,true,false,partially_eligible,missing_candle,,1783800000
day7-v1,BRENTOIL,159,2026-07-11T21:00:00+00:00,1783803600000,lab/data/lighter_rwa_raw/BRENTOIL_candles_1h.json,lab/data/lighter_rwa_raw/BRENTOIL_fundings_1h.json,funding_only,train,pre_roll,unknown_from_public_candle_snapshot,,,,,,,0.00030400,0.0004,long,false,true,0,1,false,0,false,false,candle:record_missing,false,,false,true,false,partially_eligible,missing_candle,,1783803600
day7-v1,WTI,145,2026-07-11T21:00:00+00:00,1783803600000,lab/data/lighter_rwa_raw/WTI_candles_1h.json,lab/data/lighter_rwa_raw/WTI_fundings_1h.json,funding_only,train,pre_roll,unknown_from_public_candle_snapshot,,,,,,,0.00028712,0.0004,long,false,true,0,1,false,0,false,false,candle:record_missing,false,,false,true,false,partially_eligible,missing_candle,,1783803600
day7-v1,BRENTOIL,159,2026-07-11T22:00:00+00:00,1783807200000,lab/data/lighter_rwa_raw/BRENTOIL_candles_1h.json,lab/data/lighter_rwa_raw/BRENTOIL_fundings_1h.json,funding_only,train,pre_roll,unknown_from_public_candle_snapshot,,,,,,,0.00030396,0.0004,long,false,true,0,1,false,0,false,false,candle:record_missing,false,,false,true,false,partially_eligible,missing_candle,,1783807200
day7-v1,WTI,145,2026-07-11T22:00:00+00:00,1783807200000,lab/data/lighter_rwa_raw/WTI_candles_1h.json,lab/data/lighter_rwa_raw/WTI_fundings_1h.json,funding_only,train,pre_roll,unknown_from_public_candle_snapshot,,,,,,,0.00028698,0.0004,long,false,true,0,1,false,0,false,false,candle:record_missing,false,,false,true,false,partially_eligible,missing_candle,,1783807200
day7-v1,BRENTOIL,159,2026-07-11T23:00:00+00:00,1783810800000,lab/data/lighter_rwa_raw/BRENTOIL_candles_1h.json,lab/data/lighter_rwa_raw/BRENTOIL_fundings_1h.json,funding_only,train,pre_roll,unknown_from_public_candle_snapshot,,,,,,,0.04108800,0.0535,long,false,true,0,1,false,0,false,false,candle:record_missing,false,,false,true,false,partially_eligible,missing_candle,,1783810800
day7-v1,WTI,145,2026-07-11T23:00:00+00:00,1783810800000,lab/data/lighter_rwa_raw/WTI_candles_1h.json,lab/data/lighter_rwa_raw/WTI_fundings_1h.json,funding_only,train,pre_roll,unknown_from_public_candle_snapshot,,,,,,,0.04702925,0.0648,long,false,true,0,1,false,0,false,false,candle:record_missing,false,,false,true,false,partially_eligible,missing_candle,,1783810800
day7-v1,BRENTOIL,159,2026-07-12T00:00:00+00:00,1783814400000,lab/data/lighter_rwa_raw/BRENTOIL_candles_1h.json,lab/data/lighter_rwa_raw/BRENTOIL_fundings_1h.json,funding_only,train,pre_roll,unknown_from_public_candle_snapshot,,,,,,,0.02350528,0.0304,long,false,true,0,1,false,0,false,false,candle:record_missing,false,,false,true,false,partially_eligible,missing_candle,,1783814400
day7-v1,WTI,145,2026-07-12T00:00:00+00:00,1783814400000,lab/data/lighter_rwa_raw/WTI_candles_1h.json,lab/data/lighter_rwa_raw/WTI_fundings_1h.json,funding_only,train,pre_roll,unknown_from_public_candle_snapshot,,,,,,,0.02469665,0.0338,long,false,true,0,1,false,0,false,false,candle:record_missing,false,,false,true,false,partially_eligible,missing_candle,,1783814400
day7-v1,BRENTOIL,159,2026-07-12T01:00:00+00:00,1783818000000,lab/data/lighter_rwa_raw/BRENTOIL_candles_1h.json,lab/data/lighter_rwa_raw/BRENTOIL_fundings_1h.json,funding_only,train,pre_roll,unknown_from_public_candle_snapshot,,,,,,,0.03818601,0.0489,long,false,true,0,1,false,0,false,false,candle:record_missing,false,,false,true,false,partially_eligible,missing_candle,,1783818000
day7-v1,WTI,145,2026-07-12T01:00:00+00:00,1783818000000,lab/data/lighter_rwa_raw/WTI_candles_1h.json,lab/data/lighter_rwa_raw/WTI_fundings_1h.json,funding_only,train,pre_roll,unknown_from_public_candle_snapshot,,,,,,,0.03599537,0.0488,long,false,true,0,1,false,0,false,false,candle:record_missing,false,,false,true,false,partially_eligible,missing_candle,,1783818000
day7-v1,BRENTOIL,159,2026-07-12T02:00:00+00:00,1783821600000,lab/data/lighter_rwa_raw/BRENTOIL_candles_1h.json,lab/data/lighter_rwa_raw/BRENTOIL_fundings_1h.json,funding_only,train,pre_roll,unknown_from_public_candle_snapshot,,,,,,,0.00031208,0.0004,long,false,true,0,1,false,0,false,false,candle:record_missing,false,,false,true,false,partially_eligible,missing_candle,,1783821600
day7-v1,WTI,145,2026-07-12T02:00:00+00:00,1783821600000,lab/data/lighter_rwa_raw/WTI_candles_1h.json,lab/data/lighter_rwa_raw/WTI_fundings_1h.json,funding_only,train,pre_roll,unknown_from_public_candle_snapshot,,,,,,,0.00706214,0.0096,short,false,true,0,1,false,0,false,false,candle:record_missing,false,,false,true,false,partially_eligible,missing_candle,,1783821600
day7-v1,BRENTOIL,159,2026-07-12T03:00:00+00:00,1783825200000,lab/data/lighter_rwa_raw/BRENTOIL_candles_1h.json,lab/data/lighter_rwa_raw/BRENTOIL_fundings_1h.json,funding_only,train,pre_roll,unknown_from_public_candle_snapshot,,,,,,,0.00031208,0.0004,long,false,true,0,1,false,0,false,false,candle:record_missing,false,,false,true,false,partially_eligible,missing_candle,,1783825200
day7-v1,WTI,145,2026-07-12T03:00:00+00:00,1783825200000,lab/data/lighter_rwa_raw/WTI_candles_1h.json,lab/data/lighter_rwa_raw/WTI_fundings_1h.json,funding_only,train,pre_roll,unknown_from_public_candle_snapshot,,,,,,,0.00029425,0.0004,long,false,true,0,1,false,0,false,false,candle:record_missing,false,,false,true,false,partially_eligible,missing_candle,,1783825200
day7-v1,BRENTOIL,159,2026-07-12T04:00:00+00:00,1783828800000,lab/data/lighter_rwa_raw/BRENTOIL_candles_1h.json,lab/data/lighter_rwa_raw/BRENTOIL_fundings_1h.json,funding_only,train,pre_roll,unknown_from_public_candle_snapshot,,,,,,,0.01064353,0.0137,short,false,true,0,1,false,0,false,false,candle:record_missing,false,,false,true,false,partially_eligible,missing_candle,,1783828800
day7-v1,WTI,145,2026-07-12T04:00:00+00:00,1783828800000,lab/data/lighter_rwa_raw/WTI_candles_1h.json,lab/data/lighter_rwa_raw/WTI_fundings_1h.json,funding_only,train,pre_roll,unknown_from_public_candle_snapshot,,,,,,,0.01427810,0.0195,short,false,true,0,1,false,0,false,false,candle:record_missing,false,,false,true,false,partially_eligible,missing_candle,,1783828800
day7-v1,BRENTOIL,159,2026-07-12T05:00:00+00:00,1783832400000,lab/data/lighter_rwa_raw/BRENTOIL_candles_1h.json,lab/data/lighter_rwa_raw/BRENTOIL_fundings_1h.json,funding_only,train,pre_roll,unknown_from_public_candle_snapshot,,,,,,,0.00358156,0.0046,long,false,true,0,1,false,0,false,false,candle:record_missing,false,,false,true,false,partially_eligible,missing_candle,,1783832400
day7-v1,WTI,145,2026-07-12T05:00:00+00:00,1783832400000,lab/data/lighter_rwa_raw/WTI_candles_1h.json,lab/data/lighter_rwa_raw/WTI_fundings_1h.json,funding_only,train,pre_roll,unknown_from_public_candle_snapshot,,,,,,,0.00234710,0.0032,long,false,true,0,1,false,0,false,false,candle:record_missing,false,,false,true,false,partially_eligible,missing_candle,,1783832400
day7-v1,BRENTOIL,159,2026-07-12T06:00:00+00:00,1783836000000,lab/data/lighter_rwa_raw/BRENTOIL_candles_1h.json,lab/data/lighter_rwa_raw/BRENTOIL_fundings_1h.json,funding_only,train,pre_roll,unknown_from_public_candle_snapshot,,,,,,,0.00031172,0.0004,long,false,true,0,1,false,0,false,false,candle:record_missing,false,,false,true,false,partially_eligible,missing_candle,,1783836000
day7-v1,WTI,145,2026-07-12T06:00:00+00:00,1783836000000,lab/data/lighter_rwa_raw/WTI_candles_1h.json,lab/data/lighter_rwa_raw/WTI_fundings_1h.json,funding_only,train,pre_roll,unknown_from_public_candle_snapshot,,,,,,,0.00029344,0.0004,long,false,true,0,1,false,0,false,false,candle:record_missing,false,,false,true,false,partially_eligible,missing_candle,,1783836000
day7-v1,BRENTOIL,159,2026-07-12T07:00:00+00:00,1783839600000,lab/data/lighter_rwa_raw/BRENTOIL_candles_1h.json,lab/data/lighter_rwa_raw/BRENTOIL_fundings_1h.json,funding_only,train,pre_roll,unknown_from_public_candle_snapshot,,,,,,,0.00140058,0.0018,short,false,true,0,1,false,0,false,false,candle:record_missing,false,,false,true,false,partially_eligible,missing_candle,,1783839600
day7-v1,WTI,145,2026-07-12T07:00:00+00:00,1783839600000,lab/data/lighter_rwa_raw/WTI_candles_1h.json,lab/data/lighter_rwa_raw/WTI_fundings_1h.json,funding_only,train,pre_roll,unknown_from_public_candle_snapshot,,,,,,,0.00029341,0.0004,long,false,true,0,1,false,0,false,false,candle:record_missing,false,,false,true,false,partially_eligible,missing_candle,,1783839600
day7-v1,BRENTOIL,159,2026-07-12T08:00:00+00:00,1783843200000,lab/data/lighter_rwa_raw/BRENTOIL_candles_1h.json,lab/data/lighter_rwa_raw/BRENTOIL_fundings_1h.json,funding_only,train,pre_roll,unknown_from_public_candle_snapshot,,,,,,,0.01101210,0.0141,long,false,true,0,1,false,0,false,false,candle:record_missing,false,,false,true,false,partially_eligible,missing_candle,,1783843200
day7-v1,WTI,145,2026-07-12T08:00:00+00:00,1783843200000,lab/data/lighter_rwa_raw/WTI_candles_1h.json,lab/data/lighter_rwa_raw/WTI_fundings_1h.json,funding_only,train,pre_roll,unknown_from_public_candle_snapshot,,,,,,,0.01015859,0.0138,long,false,true,0,1,false,0,false,false,candle:record_missing,false,,false,true,false,partially_eligible,missing_candle,,1783843200
day7-v1,BRENTOIL,159,2026-07-12T09:00:00+00:00,1783846800000,lab/data/lighter_rwa_raw/BRENTOIL_candles_1h.json,lab/data/lighter_rwa_raw/BRENTOIL_fundings_1h.json,funding_only,train,pre_roll,unknown_from_public_candle_snapshot,,,,,,,0.00313000,0.0040,long,false,true,0,1,false,0,false,false,candle:record_missing,false,,false,true,false,partially_eligible,missing_candle,,1783846800
day7-v1,WTI,145,2026-07-12T09:00:00+00:00,1783846800000,lab/data/lighter_rwa_raw/WTI_candles_1h.json,lab/data/lighter_rwa_raw/WTI_fundings_1h.json,funding_only,train,pre_roll,unknown_from_public_candle_snapshot,,,,,,,0.00029446,0.0004,long,false,true,0,1,false,0,false,false,candle:record_missing,false,,false,true,false,partially_eligible,missing_candle,,1783846800
day7-v1,BRENTOIL,159,2026-07-12T10:00:00+00:00,1783850400000,lab/data/lighter_rwa_raw/BRENTOIL_candles_1h.json,lab/data/lighter_rwa_raw/BRENTOIL_fundings_1h.json,funding_only,train,pre_roll,unknown_from_public_candle_snapshot,,,,,,,0.00580678,0.0074,long,false,true,0,1,false,0,false,false,candle:record_missing,false,,false,true,false,partially_eligible,missing_candle,,1783850400
day7-v1,WTI,145,2026-07-12T10:00:00+00:00,1783850400000,lab/data/lighter_rwa_raw/WTI_candles_1h.json,lab/data/lighter_rwa_raw/WTI_fundings_1h.json,funding_only,train,pre_roll,unknown_from_public_candle_snapshot,,,,,,,0.00110585,0.0015,long,false,true,0,1,false,0,false,false,candle:record_missing,false,,false,true,false,partially_eligible,missing_candle,,1783850400
day7-v1,BRENTOIL,159,2026-07-12T11:00:00+00:00,1783854000000,lab/data/lighter_rwa_raw/BRENTOIL_candles_1h.json,lab/data/lighter_rwa_raw/BRENTOIL_fundings_1h.json,funding_only,train,pre_roll,unknown_from_public_candle_snapshot,,,,,,,0.00031424,0.0004,long,false,true,0,1,false,0,false,false,candle:record_missing,false,,false,true,false,partially_eligible,missing_candle,,1783854000
day7-v1,WTI,145,2026-07-12T11:00:00+00:00,1783854000000,lab/data/lighter_rwa_raw/WTI_candles_1h.json,lab/data/lighter_rwa_raw/WTI_fundings_1h.json,funding_only,train,pre_roll,unknown_from_public_candle_snapshot,,,,,,,0.00029516,0.0004,long,false,true,0,1,false,0,false,false,candle:record_missing,false,,false,true,false,partially_eligible,missing_candle,,1783854000
day7-v1,BRENTOIL,159,2026-07-12T12:00:00+00:00,1783857600000,lab/data/lighter_rwa_raw/BRENTOIL_candles_1h.json,lab/data/lighter_rwa_raw/BRENTOIL_fundings_1h.json,funding_only,train,pre_roll,unknown_from_public_candle_snapshot,,,,,,,0.00031408,0.0004,long,false,true,0,1,false,0,false,false,candle:record_missing,false,,false,true,false,partially_eligible,missing_candle,,1783857600
day7-v1,WTI,145,2026-07-12T12:00:00+00:00,1783857600000,lab/data/lighter_rwa_raw/WTI_candles_1h.json,lab/data/lighter_rwa_raw/WTI_fundings_1h.json,funding_only,train,pre_roll,unknown_from_public_candle_snapshot,,,,,,,0.00029491,0.0004,long,false,true,0,1,false,0,false,false,candle:record_missing,false,,false,true,false,partially_eligible,missing_candle,,1783857600
day7-v1,BRENTOIL,159,2026-07-12T13:00:00+00:00,1783861200000,lab/data/lighter_rwa_raw/BRENTOIL_candles_1h.json,lab/data/lighter_rwa_raw/BRENTOIL_fundings_1h.json,funding_only,train,pre_roll,unknown_from_public_candle_snapshot,,,,,,,0.01453218,0.0186,short,false,true,0,1,false,0,false,false,candle:record_missing,false,,false,true,false,partially_eligible,missing_candle,,1783861200
day7-v1,WTI,145,2026-07-12T13:00:00+00:00,1783861200000,lab/data/lighter_rwa_raw/WTI_candles_1h.json,lab/data/lighter_rwa_raw/WTI_fundings_1h.json,funding_only,train,pre_roll,unknown_from_public_candle_snapshot,,,,,,,0.01116318,0.0152,short,false,true,0,1,false,0,false,false,candle:record_missing,false,,false,true,false,partially_eligible,missing_candle,,1783861200
day7-v1,BRENTOIL,159,2026-07-12T14:00:00+00:00,1783864800000,lab/data/lighter_rwa_raw/BRENTOIL_candles_1h.json,lab/data/lighter_rwa_raw/BRENTOIL_fundings_1h.json,funding_only,train,pre_roll,unknown_from_public_candle_snapshot,,,,,,,0.00031280,0.0004,long,false,true,0,1,false,0,false,false,candle:record_missing,false,,false,true,false,partially_eligible,missing_candle,,1783864800
day7-v1,WTI,145,2026-07-12T14:00:00+00:00,1783864800000,lab/data/lighter_rwa_raw/WTI_candles_1h.json,lab/data/lighter_rwa_raw/WTI_fundings_1h.json,funding_only,train,pre_roll,unknown_from_public_candle_snapshot,,,,,,,0.00036768,0.0005,long,false,true,0,1,false,0,false,false,candle:record_missing,false,,false,true,false,partially_eligible,missing_candle,,1783864800
day7-v1,BRENTOIL,159,2026-07-12T15:00:00+00:00,1783868400000,lab/data/lighter_rwa_raw/BRENTOIL_candles_1h.json,lab/data/lighter_rwa_raw/BRENTOIL_fundings_1h.json,funding_only,train,pre_roll,unknown_from_public_candle_snapshot,,,,,,,0.00031280,0.0004,long,false,true,0,1,false,0,false,false,candle:record_missing,false,,false,true,false,partially_eligible,missing_candle,,1783868400
day7-v1,WTI,145,2026-07-12T15:00:00+00:00,1783868400000,lab/data/lighter_rwa_raw/WTI_candles_1h.json,lab/data/lighter_rwa_raw/WTI_fundings_1h.json,funding_only,train,pre_roll,unknown_from_public_candle_snapshot,,,,,,,0.00029409,0.0004,long,false,true,0,1,false,0,false,false,candle:record_missing,false,,false,true,false,partially_eligible,missing_candle,,1783868400
day7-v1,BRENTOIL,159,2026-07-12T16:00:00+00:00,1783872000000,lab/data/lighter_rwa_raw/BRENTOIL_candles_1h.json,lab/data/lighter_rwa_raw/BRENTOIL_fundings_1h.json,funding_only,train,pre_roll,unknown_from_public_candle_snapshot,,,,,,,0.00031272,0.0004,long,false,true,0,1,false,0,false,false,candle:record_missing,false,,false,true,false,partially_eligible,missing_candle,,1783872000
day7-v1,WTI,145,2026-07-12T16:00:00+00:00,1783872000000,lab/data/lighter_rwa_raw/WTI_candles_1h.json,lab/data/lighter_rwa_raw/WTI_fundings_1h.json,funding_only,train,pre_roll,unknown_from_public_candle_snapshot,,,,,,,0.00029373,0.0004,short,false,true,0,1,false,0,false,false,candle:record_missing,false,,false,true,false,partially_eligible,missing_candle,,1783872000
day7-v1,BRENTOIL,159,2026-07-12T17:00:00+00:00,1783875600000,lab/data/lighter_rwa_raw/BRENTOIL_candles_1h.json,lab/data/lighter_rwa_raw/BRENTOIL_fundings_1h.json,funding_only,train,pre_roll,unknown_from_public_candle_snapshot,,,,,,,0.00187944,0.0024,long,false,true,0,1,false,0,false,false,candle:record_missing,false,,false,true,false,partially_eligible,missing_candle,,1783875600
day7-v1,WTI,145,2026-07-12T17:00:00+00:00,1783875600000,lab/data/lighter_rwa_raw/WTI_candles_1h.json,lab/data/lighter_rwa_raw/WTI_fundings_1h.json,funding_only,train,pre_roll,unknown_from_public_candle_snapshot,,,,,,,0.00095609,0.0013,long,false,true,0,1,false,0,false,false,candle:record_missing,false,,false,true,false,partially_eligible,missing_candle,,1783875600
day7-v1,BRENTOIL,159,2026-07-12T18:00:00+00:00,1783879200000,lab/data/lighter_rwa_raw/BRENTOIL_candles_1h.json,lab/data/lighter_rwa_raw/BRENTOIL_fundings_1h.json,funding_only,train,pre_roll,unknown_from_public_candle_snapshot,,,,,,,0.01077094,0.0137,long,false,true,0,1,false,0,false,false,candle:record_missing,false,,false,true,false,partially_eligible,missing_candle,,1783879200
day7-v1,WTI,145,2026-07-12T18:00:00+00:00,1783879200000,lab/data/lighter_rwa_raw/WTI_candles_1h.json,lab/data/lighter_rwa_raw/WTI_fundings_1h.json,funding_only,train,pre_roll,unknown_from_public_candle_snapshot,,,,,,,0.01040763,0.0141,long,false,true,0,1,false,0,false,false,candle:record_missing,false,,false,true,false,partially_eligible,missing_candle,,1783879200
day7-v1,BRENTOIL,159,2026-07-12T19:00:00+00:00,1783882800000,lab/data/lighter_rwa_raw/BRENTOIL_candles_1h.json,lab/data/lighter_rwa_raw/BRENTOIL_fundings_1h.json,funding_only,train,pre_roll,unknown_from_public_candle_snapshot,,,,,,,0.00031480,0.0004,long,false,true,0,1,false,0,false,false,candle:record_missing,false,,false,true,false,partially_eligible,missing_candle,,1783882800
day7-v1,WTI,145,2026-07-12T19:00:00+00:00,1783882800000,lab/data/lighter_rwa_raw/WTI_candles_1h.json,lab/data/lighter_rwa_raw/WTI_fundings_1h.json,funding_only,train,pre_roll,unknown_from_public_candle_snapshot,,,,,,,0.00044339,0.0006,long,false,true,0,1,false,0,false,false,candle:record_missing,false,,false,true,false,partially_eligible,missing_candle,,1783882800
day7-v1,BRENTOIL,159,2026-07-12T20:00:00+00:00,1783886400000,lab/data/lighter_rwa_raw/BRENTOIL_candles_1h.json,lab/data/lighter_rwa_raw/BRENTOIL_fundings_1h.json,funding_only,train,pre_roll,unknown_from_public_candle_snapshot,,,,,,,0.00204256,0.0026,short,false,true,0,1,false,0,false,false,candle:record_missing,false,,false,true,false,partially_eligible,missing_candle,,1783886400
day7-v1,WTI,145,2026-07-12T20:00:00+00:00,1783886400000,lab/data/lighter_rwa_raw/WTI_candles_1h.json,lab/data/lighter_rwa_raw/WTI_fundings_1h.json,funding_only,train,pre_roll,unknown_from_public_candle_snapshot,,,,,,,0.00243458,0.0033,short,false,true,0,1,false,0,false,false,candle:record_missing,false,,false,true,false,partially_eligible,missing_candle,,1783886400
day7-v1,BRENTOIL,159,2026-07-12T21:00:00+00:00,1783890000000,lab/data/lighter_rwa_raw/BRENTOIL_candles_1h.json,lab/data/lighter_rwa_raw/BRENTOIL_fundings_1h.json,funding_only,train,pre_roll,unknown_from_public_candle_snapshot,,,,,,,0.00472560,0.0060,long,false,true,0,1,false,0,false,false,candle:record_missing,false,,false,true,false,partially_eligible,missing_candle,,1783890000
day7-v1,WTI,145,2026-07-12T21:00:00+00:00,1783890000000,lab/data/lighter_rwa_raw/WTI_candles_1h.json,lab/data/lighter_rwa_raw/WTI_fundings_1h.json,funding_only,train,pre_roll,unknown_from_public_candle_snapshot,,,,,,,0.00251267,0.0034,long,false,true,0,1,false,0,false,false,candle:record_missing,false,,false,true,false,partially_eligible,missing_candle,,1783890000
day7-v1,BRENTOIL,159,2026-07-12T22:00:00+00:00,1783893600000,lab/data/lighter_rwa_raw/BRENTOIL_candles_1h.json,lab/data/lighter_rwa_raw/BRENTOIL_fundings_1h.json,funding_only,train,pre_roll,unknown_from_public_candle_snapshot,,,,,,,0.00031528,0.0004,long,false,true,0,1,false,0,false,false,candle:record_missing,false,,false,true,false,partially_eligible,missing_candle,,1783893600
day7-v1,WTI,145,2026-07-12T22:00:00+00:00,1783893600000,lab/data/lighter_rwa_raw/WTI_candles_1h.json,lab/data/lighter_rwa_raw/WTI_fundings_1h.json,funding_only,train,pre_roll,unknown_from_public_candle_snapshot,,,,,,,0.00029577,0.0004,long,false,true,0,1,false,0,false,false,candle:record_missing,false,,false,true,false,partially_eligible,missing_candle,,1783893600
day7-v1,BRENTOIL,159,2026-07-12T23:00:00+00:00,1783897200000,lab/data/lighter_rwa_raw/BRENTOIL_candles_1h.json,lab/data/lighter_rwa_raw/BRENTOIL_fundings_1h.json,funding_only,train,pre_roll,unknown_from_public_candle_snapshot,,,,,,,0.00031320,0.0004,long,false,true,0,1,false,0,false,false,candle:record_missing,false,,false,true,false,partially_eligible,missing_candle,,1783897200
day7-v1,WTI,145,2026-07-12T23:00:00+00:00,1783897200000,lab/data/lighter_rwa_raw/WTI_candles_1h.json,lab/data/lighter_rwa_raw/WTI_fundings_1h.json,funding_only,train,pre_roll,unknown_from_public_candle_snapshot,,,,,,,0.00029431,0.0004,long,false,true,0,1,false,0,false,false,candle:record_missing,false,,false,true,false,partially_eligible,missing_candle,,1783897200
day7-v1,BRENTOIL,159,2026-07-13T00:00:00+00:00,1783900800000,lab/data/lighter_rwa_raw/BRENTOIL_candles_1h.json,lab/data/lighter_rwa_raw/BRENTOIL_fundings_1h.json,funding_only,train,pre_roll,unknown_from_public_candle_snapshot,,,,,,,0.00031344,0.0004,long,false,true,0,1,false,0,false,false,candle:record_missing,false,,false,true,false,partially_eligible,missing_candle,,1783900800
day7-v1,WTI,145,2026-07-13T00:00:00+00:00,1783900800000,lab/data/lighter_rwa_raw/WTI_candles_1h.json,lab/data/lighter_rwa_raw/WTI_fundings_1h.json,funding_only,train,pre_roll,unknown_from_public_candle_snapshot,,,,,,,0.00029464,0.0004,long,false,true,0,1,false,0,false,false,candle:record_missing,false,,false,true,false,partially_eligible,missing_candle,,1783900800
day7-v1,BRENTOIL,159,2026-07-13T01:00:00+00:00,1783904400000,lab/data/lighter_rwa_raw/BRENTOIL_candles_1h.json,lab/data/lighter_rwa_raw/BRENTOIL_fundings_1h.json,funding_only,train,pre_roll,unknown_from_public_candle_snapshot,,,,,,,0.00031512,0.0004,long,false,true,0,1,false,0,false,false,candle:record_missing,false,,false,true,false,partially_eligible,missing_candle,,1783904400
day7-v1,WTI,145,2026-07-13T01:00:00+00:00,1783904400000,lab/data/lighter_rwa_raw/WTI_candles_1h.json,lab/data/lighter_rwa_raw/WTI_fundings_1h.json,funding_only,train,pre_roll,unknown_from_public_candle_snapshot,,,,,,,0.00051912,0.0007,short,false,true,0,1,false,0,false,false,candle:record_missing,false,,false,true,false,partially_eligible,missing_candle,,1783904400
day7-v1,BRENTOIL,159,2026-07-13T02:00:00+00:00,1783908000000,lab/data/lighter_rwa_raw/BRENTOIL_candles_1h.json,lab/data/lighter_rwa_raw/BRENTOIL_fundings_1h.json,funding_only,train,pre_roll,unknown_from_public_candle_snapshot,,,,,,,0.00031584,0.0004,long,false,true,0,1,false,0,false,false,candle:record_missing,false,,false,true,false,partially_eligible,missing_candle,,1783908000
day7-v1,WTI,145,2026-07-13T02:00:00+00:00,1783908000000,lab/data/lighter_rwa_raw/WTI_candles_1h.json,lab/data/lighter_rwa_raw/WTI_fundings_1h.json,funding_only,train,pre_roll,unknown_from_public_candle_snapshot,,,,,,,0.00029712,0.0004,long,false,true,0,1,false,0,false,false,candle:record_missing,false,,false,true,false,partially_eligible,missing_candle,,1783908000
day7-v1,BRENTOIL,159,2026-07-13T03:00:00+00:00,1783911600000,lab/data/lighter_rwa_raw/BRENTOIL_candles_1h.json,lab/data/lighter_rwa_raw/BRENTOIL_fundings_1h.json,funding_only,train,pre_roll,unknown_from_public_candle_snapshot,,,,,,,0.00031524,0.0004,long,false,true,0,1,false,0,false,false,candle:record_missing,false,,false,true,false,partially_eligible,missing_candle,,1783911600
day7-v1,WTI,145,2026-07-13T03:00:00+00:00,1783911600000,lab/data/lighter_rwa_raw/WTI_candles_1h.json,lab/data/lighter_rwa_raw/WTI_fundings_1h.json,funding_only,train,pre_roll,unknown_from_public_candle_snapshot,,,,,,,0.00029667,0.0004,long,false,true,0,1,false,0,false,false,candle:record_missing,false,,false,true,false,partially_eligible,missing_candle,,1783911600
day7-v1,BRENTOIL,159,2026-07-13T04:00:00+00:00,1783915200000,lab/data/lighter_rwa_raw/BRENTOIL_candles_1h.json,lab/data/lighter_rwa_raw/BRENTOIL_fundings_1h.json,funding_only,train,pre_roll,unknown_from_public_candle_snapshot,,,,,,,0.00031560,0.0004,long,false,true,0,1,false,0,false,false,candle:record_missing,false,,false,true,false,partially_eligible,missing_candle,,1783915200
day7-v1,WTI,145,2026-07-13T04:00:00+00:00,1783915200000,lab/data/lighter_rwa_raw/WTI_candles_1h.json,lab/data/lighter_rwa_raw/WTI_fundings_1h.json,funding_only,train,pre_roll,unknown_from_public_candle_snapshot,,,,,,,0.00000000,0.0000,long,false,true,0,1,false,0,false,false,candle:record_missing|funding:value|rate,false,,false,true,false,partially_eligible,missing_candle,,1783915200
day7-v1,BRENTOIL,159,2026-07-13T05:00:00+00:00,1783918800000,lab/data/lighter_rwa_raw/BRENTOIL_candles_1h.json,lab/data/lighter_rwa_raw/BRENTOIL_fundings_1h.json,funding_only,train,pre_roll,unknown_from_public_candle_snapshot,,,,,,,0.00031636,0.0004,long,false,true,0,1,false,0,false,false,candle:record_missing,false,,false,true,false,partially_eligible,missing_candle,,1783918800
day7-v1,WTI,145,2026-07-13T05:00:00+00:00,1783918800000,lab/data/lighter_rwa_raw/WTI_candles_1h.json,lab/data/lighter_rwa_raw/WTI_fundings_1h.json,funding_only,train,pre_roll,unknown_from_public_candle_snapshot,,,,,,,0.00074442,0.0010,short,false,true,0,1,false,0,false,false,candle:record_missing,false,,false,true,false,partially_eligible,missing_candle,,1783918800
day7-v1,BRENTOIL,159,2026-07-13T06:00:00+00:00,1783922400000,lab/data/lighter_rwa_raw/BRENTOIL_candles_1h.json,lab/data/lighter_rwa_raw/BRENTOIL_fundings_1h.json,funding_only,train,pre_roll,unknown_from_public_candle_snapshot,,,,,,,0.00031704,0.0004,long,false,true,0,1,false,0,false,false,candle:record_missing,false,,false,true,false,partially_eligible,missing_candle,,1783922400
day7-v1,WTI,145,2026-07-13T06:00:00+00:00,1783922400000,lab/data/lighter_rwa_raw/WTI_candles_1h.json,lab/data/lighter_rwa_raw/WTI_fundings_1h.json,funding_only,train,pre_roll,unknown_from_public_candle_snapshot,,,,,,,0.00029852,0.0004,long,false,true,0,1,false,0,false,false,candle:record_missing,false,,false,true,false,partially_eligible,missing_candle,,1783922400
day7-v1,BRENTOIL,159,2026-07-13T07:00:00+00:00,1783926000000,lab/data/lighter_rwa_raw/BRENTOIL_candles_1h.json,lab/data/lighter_rwa_raw/BRENTOIL_fundings_1h.json,funding_only,train,pre_roll,unknown_from_public_candle_snapshot,,,,,,,0.00031460,0.0004,long,false,true,0,1,false,0,false,false,candle:record_missing,false,,false,true,false,partially_eligible,missing_candle,,1783926000
day7-v1,WTI,145,2026-07-13T07:00:00+00:00,1783926000000,lab/data/lighter_rwa_raw/WTI_candles_1h.json,lab/data/lighter_rwa_raw/WTI_fundings_1h.json,funding_only,train,pre_roll,unknown_from_public_candle_snapshot,,,,,,,0.00029591,0.0004,long,false,true,0,1,false,0,false,false,candle:record_missing,false,,false,true,false,partially_eligible,missing_candle,,1783926000
day7-v1,BRENTOIL,159,2026-07-13T08:00:00+00:00,1783929600000,lab/data/lighter_rwa_raw/BRENTOIL_candles_1h.json,lab/data/lighter_rwa_raw/BRENTOIL_fundings_1h.json,funding_only,train,pre_roll,unknown_from_public_candle_snapshot,,,,,,,0.00031468,0.0004,long,false,true,0,1,false,0,false,false,candle:record_missing,false,,false,true,false,partially_eligible,missing_candle,,1783929600
day7-v1,WTI,145,2026-07-13T08:00:00+00:00,1783929600000,lab/data/lighter_rwa_raw/WTI_candles_1h.json,lab/data/lighter_rwa_raw/WTI_fundings_1h.json,funding_only,train,pre_roll,unknown_from_public_candle_snapshot,,,,,,,0.00029582,0.0004,long,false,true,0,1,false,0,false,false,candle:record_missing,false,,false,true,false,partially_eligible,missing_candle,,1783929600
day7-v1,BRENTOIL,159,2026-07-13T09:00:00+00:00,1783933200000,lab/data/lighter_rwa_raw/BRENTOIL_candles_1h.json,lab/data/lighter_rwa_raw/BRENTOIL_fundings_1h.json,funding_only,train,pre_roll,unknown_from_public_candle_snapshot,,,,,,,0.00031084,0.0004,long,false,true,0,1,false,0,false,false,candle:record_missing,false,,false,true,false,partially_eligible,missing_candle,,1783933200
day7-v1,WTI,145,2026-07-13T09:00:00+00:00,1783933200000,lab/data/lighter_rwa_raw/WTI_candles_1h.json,lab/data/lighter_rwa_raw/WTI_fundings_1h.json,funding_only,train,pre_roll,unknown_from_public_candle_snapshot,,,,,,,0.00029192,0.0004,long,false,true,0,1,false,0,false,false,candle:record_missing,false,,false,true,false,partially_eligible,missing_candle,,1783933200
day7-v1,BRENTOIL,159,2026-07-13T10:00:00+00:00,1783936800000,lab/data/lighter_rwa_raw/BRENTOIL_candles_1h.json,lab/data/lighter_rwa_raw/BRENTOIL_fundings_1h.json,funding_only,train,pre_roll,unknown_from_public_candle_snapshot,,,,,,,0.00031080,0.0004,long,false,true,0,1,false,0,false,false,candle:record_missing,false,,false,true,false,partially_eligible,missing_candle,,1783936800
day7-v1,WTI,145,2026-07-13T10:00:00+00:00,1783936800000,lab/data/lighter_rwa_raw/WTI_candles_1h.json,lab/data/lighter_rwa_raw/WTI_fundings_1h.json,funding_only,train,pre_roll,unknown_from_public_candle_snapshot,,,,,,,0.00029222,0.0004,long,false,true,0,1,false,0,false,false,candle:record_missing,false,,false,true,false,partially_eligible,missing_candle,,1783936800
day7-v1,BRENTOIL,159,2026-07-13T11:00:00+00:00,1783940400000,lab/data/lighter_rwa_raw/BRENTOIL_candles_1h.json,lab/data/lighter_rwa_raw/BRENTOIL_fundings_1h.json,funding_only,train,pre_roll,unknown_from_public_candle_snapshot,,,,,,,0.00031336,0.0004,long,false,true,0,1,false,0,false,false,candle:record_missing,false,,false,true,false,partially_eligible,missing_candle,,1783940400
day7-v1,WTI,145,2026-07-13T11:00:00+00:00,1783940400000,lab/data/lighter_rwa_raw/WTI_candles_1h.json,lab/data/lighter_rwa_raw/WTI_fundings_1h.json,funding_only,train,pre_roll,unknown_from_public_candle_snapshot,,,,,,,0.00029490,0.0004,long,false,true,0,1,false,0,false,false,candle:record_missing,false,,false,true,false,partially_eligible,missing_candle,,1783940400
day7-v1,BRENTOIL,159,2026-07-13T12:00:00+00:00,1783944000000,lab/data/lighter_rwa_raw/BRENTOIL_candles_1h.json,lab/data/lighter_rwa_raw/BRENTOIL_fundings_1h.json,funding_only,train,pre_roll,unknown_from_public_candle_snapshot,,,,,,,0.00015688,0.0002,long,false,true,0,1,false,0,false,false,candle:record_missing,false,,false,true,false,partially_eligible,missing_candle,,1783944000
day7-v1,WTI,145,2026-07-13T12:00:00+00:00,1783944000000,lab/data/lighter_rwa_raw/WTI_candles_1h.json,lab/data/lighter_rwa_raw/WTI_fundings_1h.json,funding_only,train,pre_roll,unknown_from_public_candle_snapshot,,,,,,,0.00051630,0.0007,short,false,true,0,1,false,0,false,false,candle:record_missing,false,,false,true,false,partially_eligible,missing_candle,,1783944000
day7-v1,BRENTOIL,159,2026-07-13T13:00:00+00:00,1783947600000,lab/data/lighter_rwa_raw/BRENTOIL_candles_1h.json,lab/data/lighter_rwa_raw/BRENTOIL_fundings_1h.json,funding_only,train,pre_roll,unknown_from_public_candle_snapshot,,,,,,,0.00031416,0.0004,short,false,true,0,1,false,0,false,false,candle:record_missing,false,,false,true,false,partially_eligible,missing_candle,,1783947600
day7-v1,WTI,145,2026-07-13T13:00:00+00:00,1783947600000,lab/data/lighter_rwa_raw/WTI_candles_1h.json,lab/data/lighter_rwa_raw/WTI_fundings_1h.json,funding_only,train,pre_roll,unknown_from_public_candle_snapshot,,,,,,,0.00236026,0.0032,short,false,true,0,1,false,0,false,false,candle:record_missing,false,,false,true,false,partially_eligible,missing_candle,,1783947600
day7-v1,BRENTOIL,159,2026-07-13T14:00:00+00:00,1783951200000,lab/data/lighter_rwa_raw/BRENTOIL_candles_1h.json,lab/data/lighter_rwa_raw/BRENTOIL_fundings_1h.json,funding_only,train,pre_roll,unknown_from_public_candle_snapshot,,,,,,,0.00031352,0.0004,long,false,true,0,1,false,0,false,false,candle:record_missing,false,,false,true,false,partially_eligible,missing_candle,,1783951200
day7-v1,WTI,145,2026-07-13T14:00:00+00:00,1783951200000,lab/data/lighter_rwa_raw/WTI_candles_1h.json,lab/data/lighter_rwa_raw/WTI_fundings_1h.json,funding_only,train,pre_roll,unknown_from_public_candle_snapshot,,,,,,,0.00081055,0.0011,short,false,true,0,1,false,0,false,false,candle:record_missing,false,,false,true,false,partially_eligible,missing_candle,,1783951200
day7-v1,BRENTOIL,159,2026-07-13T15:00:00+00:00,1783954800000,lab/data/lighter_rwa_raw/BRENTOIL_candles_1h.json,lab/data/lighter_rwa_raw/BRENTOIL_fundings_1h.json,funding_only,train,pre_roll,unknown_from_public_candle_snapshot,,,,,,,0.00031652,0.0004,long,false,true,0,1,false,0,false,false,candle:record_missing,false,,false,true,false,partially_eligible,missing_candle,,1783954800
day7-v1,WTI,145,2026-07-13T15:00:00+00:00,1783954800000,lab/data/lighter_rwa_raw/WTI_candles_1h.json,lab/data/lighter_rwa_raw/WTI_fundings_1h.json,funding_only,train,pre_roll,unknown_from_public_candle_snapshot,,,,,,,0.00089302,0.0012,short,false,true,0,1,false,0,false,false,candle:record_missing,false,,false,true,false,partially_eligible,missing_candle,,1783954800
day7-v1,BRENTOIL,159,2026-07-13T16:00:00+00:00,1783958400000,lab/data/lighter_rwa_raw/BRENTOIL_candles_1h.json,lab/data/lighter_rwa_raw/BRENTOIL_fundings_1h.json,funding_only,train,pre_roll,unknown_from_public_candle_snapshot,,,,,,,0.00031824,0.0004,long,false,true,0,1,false,0,false,false,candle:record_missing,false,,false,true,false,partially_eligible,missing_candle,,1783958400
day7-v1,WTI,145,2026-07-13T16:00:00+00:00,1783958400000,lab/data/lighter_rwa_raw/WTI_candles_1h.json,lab/data/lighter_rwa_raw/WTI_fundings_1h.json,funding_only,train,pre_roll,unknown_from_public_candle_snapshot,,,,,,,0.00261734,0.0035,short,false,true,0,1,false,0,false,false,candle:record_missing,false,,false,true,false,partially_eligible,missing_candle,,1783958400
day7-v1,BRENTOIL,159,2026-07-13T17:00:00+00:00,1783962000000,lab/data/lighter_rwa_raw/BRENTOIL_candles_1h.json,lab/data/lighter_rwa_raw/BRENTOIL_fundings_1h.json,funding_only,train,pre_roll,unknown_from_public_candle_snapshot,,,,,,,0.00016072,0.0002,short,false,true,0,1,false,0,false,false,candle:record_missing,false,,false,true,false,partially_eligible,missing_candle,,1783962000
day7-v1,WTI,145,2026-07-13T17:00:00+00:00,1783962000000,lab/data/lighter_rwa_raw/WTI_candles_1h.json,lab/data/lighter_rwa_raw/WTI_fundings_1h.json,funding_only,train,pre_roll,unknown_from_public_candle_snapshot,,,,,,,0.00294957,0.0039,short,false,true,0,1,false,0,false,false,candle:record_missing,false,,false,true,false,partially_eligible,missing_candle,,1783962000
day7-v1,BRENTOIL,159,2026-07-13T18:00:00+00:00,1783965600000,lab/data/lighter_rwa_raw/BRENTOIL_candles_1h.json,lab/data/lighter_rwa_raw/BRENTOIL_fundings_1h.json,funding_only,train,pre_roll,unknown_from_public_candle_snapshot,,,,,,,0.00032888,0.0004,long,false,true,0,1,false,0,false,false,candle:record_missing,false,,false,true,false,partially_eligible,missing_candle,,1783965600
day7-v1,WTI,145,2026-07-13T18:00:00+00:00,1783965600000,lab/data/lighter_rwa_raw/WTI_candles_1h.json,lab/data/lighter_rwa_raw/WTI_fundings_1h.json,funding_only,train,pre_roll,unknown_from_public_candle_snapshot,,,,,,,0.00216952,0.0028,short,false,true,0,1,false,0,false,false,candle:record_missing,false,,false,true,false,partially_eligible,missing_candle,,1783965600
day7-v1,BRENTOIL,159,2026-07-13T19:00:00+00:00,1783969200000,lab/data/lighter_rwa_raw/BRENTOIL_candles_1h.json,lab/data/lighter_rwa_raw/BRENTOIL_fundings_1h.json,funding_only,train,pre_roll,unknown_from_public_candle_snapshot,,,,,,,0.00329640,0.0040,short,false,true,0,1,false,0,false,false,candle:record_missing,false,,false,true,false,partially_eligible,missing_candle,,1783969200
day7-v1,WTI,145,2026-07-13T19:00:00+00:00,1783969200000,lab/data/lighter_rwa_raw/WTI_candles_1h.json,lab/data/lighter_rwa_raw/WTI_fundings_1h.json,funding_only,train,pre_roll,unknown_from_public_candle_snapshot,,,,,,,0.00302324,0.0039,short,false,true,0,1,false,0,false,false,candle:record_missing,false,,false,true,false,partially_eligible,missing_candle,,1783969200
day7-v1,BRENTOIL,159,2026-07-13T20:00:00+00:00,1783972800000,lab/data/lighter_rwa_raw/BRENTOIL_candles_1h.json,lab/data/lighter_rwa_raw/BRENTOIL_fundings_1h.json,funding_only,train,pre_roll,unknown_from_public_candle_snapshot,,,,,,,0.00544896,0.0066,short,false,true,0,1,false,0,false,false,candle:record_missing,false,,false,true,false,partially_eligible,missing_candle,,1783972800
day7-v1,WTI,145,2026-07-13T20:00:00+00:00,1783972800000,lab/data/lighter_rwa_raw/WTI_candles_1h.json,lab/data/lighter_rwa_raw/WTI_fundings_1h.json,funding_only,train,pre_roll,unknown_from_public_candle_snapshot,,,,,,,0.00193830,0.0025,short,false,true,0,1,false,0,false,false,candle:record_missing,false,,false,true,false,partially_eligible,missing_candle,,1783972800
day7-v1,BRENTOIL,159,2026-07-13T21:00:00+00:00,1783976400000,lab/data/lighter_rwa_raw/BRENTOIL_candles_1h.json,lab/data/lighter_rwa_raw/BRENTOIL_fundings_1h.json,funding_only,train,pre_roll,unknown_from_public_candle_snapshot,,,,,,,0.00918858,0.0111,short,false,true,0,1,false,0,false,false,candle:record_missing,false,,false,true,false,partially_eligible,missing_candle,,1783976400
day7-v1,WTI,145,2026-07-13T21:00:00+00:00,1783976400000,lab/data/lighter_rwa_raw/WTI_candles_1h.json,lab/data/lighter_rwa_raw/WTI_fundings_1h.json,funding_only,train,pre_roll,unknown_from_public_candle_snapshot,,,,,,,0.00693114,0.0089,short,false,true,0,1,false,0,false,false,candle:record_missing,false,,false,true,false,partially_eligible,missing_candle,,1783976400
day7-v1,BRENTOIL,159,2026-07-13T22:00:00+00:00,1783980000000,lab/data/lighter_rwa_raw/BRENTOIL_candles_1h.json,lab/data/lighter_rwa_raw/BRENTOIL_fundings_1h.json,funding_only,train,pre_roll,unknown_from_public_candle_snapshot,,,,,,,0.01027588,0.0124,short,false,true,0,1,false,0,false,false,candle:record_missing,false,,false,true,false,partially_eligible,missing_candle,,1783980000
day7-v1,WTI,145,2026-07-13T22:00:00+00:00,1783980000000,lab/data/lighter_rwa_raw/WTI_candles_1h.json,lab/data/lighter_rwa_raw/WTI_fundings_1h.json,funding_only,train,pre_roll,unknown_from_public_candle_snapshot,,,,,,,0.00341942,0.0044,short,false,true,0,1,false,0,false,false,candle:record_missing,false,,false,true,false,partially_eligible,missing_candle,,1783980000
day7-v1,BRENTOIL,159,2026-07-13T23:00:00+00:00,1783983600000,lab/data/lighter_rwa_raw/BRENTOIL_candles_1h.json,lab/data/lighter_rwa_raw/BRENTOIL_fundings_1h.json,funding_only,train,pre_roll,unknown_from_public_candle_snapshot,,,,,,,0.00033144,0.0004,long,false,true,0,1,false,0,false,false,candle:record_missing,false,,false,true,false,partially_eligible,missing_candle,,1783983600
day7-v1,WTI,145,2026-07-13T23:00:00+00:00,1783983600000,lab/data/lighter_rwa_raw/WTI_candles_1h.json,lab/data/lighter_rwa_raw/WTI_fundings_1h.json,funding_only,train,pre_roll,unknown_from_public_candle_snapshot,,,,,,,0.00315400,0.0040,short,false,true,0,1,false,0,false,false,candle:record_missing,false,,false,true,false,partially_eligible,missing_candle,,1783983600
day7-v1,BRENTOIL,159,2026-07-14T00:00:00+00:00,1783987200000,lab/data/lighter_rwa_raw/BRENTOIL_candles_1h.json,lab/data/lighter_rwa_raw/BRENTOIL_fundings_1h.json,funding_only,train,pre_roll,unknown_from_public_candle_snapshot,,,,,,,0.03163892,0.0379,long,false,true,0,1,false,0,false,false,candle:record_missing,false,,false,true,false,partially_eligible,missing_candle,,1783987200
day7-v1,WTI,145,2026-07-14T00:00:00+00:00,1783987200000,lab/data/lighter_rwa_raw/WTI_candles_1h.json,lab/data/lighter_rwa_raw/WTI_fundings_1h.json,funding_only,train,pre_roll,unknown_from_public_candle_snapshot,,,,,,,0.00031518,0.0004,long,false,true,0,1,false,0,false,false,candle:record_missing,false,,false,true,false,partially_eligible,missing_candle,,1783987200
day7-v1,BRENTOIL,159,2026-07-14T01:00:00+00:00,1783990800000,lab/data/lighter_rwa_raw/BRENTOIL_candles_1h.json,lab/data/lighter_rwa_raw/BRENTOIL_fundings_1h.json,funding_only,train,pre_roll,unknown_from_public_candle_snapshot,,,,,,,0.00033732,0.0004,long,false,true,0,1,false,0,false,false,candle:record_missing,false,,false,true,false,partially_eligible,missing_candle,,1783990800
day7-v1,WTI,145,2026-07-14T01:00:00+00:00,1783990800000,lab/data/lighter_rwa_raw/WTI_candles_1h.json,lab/data/lighter_rwa_raw/WTI_fundings_1h.json,funding_only,train,pre_roll,unknown_from_public_candle_snapshot,,,,,,,0.00031830,0.0004,long,false,true,0,1,false,0,false,false,candle:record_missing,false,,false,true,false,partially_eligible,missing_candle,,1783990800
day7-v1,BRENTOIL,159,2026-07-14T02:00:00+00:00,1783994400000,lab/data/lighter_rwa_raw/BRENTOIL_candles_1h.json,lab/data/lighter_rwa_raw/BRENTOIL_fundings_1h.json,funding_only,train,pre_roll,unknown_from_public_candle_snapshot,,,,,,,0.00033460,0.0004,long,false,true,0,1,false,0,false,false,candle:record_missing,false,,false,true,false,partially_eligible,missing_candle,,1783994400
day7-v1,WTI,145,2026-07-14T02:00:00+00:00,1783994400000,lab/data/lighter_rwa_raw/WTI_candles_1h.json,lab/data/lighter_rwa_raw/WTI_fundings_1h.json,funding_only,train,pre_roll,unknown_from_public_candle_snapshot,,,,,,,0.00031652,0.0004,long,false,true,0,1,false,0,false,false,candle:record_missing,false,,false,true,false,partially_eligible,missing_candle,,1783994400
day7-v1,BRENTOIL,159,2026-07-14T03:00:00+00:00,1783998000000,lab/data/lighter_rwa_raw/BRENTOIL_candles_1h.json,lab/data/lighter_rwa_raw/BRENTOIL_fundings_1h.json,funding_only,train,pre_roll,unknown_from_public_candle_snapshot,,,,,,,0.00033460,0.0004,long,false,true,0,1,false,0,false,false,candle:record_missing,false,,false,true,false,partially_eligible,missing_candle,,1783998000
day7-v1,WTI,145,2026-07-14T03:00:00+00:00,1783998000000,lab/data/lighter_rwa_raw/WTI_candles_1h.json,lab/data/lighter_rwa_raw/WTI_fundings_1h.json,funding_only,train,pre_roll,unknown_from_public_candle_snapshot,,,,,,,0.00031636,0.0004,long,false,true,0,1,false,0,false,false,candle:record_missing,false,,false,true,false,partially_eligible,missing_candle,,1783998000
day7-v1,BRENTOIL,159,2026-07-14T04:00:00+00:00,1784001600000,lab/data/lighter_rwa_raw/BRENTOIL_candles_1h.json,lab/data/lighter_rwa_raw/BRENTOIL_fundings_1h.json,funding_only,train,pre_roll,unknown_from_public_candle_snapshot,,,,,,,0.00033524,0.0004,long,false,true,0,1,false,0,false,false,candle:record_missing,false,,false,true,false,partially_eligible,missing_candle,,1784001600
day7-v1,WTI,145,2026-07-14T04:00:00+00:00,1784001600000,lab/data/lighter_rwa_raw/WTI_candles_1h.json,lab/data/lighter_rwa_raw/WTI_fundings_1h.json,funding_only,train,pre_roll,unknown_from_public_candle_snapshot,,,,,,,0.00031664,0.0004,long,false,true,0,1,false,0,false,false,candle:record_missing,false,,false,true,false,partially_eligible,missing_candle,,1784001600
day7-v1,BRENTOIL,159,2026-07-14T05:00:00+00:00,1784005200000,lab/data/lighter_rwa_raw/BRENTOIL_candles_1h.json,lab/data/lighter_rwa_raw/BRENTOIL_fundings_1h.json,funding_only,train,pre_roll,unknown_from_public_candle_snapshot,,,,,,,0.00075519,0.0009,short,false,true,0,1,false,0,false,false,candle:record_missing,false,,false,true,false,partially_eligible,missing_candle,,1784005200
day7-v1,WTI,145,2026-07-14T05:00:00+00:00,1784005200000,lab/data/lighter_rwa_raw/WTI_candles_1h.json,lab/data/lighter_rwa_raw/WTI_fundings_1h.json,funding_only,train,pre_roll,unknown_from_public_candle_snapshot,,,,,,,0.00031724,0.0004,long,false,true,0,1,false,0,false,false,candle:record_missing,false,,false,true,false,partially_eligible,missing_candle,,1784005200
day7-v1,BRENTOIL,159,2026-07-14T06:00:00+00:00,1784008800000,lab/data/lighter_rwa_raw/BRENTOIL_candles_1h.json,lab/data/lighter_rwa_raw/BRENTOIL_fundings_1h.json,funding_only,train,pre_roll,unknown_from_public_candle_snapshot,,,,,,,0.00025041,0.0003,short,false,true,0,1,false,0,false,false,candle:record_missing,false,,false,true,false,partially_eligible,missing_candle,,1784008800
day7-v1,WTI,145,2026-07-14T06:00:00+00:00,1784008800000,lab/data/lighter_rwa_raw/WTI_candles_1h.json,lab/data/lighter_rwa_raw/WTI_fundings_1h.json,funding_only,train,pre_roll,unknown_from_public_candle_snapshot,,,,,,,0.00031560,0.0004,long,false,true,0,1,false,0,false,false,candle:record_missing,false,,false,true,false,partially_eligible,missing_candle,,1784008800
day7-v1,BRENTOIL,159,2026-07-14T07:00:00+00:00,1784012400000,lab/data/lighter_rwa_raw/BRENTOIL_candles_1h.json,lab/data/lighter_rwa_raw/BRENTOIL_fundings_1h.json,funding_only,train,pre_roll,unknown_from_public_candle_snapshot,,,,,,,0.00033760,0.0004,long,false,true,0,1,false,0,false,false,candle:record_missing,false,,false,true,false,partially_eligible,missing_candle,,1784012400
day7-v1,WTI,145,2026-07-14T07:00:00+00:00,1784012400000,lab/data/lighter_rwa_raw/WTI_candles_1h.json,lab/data/lighter_rwa_raw/WTI_fundings_1h.json,funding_only,train,pre_roll,unknown_from_public_candle_snapshot,,,,,,,0.00079903,0.0010,short,false,true,0,1,false,0,false,false,candle:record_missing,false,,false,true,false,partially_eligible,missing_candle,,1784012400
day7-v1,BRENTOIL,159,2026-07-14T08:00:00+00:00,1784016000000,lab/data/lighter_rwa_raw/BRENTOIL_candles_1h.json,lab/data/lighter_rwa_raw/BRENTOIL_fundings_1h.json,funding_only,train,pre_roll,unknown_from_public_candle_snapshot,,,,,,,0.00439868,0.0052,short,false,true,0,1,false,0,false,false,candle:record_missing,false,,false,true,false,partially_eligible,missing_candle,,1784016000
day7-v1,WTI,145,2026-07-14T08:00:00+00:00,1784016000000,lab/data/lighter_rwa_raw/WTI_candles_1h.json,lab/data/lighter_rwa_raw/WTI_fundings_1h.json,funding_only,train,pre_roll,unknown_from_public_candle_snapshot,,,,,,,0.00087839,0.0011,short,false,true,0,1,false,0,false,false,candle:record_missing,false,,false,true,false,partially_eligible,missing_candle,,1784016000
day7-v1,BRENTOIL,159,2026-07-14T09:00:00+00:00,1784019600000,lab/data/lighter_rwa_raw/BRENTOIL_candles_1h.json,lab/data/lighter_rwa_raw/BRENTOIL_fundings_1h.json,funding_only,train,pre_roll,unknown_from_public_candle_snapshot,,,,,,,0.00933367,0.0109,short,false,true,0,1,false,0,false,false,candle:record_missing,false,,false,true,false,partially_eligible,missing_candle,,1784019600
day7-v1,WTI,145,2026-07-14T09:00:00+00:00,1784019600000,lab/data/lighter_rwa_raw/WTI_candles_1h.json,lab/data/lighter_rwa_raw/WTI_fundings_1h.json,funding_only,train,pre_roll,unknown_from_public_candle_snapshot,,,,,,,0.00032204,0.0004,long,false,true,0,1,false,0,false,false,candle:record_missing,false,,false,true,false,partially_eligible,missing_candle,,1784019600
day7-v1,BRENTOIL,159,2026-07-14T10:00:00+00:00,1784023200000,lab/data/lighter_rwa_raw/BRENTOIL_candles_1h.json,lab/data/lighter_rwa_raw/BRENTOIL_fundings_1h.json,funding_only,train,pre_roll,unknown_from_public_candle_snapshot,,,,,,,0.00929443,0.0109,short,false,true,0,1,false,0,false,false,candle:record_missing,false,,false,true,false,partially_eligible,missing_candle,,1784023200
day7-v1,WTI,145,2026-07-14T10:00:00+00:00,1784023200000,lab/data/lighter_rwa_raw/WTI_candles_1h.json,lab/data/lighter_rwa_raw/WTI_fundings_1h.json,funding_only,train,pre_roll,unknown_from_public_candle_snapshot,,,,,,,0.00032022,0.0004,long,false,true,0,1,false,0,false,false,candle:record_missing,false,,false,true,false,partially_eligible,missing_candle,,1784023200
day7-v1,BRENTOIL,159,2026-07-14T11:00:00+00:00,1784026800000,lab/data/lighter_rwa_raw/BRENTOIL_candles_1h.json,lab/data/lighter_rwa_raw/BRENTOIL_fundings_1h.json,funding_only,train,pre_roll,unknown_from_public_candle_snapshot,,,,,,,0.00974472,0.0114,short,false,true,0,1,false,0,false,false,candle:record_missing,false,,false,true,false,partially_eligible,missing_candle,,1784026800
day7-v1,WTI,145,2026-07-14T11:00:00+00:00,1784026800000,lab/data/lighter_rwa_raw/WTI_candles_1h.json,lab/data/lighter_rwa_raw/WTI_fundings_1h.json,funding_only,train,pre_roll,unknown_from_public_candle_snapshot,,,,,,,0.00216748,0.0027,short,false,true,0,1,false,0,false,false,candle:record_missing,false,,false,true,false,partially_eligible,missing_candle,,1784026800
day7-v1,BRENTOIL,159,2026-07-14T12:00:00+00:00,1784030400000,lab/data/lighter_rwa_raw/BRENTOIL_candles_1h.json,lab/data/lighter_rwa_raw/BRENTOIL_fundings_1h.json,funding_only,train,pre_roll,unknown_from_public_candle_snapshot,,,,,,,0.01140075,0.0135,short,false,true,0,1,false,0,false,false,candle:record_missing,false,,false,true,false,partially_eligible,missing_candle,,1784030400
day7-v1,WTI,145,2026-07-14T12:00:00+00:00,1784030400000,lab/data/lighter_rwa_raw/WTI_candles_1h.json,lab/data/lighter_rwa_raw/WTI_fundings_1h.json,funding_only,train,pre_roll,unknown_from_public_candle_snapshot,,,,,,,0.00102748,0.0013,short,false,true,0,1,false,0,false,false,candle:record_missing,false,,false,true,false,partially_eligible,missing_candle,,1784030400
day7-v1,BRENTOIL,159,2026-07-14T13:00:00+00:00,1784034000000,lab/data/lighter_rwa_raw/BRENTOIL_candles_1h.json,lab/data/lighter_rwa_raw/BRENTOIL_fundings_1h.json,funding_only,train,pre_roll,unknown_from_public_candle_snapshot,,,,,,,0.01286067,0.0151,short,false,true,0,1,false,0,false,false,candle:record_missing,false,,false,true,false,partially_eligible,missing_candle,,1784034000
day7-v1,WTI,145,2026-07-14T13:00:00+00:00,1784034000000,lab/data/lighter_rwa_raw/WTI_candles_1h.json,lab/data/lighter_rwa_raw/WTI_fundings_1h.json,funding_only,train,pre_roll,unknown_from_public_candle_snapshot,,,,,,,0.00368235,0.0046,short,false,true,0,1,false,0,false,false,candle:record_missing,false,,false,true,false,partially_eligible,missing_candle,,1784034000
day7-v1,BRENTOIL,159,2026-07-14T14:00:00+00:00,1784037600000,lab/data/lighter_rwa_raw/BRENTOIL_candles_1h.json,lab/data/lighter_rwa_raw/BRENTOIL_fundings_1h.json,funding_only,train,pre_roll,unknown_from_public_candle_snapshot,,,,,,,0.01059156,0.0126,short,false,true,0,1,false,0,false,false,candle:record_missing,false,,false,true,false,partially_eligible,missing_candle,,1784037600
day7-v1,WTI,145,2026-07-14T14:00:00+00:00,1784037600000,lab/data/lighter_rwa_raw/WTI_candles_1h.json,lab/data/lighter_rwa_raw/WTI_fundings_1h.json,funding_only,train,pre_roll,unknown_from_public_candle_snapshot,,,,,,,0.00380947,0.0048,short,false,true,0,1,false,0,false,false,candle:record_missing,false,,false,true,false,partially_eligible,missing_candle,,1784037600
day7-v1,BRENTOIL,159,2026-07-14T15:00:00+00:00,1784041200000,lab/data/lighter_rwa_raw/BRENTOIL_candles_1h.json,lab/data/lighter_rwa_raw/BRENTOIL_fundings_1h.json,funding_only,train,pre_roll,unknown_from_public_candle_snapshot,,,,,,,0.01198800,0.0144,short,false,true,0,1,false,0,false,false,candle:record_missing,false,,false,true,false,partially_eligible,missing_candle,,1784041200
day7-v1,WTI,145,2026-07-14T15:00:00+00:00,1784041200000,lab/data/lighter_rwa_raw/WTI_candles_1h.json,lab/data/lighter_rwa_raw/WTI_fundings_1h.json,funding_only,train,pre_roll,unknown_from_public_candle_snapshot,,,,,,,0.00274274,0.0035,short,false,true,0,1,false,0,false,false,candle:record_missing,false,,false,true,false,partially_eligible,missing_candle,,1784041200
day7-v1,BRENTOIL,159,2026-07-14T16:00:00+00:00,1784044800000,lab/data/lighter_rwa_raw/BRENTOIL_candles_1h.json,lab/data/lighter_rwa_raw/BRENTOIL_fundings_1h.json,funding_only,train,pre_roll,unknown_from_public_candle_snapshot,,,,,,,0.00897088,0.0107,short,false,true,0,1,false,0,false,false,candle:record_missing,false,,false,true,false,partially_eligible,missing_candle,,1784044800
day7-v1,WTI,145,2026-07-14T16:00:00+00:00,1784044800000,lab/data/lighter_rwa_raw/WTI_candles_1h.json,lab/data/lighter_rwa_raw/WTI_fundings_1h.json,funding_only,train,pre_roll,unknown_from_public_candle_snapshot,,,,,,,0.00331619,0.0042,short,false,true,0,1,false,0,false,false,candle:record_missing,false,,false,true,false,partially_eligible,missing_candle,,1784044800
day7-v1,BRENTOIL,159,2026-07-14T17:00:00+00:00,1784048400000,lab/data/lighter_rwa_raw/BRENTOIL_candles_1h.json,lab/data/lighter_rwa_raw/BRENTOIL_fundings_1h.json,funding_only,train,pre_roll,unknown_from_public_candle_snapshot,,,,,,,0.01553472,0.0186,short,false,true,0,1,false,0,false,false,candle:record_missing,false,,false,true,false,partially_eligible,missing_candle,,1784048400
day7-v1,WTI,145,2026-07-14T17:00:00+00:00,1784048400000,lab/data/lighter_rwa_raw/WTI_candles_1h.json,lab/data/lighter_rwa_raw/WTI_fundings_1h.json,funding_only,train,pre_roll,unknown_from_public_candle_snapshot,,,,,,,0.00314736,0.0040,short,false,true,0,1,false,0,false,false,candle:record_missing,false,,false,true,false,partially_eligible,missing_candle,,1784048400
day7-v1,BRENTOIL,159,2026-07-14T18:00:00+00:00,1784052000000,lab/data/lighter_rwa_raw/BRENTOIL_candles_1h.json,lab/data/lighter_rwa_raw/BRENTOIL_fundings_1h.json,funding_only,train,pre_roll,unknown_from_public_candle_snapshot,,,,,,,0.01299324,0.0156,short,false,true,0,1,false,0,false,false,candle:record_missing,false,,false,true,false,partially_eligible,missing_candle,,1784052000
day7-v1,WTI,145,2026-07-14T18:00:00+00:00,1784052000000,lab/data/lighter_rwa_raw/WTI_candles_1h.json,lab/data/lighter_rwa_raw/WTI_fundings_1h.json,funding_only,train,pre_roll,unknown_from_public_candle_snapshot,,,,,,,0.00328877,0.0042,short,false,true,0,1,false,0,false,false,candle:record_missing,false,,false,true,false,partially_eligible,missing_candle,,1784052000
day7-v1,BRENTOIL,159,2026-07-14T19:00:00+00:00,1784055600000,lab/data/lighter_rwa_raw/BRENTOIL_candles_1h.json,lab/data/lighter_rwa_raw/BRENTOIL_fundings_1h.json,funding_only,train,pre_roll,unknown_from_public_candle_snapshot,,,,,,,0.01167183,0.0139,short,false,true,0,1,false,0,false,false,candle:record_missing,false,,false,true,false,partially_eligible,missing_candle,,1784055600
day7-v1,WTI,145,2026-07-14T19:00:00+00:00,1784055600000,lab/data/lighter_rwa_raw/WTI_candles_1h.json,lab/data/lighter_rwa_raw/WTI_fundings_1h.json,funding_only,train,pre_roll,unknown_from_public_candle_snapshot,,,,,,,0.00585022,0.0074,short,false,true,0,1,false,0,false,false,candle:record_missing,false,,false,true,false,partially_eligible,missing_candle,,1784055600
day7-v1,BRENTOIL,159,2026-07-14T20:00:00+00:00,1784059200000,lab/data/lighter_rwa_raw/BRENTOIL_candles_1h.json,lab/data/lighter_rwa_raw/BRENTOIL_fundings_1h.json,funding_only,train,pre_roll,unknown_from_public_candle_snapshot,,,,,,,0.01453719,0.0173,short,false,true,0,1,false,0,false,false,candle:record_missing,false,,false,true,false,partially_eligible,missing_candle,,1784059200
day7-v1,WTI,145,2026-07-14T20:00:00+00:00,1784059200000,lab/data/lighter_rwa_raw/WTI_candles_1h.json,lab/data/lighter_rwa_raw/WTI_fundings_1h.json,funding_only,train,pre_roll,unknown_from_public_candle_snapshot,,,,,,,0.00696318,0.0088,short,false,true,0,1,false,0,false,false,candle:record_missing,false,,false,true,false,partially_eligible,missing_candle,,1784059200
day7-v1,BRENTOIL,159,2026-07-14T21:00:00+00:00,1784062800000,lab/data/lighter_rwa_raw/BRENTOIL_candles_1h.json,lab/data/lighter_rwa_raw/BRENTOIL_fundings_1h.json,funding_only,train,pre_roll,unknown_from_public_candle_snapshot,,,,,,,0.02010468,0.0239,short,false,true,0,1,false,0,false,false,candle:record_missing,false,,false,true,false,partially_eligible,missing_candle,,1784062800
day7-v1,WTI,145,2026-07-14T21:00:00+00:00,1784062800000,lab/data/lighter_rwa_raw/WTI_candles_1h.json,lab/data/lighter_rwa_raw/WTI_fundings_1h.json,funding_only,train,pre_roll,unknown_from_public_candle_snapshot,,,,,,,0.00863803,0.0109,short,false,true,0,1,false,0,false,false,candle:record_missing,false,,false,true,false,partially_eligible,missing_candle,,1784062800
day7-v1,BRENTOIL,159,2026-07-14T22:00:00+00:00,1784066400000,lab/data/lighter_rwa_raw/BRENTOIL_candles_1h.json,lab/data/lighter_rwa_raw/BRENTOIL_fundings_1h.json,funding_only,train,pre_roll,unknown_from_public_candle_snapshot,,,,,,,0.01460034,0.0174,short,false,true,0,1,false,0,false,false,candle:record_missing,false,,false,true,false,partially_eligible,missing_candle,,1784066400
day7-v1,WTI,145,2026-07-14T22:00:00+00:00,1784066400000,lab/data/lighter_rwa_raw/WTI_candles_1h.json,lab/data/lighter_rwa_raw/WTI_fundings_1h.json,funding_only,train,pre_roll,unknown_from_public_candle_snapshot,,,,,,,0.00774318,0.0098,short,false,true,0,1,false,0,false,false,candle:record_missing,false,,false,true,false,partially_eligible,missing_candle,,1784066400
day7-v1,BRENTOIL,159,2026-07-14T23:00:00+00:00,1784070000000,lab/data/lighter_rwa_raw/BRENTOIL_candles_1h.json,lab/data/lighter_rwa_raw/BRENTOIL_fundings_1h.json,funding_only,train,pre_roll,unknown_from_public_candle_snapshot,,,,,,,0.00033592,0.0004,long,false,true,0,1,false,0,false,false,candle:record_missing,false,,false,true,false,partially_eligible,missing_candle,,1784070000
day7-v1,WTI,145,2026-07-14T23:00:00+00:00,1784070000000,lab/data/lighter_rwa_raw/WTI_candles_1h.json,lab/data/lighter_rwa_raw/WTI_fundings_1h.json,funding_only,train,pre_roll,unknown_from_public_candle_snapshot,,,,,,,0.00031690,0.0004,long,false,true,0,1,false,0,false,false,candle:record_missing,false,,false,true,false,partially_eligible,missing_candle,,1784070000
day7-v1,BRENTOIL,159,2026-07-15T00:00:00+00:00,1784073600000,lab/data/lighter_rwa_raw/BRENTOIL_candles_1h.json,lab/data/lighter_rwa_raw/BRENTOIL_fundings_1h.json,funding_only,train,pre_roll,unknown_from_public_candle_snapshot,,,,,,,0.00033548,0.0004,long,false,true,0,1,false,0,false,false,candle:record_missing,false,,false,true,false,partially_eligible,missing_candle,,1784073600
day7-v1,WTI,145,2026-07-15T00:00:00+00:00,1784073600000,lab/data/lighter_rwa_raw/WTI_candles_1h.json,lab/data/lighter_rwa_raw/WTI_fundings_1h.json,funding_only,train,pre_roll,unknown_from_public_candle_snapshot,,,,,,,0.00031650,0.0004,long,false,true,0,1,false,0,false,false,candle:record_missing,false,,false,true,false,partially_eligible,missing_candle,,1784073600
day7-v1,BRENTOIL,159,2026-07-15T01:00:00+00:00,1784077200000,lab/data/lighter_rwa_raw/BRENTOIL_candles_1h.json,lab/data/lighter_rwa_raw/BRENTOIL_fundings_1h.json,funding_only,train,pre_roll,unknown_from_public_candle_snapshot,,,,,,,0.00033724,0.0004,long,false,true,0,1,false,0,false,false,candle:record_missing,false,,false,true,false,partially_eligible,missing_candle,,1784077200
day7-v1,WTI,145,2026-07-15T01:00:00+00:00,1784077200000,lab/data/lighter_rwa_raw/WTI_candles_1h.json,lab/data/lighter_rwa_raw/WTI_fundings_1h.json,funding_only,train,pre_roll,unknown_from_public_candle_snapshot,,,,,,,0.00031780,0.0004,long,false,true,0,1,false,0,false,false,candle:record_missing,false,,false,true,false,partially_eligible,missing_candle,,1784077200
day7-v1,BRENTOIL,159,2026-07-15T02:00:00+00:00,1784080800000,lab/data/lighter_rwa_raw/BRENTOIL_candles_1h.json,lab/data/lighter_rwa_raw/BRENTOIL_fundings_1h.json,funding_only,train,pre_roll,unknown_from_public_candle_snapshot,,,,,,,0.00033688,0.0004,long,false,true,0,1,false,0,false,false,candle:record_missing,false,,false,true,false,partially_eligible,missing_candle,,1784080800
day7-v1,WTI,145,2026-07-15T02:00:00+00:00,1784080800000,lab/data/lighter_rwa_raw/WTI_candles_1h.json,lab/data/lighter_rwa_raw/WTI_fundings_1h.json,funding_only,train,pre_roll,unknown_from_public_candle_snapshot,,,,,,,0.00031778,0.0004,long,false,true,0,1,false,0,false,false,candle:record_missing,false,,false,true,false,partially_eligible,missing_candle,,1784080800
day7-v1,BRENTOIL,159,2026-07-15T03:00:00+00:00,1784084400000,lab/data/lighter_rwa_raw/BRENTOIL_candles_1h.json,lab/data/lighter_rwa_raw/BRENTOIL_fundings_1h.json,funding_only,train,pre_roll,unknown_from_public_candle_snapshot,,,,,,,0.00033744,0.0004,long,false,true,0,1,false,0,false,false,candle:record_missing,false,,false,true,false,partially_eligible,missing_candle,,1784084400
day7-v1,WTI,145,2026-07-15T03:00:00+00:00,1784084400000,lab/data/lighter_rwa_raw/WTI_candles_1h.json,lab/data/lighter_rwa_raw/WTI_fundings_1h.json,funding_only,train,pre_roll,unknown_from_public_candle_snapshot,,,,,,,0.00031808,0.0004,long,false,true,0,1,false,0,false,false,candle:record_missing,false,,false,true,false,partially_eligible,missing_candle,,1784084400
day7-v1,BRENTOIL,159,2026-07-15T04:00:00+00:00,1784088000000,lab/data/lighter_rwa_raw/BRENTOIL_candles_1h.json,lab/data/lighter_rwa_raw/BRENTOIL_fundings_1h.json,funding_only,train,pre_roll,unknown_from_public_candle_snapshot,,,,,,,0.00033616,0.0004,long,false,true,0,1,false,0,false,false,candle:record_missing,false,,false,true,false,partially_eligible,missing_candle,,1784088000
day7-v1,WTI,145,2026-07-15T04:00:00+00:00,1784088000000,lab/data/lighter_rwa_raw/WTI_candles_1h.json,lab/data/lighter_rwa_raw/WTI_fundings_1h.json,funding_only,train,pre_roll,unknown_from_public_candle_snapshot,,,,,,,0.00031672,0.0004,long,false,true,0,1,false,0,false,false,candle:record_missing,false,,false,true,false,partially_eligible,missing_candle,,1784088000
day7-v1,BRENTOIL,159,2026-07-15T05:00:00+00:00,1784091600000,lab/data/lighter_rwa_raw/BRENTOIL_candles_1h.json,lab/data/lighter_rwa_raw/BRENTOIL_fundings_1h.json,funding_only,train,pre_roll,unknown_from_public_candle_snapshot,,,,,,,0.00033568,0.0004,long,false,true,0,1,false,0,false,false,candle:record_missing,false,,false,true,false,partially_eligible,missing_candle,,1784091600
day7-v1,WTI,145,2026-07-15T05:00:00+00:00,1784091600000,lab/data/lighter_rwa_raw/WTI_candles_1h.json,lab/data/lighter_rwa_raw/WTI_fundings_1h.json,funding_only,train,pre_roll,unknown_from_public_candle_snapshot,,,,,,,0.00031614,0.0004,long,false,true,0,1,false,0,false,false,candle:record_missing,false,,false,true,false,partially_eligible,missing_candle,,1784091600
day7-v1,BRENTOIL,159,2026-07-15T06:00:00+00:00,1784095200000,lab/data/lighter_rwa_raw/BRENTOIL_candles_1h.json,lab/data/lighter_rwa_raw/BRENTOIL_fundings_1h.json,funding_only,train,pre_roll,unknown_from_public_candle_snapshot,,,,,,,0.00033508,0.0004,long,false,true,0,1,false,0,false,false,candle:record_missing,false,,false,true,false,partially_eligible,missing_candle,,1784095200
day7-v1,WTI,145,2026-07-15T06:00:00+00:00,1784095200000,lab/data/lighter_rwa_raw/WTI_candles_1h.json,lab/data/lighter_rwa_raw/WTI_fundings_1h.json,funding_only,train,pre_roll,unknown_from_public_candle_snapshot,,,,,,,0.00031580,0.0004,long,false,true,0,1,false,0,false,false,candle:record_missing,false,,false,true,false,partially_eligible,missing_candle,,1784095200
day7-v1,BRENTOIL,159,2026-07-15T07:00:00+00:00,1784098800000,lab/data/lighter_rwa_raw/BRENTOIL_candles_1h.json,lab/data/lighter_rwa_raw/BRENTOIL_fundings_1h.json,funding_only,train,pre_roll,unknown_from_public_candle_snapshot,,,,,,,0.00033604,0.0004,long,false,true,0,1,false,0,false,false,candle:record_missing,false,,false,true,false,partially_eligible,missing_candle,,1784098800
day7-v1,WTI,145,2026-07-15T07:00:00+00:00,1784098800000,lab/data/lighter_rwa_raw/WTI_candles_1h.json,lab/data/lighter_rwa_raw/WTI_fundings_1h.json,funding_only,train,pre_roll,unknown_from_public_candle_snapshot,,,,,,,0.00031684,0.0004,long,false,true,0,1,false,0,false,false,candle:record_missing,false,,false,true,false,partially_eligible,missing_candle,,1784098800
day7-v1,BRENTOIL,159,2026-07-15T08:00:00+00:00,1784102400000,lab/data/lighter_rwa_raw/BRENTOIL_candles_1h.json,lab/data/lighter_rwa_raw/BRENTOIL_fundings_1h.json,funding_only,train,pre_roll,unknown_from_public_candle_snapshot,,,,,,,0.00033764,0.0004,long,false,true,0,1,false,0,false,false,candle:record_missing,false,,false,true,false,partially_eligible,missing_candle,,1784102400
day7-v1,WTI,145,2026-07-15T08:00:00+00:00,1784102400000,lab/data/lighter_rwa_raw/WTI_candles_1h.json,lab/data/lighter_rwa_raw/WTI_fundings_1h.json,funding_only,train,pre_roll,unknown_from_public_candle_snapshot,,,,,,,0.00031900,0.0004,long,false,true,0,1,false,0,false,false,candle:record_missing,false,,false,true,false,partially_eligible,missing_candle,,1784102400
day7-v1,BRENTOIL,159,2026-07-15T09:00:00+00:00,1784106000000,lab/data/lighter_rwa_raw/BRENTOIL_candles_1h.json,lab/data/lighter_rwa_raw/BRENTOIL_fundings_1h.json,funding_only,train,pre_roll,unknown_from_public_candle_snapshot,,,,,,,0.00033304,0.0004,long,false,true,0,1,false,0,false,false,candle:record_missing,false,,false,true,false,partially_eligible,missing_candle,,1784106000
day7-v1,WTI,145,2026-07-15T09:00:00+00:00,1784106000000,lab/data/lighter_rwa_raw/WTI_candles_1h.json,lab/data/lighter_rwa_raw/WTI_fundings_1h.json,funding_only,train,pre_roll,unknown_from_public_candle_snapshot,,,,,,,0.00031474,0.0004,long,false,true,0,1,false,0,false,false,candle:record_missing,false,,false,true,false,partially_eligible,missing_candle,,1784106000
day7-v1,BRENTOIL,159,2026-07-15T10:00:00+00:00,1784109600000,lab/data/lighter_rwa_raw/BRENTOIL_candles_1h.json,lab/data/lighter_rwa_raw/BRENTOIL_fundings_1h.json,funding_only,train,pre_roll,unknown_from_public_candle_snapshot,,,,,,,0.00033580,0.0004,long,false,true,0,1,false,0,false,false,candle:record_missing,false,,false,true,false,partially_eligible,missing_candle,,1784109600
day7-v1,WTI,145,2026-07-15T10:00:00+00:00,1784109600000,lab/data/lighter_rwa_raw/WTI_candles_1h.json,lab/data/lighter_rwa_raw/WTI_fundings_1h.json,funding_only,train,pre_roll,unknown_from_public_candle_snapshot,,,,,,,0.00031756,0.0004,long,false,true,0,1,false,0,false,false,candle:record_missing,false,,false,true,false,partially_eligible,missing_candle,,1784109600
day7-v1,BRENTOIL,159,2026-07-15T11:00:00+00:00,1784113200000,lab/data/lighter_rwa_raw/BRENTOIL_candles_1h.json,lab/data/lighter_rwa_raw/BRENTOIL_fundings_1h.json,funding_only,train,pre_roll,unknown_from_public_candle_snapshot,,,,,,,0.00033548,0.0004,long,false,true,0,1,false,0,false,false,candle:record_missing,false,,false,true,false,partially_eligible,missing_candle,,1784113200
day7-v1,WTI,145,2026-07-15T11:00:00+00:00,1784113200000,lab/data/lighter_rwa_raw/WTI_candles_1h.json,lab/data/lighter_rwa_raw/WTI_fundings_1h.json,funding_only,train,pre_roll,unknown_from_public_candle_snapshot,,,,,,,0.00031696,0.0004,long,false,true,0,1,false,0,false,false,candle:record_missing,false,,false,true,false,partially_eligible,missing_candle,,1784113200
day7-v1,BRENTOIL,159,2026-07-15T12:00:00+00:00,1784116800000,lab/data/lighter_rwa_raw/BRENTOIL_candles_1h.json,lab/data/lighter_rwa_raw/BRENTOIL_fundings_1h.json,funding_only,train,pre_roll,unknown_from_public_candle_snapshot,,,,,,,0.00033416,0.0004,long,false,true,0,1,false,0,false,false,candle:record_missing,false,,false,true,false,partially_eligible,missing_candle,,1784116800
day7-v1,WTI,145,2026-07-15T12:00:00+00:00,1784116800000,lab/data/lighter_rwa_raw/WTI_candles_1h.json,lab/data/lighter_rwa_raw/WTI_fundings_1h.json,funding_only,train,pre_roll,unknown_from_public_candle_snapshot,,,,,,,0.00031584,0.0004,long,false,true,0,1,false,0,false,false,candle:record_missing,false,,false,true,false,partially_eligible,missing_candle,,1784116800
day7-v1,BRENTOIL,159,2026-07-15T13:00:00+00:00,1784120400000,lab/data/lighter_rwa_raw/BRENTOIL_candles_1h.json,lab/data/lighter_rwa_raw/BRENTOIL_fundings_1h.json,funding_only,train,pre_roll,unknown_from_public_candle_snapshot,,,,,,,0.00033432,0.0004,long,false,true,0,1,false,0,false,false,candle:record_missing,false,,false,true,false,partially_eligible,missing_candle,,1784120400
day7-v1,WTI,145,2026-07-15T13:00:00+00:00,1784120400000,lab/data/lighter_rwa_raw/WTI_candles_1h.json,lab/data/lighter_rwa_raw/WTI_fundings_1h.json,funding_only,train,pre_roll,unknown_from_public_candle_snapshot,,,,,,,0.00031658,0.0004,long,false,true,0,1,false,0,false,false,candle:record_missing,false,,false,true,false,partially_eligible,missing_candle,,1784120400
day7-v1,BRENTOIL,159,2026-07-15T14:00:00+00:00,1784124000000,lab/data/lighter_rwa_raw/BRENTOIL_candles_1h.json,lab/data/lighter_rwa_raw/BRENTOIL_fundings_1h.json,funding_only,train,pre_roll,unknown_from_public_candle_snapshot,,,,,,,0.00033408,0.0004,long,false,true,0,1,false,0,false,false,candle:record_missing,false,,false,true,false,partially_eligible,missing_candle,,1784124000
day7-v1,WTI,145,2026-07-15T14:00:00+00:00,1784124000000,lab/data/lighter_rwa_raw/WTI_candles_1h.json,lab/data/lighter_rwa_raw/WTI_fundings_1h.json,funding_only,train,pre_roll,unknown_from_public_candle_snapshot,,,,,,,0.00031704,0.0004,long,false,true,0,1,false,0,false,false,candle:record_missing,false,,false,true,false,partially_eligible,missing_candle,,1784124000
day7-v1,BRENTOIL,159,2026-07-15T15:00:00+00:00,1784127600000,lab/data/lighter_rwa_raw/BRENTOIL_candles_1h.json,lab/data/lighter_rwa_raw/BRENTOIL_fundings_1h.json,funding_only,train,pre_roll,unknown_from_public_candle_snapshot,,,,,,,0.00033004,0.0004,long,false,true,0,1,false,0,false,false,candle:record_missing,false,,false,true,false,partially_eligible,missing_candle,,1784127600
day7-v1,WTI,145,2026-07-15T15:00:00+00:00,1784127600000,lab/data/lighter_rwa_raw/WTI_candles_1h.json,lab/data/lighter_rwa_raw/WTI_fundings_1h.json,funding_only,train,pre_roll,unknown_from_public_candle_snapshot,,,,,,,0.00031290,0.0004,long,false,true,0,1,false,0,false,false,candle:record_missing,false,,false,true,false,partially_eligible,missing_candle,,1784127600
day7-v1,BRENTOIL,159,2026-07-15T16:00:00+00:00,1784131200000,lab/data/lighter_rwa_raw/BRENTOIL_candles_1h.json,lab/data/lighter_rwa_raw/BRENTOIL_fundings_1h.json,funding_only,train,pre_roll,unknown_from_public_candle_snapshot,,,,,,,0.00033176,0.0004,long,false,true,0,1,false,0,false,false,candle:record_missing,false,,false,true,false,partially_eligible,missing_candle,,1784131200
day7-v1,WTI,145,2026-07-15T16:00:00+00:00,1784131200000,lab/data/lighter_rwa_raw/WTI_candles_1h.json,lab/data/lighter_rwa_raw/WTI_fundings_1h.json,funding_only,train,pre_roll,unknown_from_public_candle_snapshot,,,,,,,0.00031380,0.0004,long,false,true,0,1,false,0,false,false,candle:record_missing,false,,false,true,false,partially_eligible,missing_candle,,1784131200
day7-v1,BRENTOIL,159,2026-07-15T17:00:00+00:00,1784134800000,lab/data/lighter_rwa_raw/BRENTOIL_candles_1h.json,lab/data/lighter_rwa_raw/BRENTOIL_fundings_1h.json,funding_only,train,pre_roll,unknown_from_public_candle_snapshot,,,,,,,0.00033360,0.0004,long,false,true,0,1,false,0,false,false,candle:record_missing,false,,false,true,false,partially_eligible,missing_candle,,1784134800
day7-v1,WTI,145,2026-07-15T17:00:00+00:00,1784134800000,lab/data/lighter_rwa_raw/WTI_candles_1h.json,lab/data/lighter_rwa_raw/WTI_fundings_1h.json,funding_only,train,pre_roll,unknown_from_public_candle_snapshot,,,,,,,0.00031580,0.0004,long,false,true,0,1,false,0,false,false,candle:record_missing,false,,false,true,false,partially_eligible,missing_candle,,1784134800
day7-v1,BRENTOIL,159,2026-07-15T18:00:00+00:00,1784138400000,lab/data/lighter_rwa_raw/BRENTOIL_candles_1h.json,lab/data/lighter_rwa_raw/BRENTOIL_fundings_1h.json,funding_only,train,pre_roll,unknown_from_public_candle_snapshot,,,,,,,0.00033208,0.0004,long,false,true,0,1,false,0,false,false,candle:record_missing,false,,false,true,false,partially_eligible,missing_candle,,1784138400
day7-v1,WTI,145,2026-07-15T18:00:00+00:00,1784138400000,lab/data/lighter_rwa_raw/WTI_candles_1h.json,lab/data/lighter_rwa_raw/WTI_fundings_1h.json,funding_only,train,pre_roll,unknown_from_public_candle_snapshot,,,,,,,0.00031432,0.0004,long,false,true,0,1,false,0,false,false,candle:record_missing,false,,false,true,false,partially_eligible,missing_candle,,1784138400
day7-v1,BRENTOIL,159,2026-07-15T19:00:00+00:00,1784142000000,lab/data/lighter_rwa_raw/BRENTOIL_candles_1h.json,lab/data/lighter_rwa_raw/BRENTOIL_fundings_1h.json,funding_only,train,pre_roll,unknown_from_public_candle_snapshot,,,,,,,0.00033456,0.0004,long,false,true,0,1,false,0,false,false,candle:record_missing,false,,false,true,false,partially_eligible,missing_candle,,1784142000
day7-v1,WTI,145,2026-07-15T19:00:00+00:00,1784142000000,lab/data/lighter_rwa_raw/WTI_candles_1h.json,lab/data/lighter_rwa_raw/WTI_fundings_1h.json,funding_only,train,pre_roll,unknown_from_public_candle_snapshot,,,,,,,0.00031708,0.0004,long,false,true,0,1,false,0,false,false,candle:record_missing,false,,false,true,false,partially_eligible,missing_candle,,1784142000
day7-v1,BRENTOIL,159,2026-07-15T20:00:00+00:00,1784145600000,lab/data/lighter_rwa_raw/BRENTOIL_candles_1h.json,lab/data/lighter_rwa_raw/BRENTOIL_fundings_1h.json,funding_only,train,pre_roll,unknown_from_public_candle_snapshot,,,,,,,0.00033692,0.0004,long,false,true,0,1,false,0,false,false,candle:record_missing,false,,false,true,false,partially_eligible,missing_candle,,1784145600
day7-v1,WTI,145,2026-07-15T20:00:00+00:00,1784145600000,lab/data/lighter_rwa_raw/WTI_candles_1h.json,lab/data/lighter_rwa_raw/WTI_fundings_1h.json,funding_only,train,pre_roll,unknown_from_public_candle_snapshot,,,,,,,0.00031911,0.0004,long,false,true,0,1,false,0,false,false,candle:record_missing,false,,false,true,false,partially_eligible,missing_candle,,1784145600
day7-v1,BRENTOIL,159,2026-07-15T21:00:00+00:00,1784149200000,lab/data/lighter_rwa_raw/BRENTOIL_candles_1h.json,lab/data/lighter_rwa_raw/BRENTOIL_fundings_1h.json,funding_only,train,pre_roll,unknown_from_public_candle_snapshot,,,,,,,0.00033652,0.0004,long,false,true,0,1,false,0,false,false,candle:record_missing,false,,false,true,false,partially_eligible,missing_candle,,1784149200
day7-v1,WTI,145,2026-07-15T21:00:00+00:00,1784149200000,lab/data/lighter_rwa_raw/WTI_candles_1h.json,lab/data/lighter_rwa_raw/WTI_fundings_1h.json,funding_only,train,pre_roll,unknown_from_public_candle_snapshot,,,,,,,0.00031887,0.0004,long,false,true,0,1,false,0,false,false,candle:record_missing,false,,false,true,false,partially_eligible,missing_candle,,1784149200
day7-v1,BRENTOIL,159,2026-07-15T22:00:00+00:00,1784152800000,lab/data/lighter_rwa_raw/BRENTOIL_candles_1h.json,lab/data/lighter_rwa_raw/BRENTOIL_fundings_1h.json,funding_only,train,pre_roll,unknown_from_public_candle_snapshot,,,,,,,0.02257740,0.0270,long,false,true,0,1,false,0,false,false,candle:record_missing,false,,false,true,false,partially_eligible,missing_candle,,1784152800
day7-v1,WTI,145,2026-07-15T22:00:00+00:00,1784152800000,lab/data/lighter_rwa_raw/WTI_candles_1h.json,lab/data/lighter_rwa_raw/WTI_fundings_1h.json,funding_only,train,pre_roll,unknown_from_public_candle_snapshot,,,,,,,0.00031863,0.0004,long,false,true,0,1,false,0,false,false,candle:record_missing,false,,false,true,false,partially_eligible,missing_candle,,1784152800
day7-v1,BRENTOIL,159,2026-07-15T23:00:00+00:00,1784156400000,lab/data/lighter_rwa_raw/BRENTOIL_candles_1h.json,lab/data/lighter_rwa_raw/BRENTOIL_fundings_1h.json,funding_only,train,pre_roll,unknown_from_public_candle_snapshot,,,,,,,0.01385340,0.0165,long,false,true,0,1,false,0,false,false,candle:record_missing,false,,false,true,false,partially_eligible,missing_candle,,1784156400
day7-v1,WTI,145,2026-07-15T23:00:00+00:00,1784156400000,lab/data/lighter_rwa_raw/WTI_candles_1h.json,lab/data/lighter_rwa_raw/WTI_fundings_1h.json,funding_only,train,pre_roll,unknown_from_public_candle_snapshot,,,,,,,0.00031902,0.0004,long,false,true,0,1,false,0,false,false,candle:record_missing,false,,false,true,false,partially_eligible,missing_candle,,1784156400
day7-v1,BRENTOIL,159,2026-07-16T00:00:00+00:00,1784160000000,lab/data/lighter_rwa_raw/BRENTOIL_candles_1h.json,lab/data/lighter_rwa_raw/BRENTOIL_fundings_1h.json,funding_only,train,pre_roll,unknown_from_public_candle_snapshot,,,,,,,0.00033564,0.0004,long,false,true,0,1,false,0,false,false,candle:record_missing,false,,false,true,false,partially_eligible,missing_candle,,1784160000
day7-v1,WTI,145,2026-07-16T00:00:00+00:00,1784160000000,lab/data/lighter_rwa_raw/WTI_candles_1h.json,lab/data/lighter_rwa_raw/WTI_fundings_1h.json,funding_only,train,pre_roll,unknown_from_public_candle_snapshot,,,,,,,0.00031852,0.0004,long,false,true,0,1,false,0,false,false,candle:record_missing,false,,false,true,false,partially_eligible,missing_candle,,1784160000
day7-v1,BRENTOIL,159,2026-07-16T01:00:00+00:00,1784163600000,lab/data/lighter_rwa_raw/BRENTOIL_candles_1h.json,lab/data/lighter_rwa_raw/BRENTOIL_fundings_1h.json,funding_only,train,pre_roll,unknown_from_public_candle_snapshot,,,,,,,0.00033548,0.0004,long,false,true,0,1,false,0,false,false,candle:record_missing,false,,false,true,false,partially_eligible,missing_candle,,1784163600
day7-v1,WTI,145,2026-07-16T01:00:00+00:00,1784163600000,lab/data/lighter_rwa_raw/WTI_candles_1h.json,lab/data/lighter_rwa_raw/WTI_fundings_1h.json,funding_only,train,pre_roll,unknown_from_public_candle_snapshot,,,,,,,0.00031840,0.0004,long,false,true,0,1,false,0,false,false,candle:record_missing,false,,false,true,false,partially_eligible,missing_candle,,1784163600
day7-v1,BRENTOIL,159,2026-07-16T02:00:00+00:00,1784167200000,lab/data/lighter_rwa_raw/BRENTOIL_candles_1h.json,lab/data/lighter_rwa_raw/BRENTOIL_fundings_1h.json,funding_only,train,pre_roll,unknown_from_public_candle_snapshot,,,,,,,0.00033520,0.0004,long,false,true,0,1,false,0,false,false,candle:record_missing,false,,false,true,false,partially_eligible,missing_candle,,1784167200
day7-v1,WTI,145,2026-07-16T02:00:00+00:00,1784167200000,lab/data/lighter_rwa_raw/WTI_candles_1h.json,lab/data/lighter_rwa_raw/WTI_fundings_1h.json,funding_only,train,pre_roll,unknown_from_public_candle_snapshot,,,,,,,0.00031808,0.0004,long,false,true,0,1,false,0,false,false,candle:record_missing,false,,false,true,false,partially_eligible,missing_candle,,1784167200
day7-v1,BRENTOIL,159,2026-07-16T03:00:00+00:00,1784170800000,lab/data/lighter_rwa_raw/BRENTOIL_candles_1h.json,lab/data/lighter_rwa_raw/BRENTOIL_fundings_1h.json,funding_only,train,pre_roll,unknown_from_public_candle_snapshot,,,,,,,0.00033524,0.0004,long,false,true,0,1,false,0,false,false,candle:record_missing,false,,false,true,false,partially_eligible,missing_candle,,1784170800
day7-v1,WTI,145,2026-07-16T03:00:00+00:00,1784170800000,lab/data/lighter_rwa_raw/WTI_candles_1h.json,lab/data/lighter_rwa_raw/WTI_fundings_1h.json,funding_only,train,pre_roll,unknown_from_public_candle_snapshot,,,,,,,0.00031798,0.0004,long,false,true,0,1,false,0,false,false,candle:record_missing,false,,false,true,false,partially_eligible,missing_candle,,1784170800
day7-v1,BRENTOIL,159,2026-07-16T04:00:00+00:00,1784174400000,lab/data/lighter_rwa_raw/BRENTOIL_candles_1h.json,lab/data/lighter_rwa_raw/BRENTOIL_fundings_1h.json,funding_only,train,pre_roll,unknown_from_public_candle_snapshot,,,,,,,0.00033324,0.0004,long,false,true,0,1,false,0,false,false,candle:record_missing,false,,false,true,false,partially_eligible,missing_candle,,1784174400
day7-v1,WTI,145,2026-07-16T04:00:00+00:00,1784174400000,lab/data/lighter_rwa_raw/WTI_candles_1h.json,lab/data/lighter_rwa_raw/WTI_fundings_1h.json,funding_only,train,pre_roll,unknown_from_public_candle_snapshot,,,,,,,0.00031624,0.0004,long,false,true,0,1,false,0,false,false,candle:record_missing,false,,false,true,false,partially_eligible,missing_candle,,1784174400
day7-v1,BRENTOIL,159,2026-07-16T05:00:00+00:00,1784178000000,lab/data/lighter_rwa_raw/BRENTOIL_candles_1h.json,lab/data/lighter_rwa_raw/BRENTOIL_fundings_1h.json,candle_and_funding,train,pre_roll,unknown_from_public_candle_snapshot,83.2,83.24,83,83.24,168.1024,13971.497919,0.00033276,0.0004,long,true,true,1,1,false,0,false,false,,false,,true,true,true,eligible,,1784178000000,1784178000
day7-v1,WTI,145,2026-07-16T05:00:00+00:00,1784178000000,lab/data/lighter_rwa_raw/WTI_candles_1h.json,lab/data/lighter_rwa_raw/WTI_fundings_1h.json,candle_and_funding,train,pre_roll,unknown_from_public_candle_snapshot,78.922,79.044,78.766,78.978,777.619,61392.896985,0.00031566,0.0004,long,true,true,1,1,false,0,false,false,,false,,true,true,true,eligible,,1784178000000,1784178000
day7-v1,BRENTOIL,159,2026-07-16T06:00:00+00:00,1784181600000,lab/data/lighter_rwa_raw/BRENTOIL_candles_1h.json,lab/data/lighter_rwa_raw/BRENTOIL_fundings_1h.json,candle_and_funding,train,pre_roll,unknown_from_public_candle_snapshot,83.24,83.52,83.11,83.12,404.6198,33655.824295,0.00033264,0.0004,long,true,true,1,1,false,0,false,false,,false,-0.00144161460836,true,true,true,eligible,,1784181600000,1784181600
day7-v1,WTI,145,2026-07-16T06:00:00+00:00,1784181600000,lab/data/lighter_rwa_raw/WTI_candles_1h.json,lab/data/lighter_rwa_raw/WTI_fundings_1h.json,candle_and_funding,train,pre_roll,unknown_from_public_candle_snapshot,78.978,79.228,78.846,78.981,2191.8960000000006,173247.30344599998,0.00031568,0.0004,long,true,true,1,1,false,0,false,false,,false,3.79852617185e-05,true,true,true,eligible,,1784181600000,1784181600
day7-v1,BRENTOIL,159,2026-07-16T07:00:00+00:00,1784185200000,lab/data/lighter_rwa_raw/BRENTOIL_candles_1h.json,lab/data/lighter_rwa_raw/BRENTOIL_fundings_1h.json,candle_and_funding,train,pre_roll,unknown_from_public_candle_snapshot,83.12,83.52,83.06,83.26,281.5787,23467.209595,0.00033284,0.0004,long,true,true,1,1,false,0,false,false,,false,0.00168431183831,true,true,true,eligible,,1784185200000,1784185200
day7-v1,WTI,145,2026-07-16T07:00:00+00:00,1784185200000,lab/data/lighter_rwa_raw/WTI_candles_1h.json,lab/data/lighter_rwa_raw/WTI_fundings_1h.json,candle_and_funding,train,pre_roll,unknown_from_public_candle_snapshot,78.981,79.223,78.762,79.034,912.972,72107.619414,0.00031568,0.0004,long,true,true,1,1,false,0,false,false,,false,0.000671047467113,true,true,true,eligible,,1784185200000,1784185200
day7-v1,BRENTOIL,159,2026-07-16T08:00:00+00:00,1784188800000,lab/data/lighter_rwa_raw/BRENTOIL_candles_1h.json,lab/data/lighter_rwa_raw/BRENTOIL_fundings_1h.json,candle_and_funding,train,pre_roll,unknown_from_public_candle_snapshot,83.26,83.35,83.02,83.3,278.073,23136.284779999998,0.00033304,0.0004,long,true,true,1,1,false,0,false,false,,false,0.000480422772039,true,true,true,eligible,,1784188800000,1784188800
day7-v1,WTI,145,2026-07-16T08:00:00+00:00,1784188800000,lab/data/lighter_rwa_raw/WTI_candles_1h.json,lab/data/lighter_rwa_raw/WTI_fundings_1h.json,candle_and_funding,train,pre_roll,unknown_from_public_candle_snapshot,79.034,79.091,78.766,78.838,1312.166,103627.145788,0.00031593,0.0004,long,true,true,1,1,false,0,false,false,,false,-0.00247994533998,true,true,true,eligible,,1784188800000,1784188800
day7-v1,BRENTOIL,159,2026-07-16T09:00:00+00:00,1784192400000,lab/data/lighter_rwa_raw/BRENTOIL_candles_1h.json,lab/data/lighter_rwa_raw/BRENTOIL_fundings_1h.json,candle_and_funding,train,pre_roll,unknown_from_public_candle_snapshot,83.3,83.34,82.58,83.25,300.7772,24948.205763,0.00033212,0.0004,long,true,true,1,1,false,0,false,false,,false,-0.000600240096038,true,true,true,eligible,,1784192400000,1784192400
day7-v1,WTI,145,2026-07-16T09:00:00+00:00,1784192400000,lab/data/lighter_rwa_raw/WTI_candles_1h.json,lab/data/lighter_rwa_raw/WTI_fundings_1h.json,candle_and_funding,train,pre_roll,unknown_from_public_candle_snapshot,78.838,79.097,78.401,78.961,2043.654,160974.00834,0.00031514,0.0004,long,true,true,1,1,false,0,false,false,,false,0.00156016134351,true,true,true,eligible,,1784192400000,1784192400
day7-v1,BRENTOIL,159,2026-07-16T10:00:00+00:00,1784196000000,lab/data/lighter_rwa_raw/BRENTOIL_candles_1h.json,lab/data/lighter_rwa_raw/BRENTOIL_fundings_1h.json,candle_and_funding,train,pre_roll,unknown_from_public_candle_snapshot,83.25,83.39,83.25,83.39,510.479,42533.333271999996,0.00033312,0.0004,long,true,true,1,1,false,0,false,false,,false,0.00168168168168,true,true,true,eligible,,1784196000000,1784196000
day7-v1,WTI,145,2026-07-16T10:00:00+00:00,1784196000000,lab/data/lighter_rwa_raw/WTI_candles_1h.json,lab/data/lighter_rwa_raw/WTI_fundings_1h.json,candle_and_funding,train,pre_roll,unknown_from_public_candle_snapshot,78.961,79.137,78.875,79.122,1229.318,97171.90771,0.00031594,0.0004,long,true,true,1,1,false,0,false,false,,false,0.00203898126923,true,true,true,eligible,,1784196000000,1784196000
day7-v1,BRENTOIL,159,2026-07-16T11:00:00+00:00,1784199600000,lab/data/lighter_rwa_raw/BRENTOIL_candles_1h.json,lab/data/lighter_rwa_raw/BRENTOIL_fundings_1h.json,candle_and_funding,train,pre_roll,unknown_from_public_candle_snapshot,83.39,83.98,83.16,83.48,3103.5652,259517.84481699998,0.00033348,0.0004,long,true,true,1,1,false,0,false,false,,false,0.00107926609905,true,true,true,eligible,,1784199600000,1784199600
day7-v1,WTI,145,2026-07-16T11:00:00+00:00,1784199600000,lab/data/lighter_rwa_raw/WTI_candles_1h.json,lab/data/lighter_rwa_raw/WTI_fundings_1h.json,candle_and_funding,train,pre_roll,unknown_from_public_candle_snapshot,79.122,79.66,78.84,79.165,3304.797,262180.572702,0.00031638,0.0004,long,true,true,1,1,false,0,false,false,,false,0.000543464523141,true,true,true,eligible,,1784199600000,1784199600
day7-v1,BRENTOIL,159,2026-07-16T12:00:00+00:00,1784203200000,lab/data/lighter_rwa_raw/BRENTOIL_candles_1h.json,lab/data/lighter_rwa_raw/BRENTOIL_fundings_1h.json,candle_and_funding,train,pre_roll,unknown_from_public_candle_snapshot,83.48,84.48,83.43,84.42,1704.1133,143501.21015,0.00033372,0.0004,long,true,true,1,1,false,0,false,false,,false,0.0112601820795,true,true,true,eligible,,1784203200000,1784203200
day7-v1,WTI,145,2026-07-16T12:00:00+00:00,1784203200000,lab/data/lighter_rwa_raw/WTI_candles_1h.json,lab/data/lighter_rwa_raw/WTI_fundings_1h.json,candle_and_funding,train,pre_roll,unknown_from_public_candle_snapshot,79.165,80.14,79.132,79.934,8751.162,698696.072297,0.00031649,0.0004,long,true,true,1,1,false,0,false,false,,false,0.00971388871345,true,true,true,eligible,,1784203200000,1784203200
day7-v1,BRENTOIL,159,2026-07-16T13:00:00+00:00,1784206800000,lab/data/lighter_rwa_raw/BRENTOIL_candles_1h.json,lab/data/lighter_rwa_raw/BRENTOIL_fundings_1h.json,candle_and_funding,train,pre_roll,unknown_from_public_candle_snapshot,84.42,84.73,83.85,84.07,1658.8852,139742.883121,0.00033748,0.0004,long,true,true,1,1,false,0,false,false,,false,-0.00414593698176,true,true,true,eligible,,1784206800000,1784206800
day7-v1,WTI,145,2026-07-16T13:00:00+00:00,1784206800000,lab/data/lighter_rwa_raw/WTI_candles_1h.json,lab/data/lighter_rwa_raw/WTI_fundings_1h.json,candle_and_funding,train,pre_roll,unknown_from_public_candle_snapshot,79.934,80.3,79.358,79.578,3617.574,288288.067839,0.00031972,0.0004,long,true,true,1,1,false,0,false,false,,false,-0.00445367428128,true,true,true,eligible,,1784206800000,1784206800
day7-v1,BRENTOIL,159,2026-07-16T14:00:00+00:00,1784210400000,lab/data/lighter_rwa_raw/BRENTOIL_candles_1h.json,lab/data/lighter_rwa_raw/BRENTOIL_fundings_1h.json,candle_and_funding,train,pre_roll,unknown_from_public_candle_snapshot,84.07,84.24,83.52,83.63,1250.3727,104864.224815,0.00033616,0.0004,long,true,true,1,1,false,0,false,false,,false,-0.00523373379327,true,true,true,eligible,,1784210400000,1784210400
day7-v1,WTI,145,2026-07-16T14:00:00+00:00,1784210400000,lab/data/lighter_rwa_raw/WTI_candles_1h.json,lab/data/lighter_rwa_raw/WTI_fundings_1h.json,candle_and_funding,train,pre_roll,unknown_from_public_candle_snapshot,79.578,79.757,78.971,79.049,2697.0609999999997,213608.93268,0.00031824,0.0004,long,true,true,1,1,false,0,false,false,,false,-0.00664756591018,true,true,true,eligible,,1784210400000,1784210400
day7-v1,BRENTOIL,159,2026-07-16T15:00:00+00:00,1784214000000,lab/data/lighter_rwa_raw/BRENTOIL_candles_1h.json,lab/data/lighter_rwa_raw/BRENTOIL_fundings_1h.json,candle_and_funding,train,pre_roll,unknown_from_public_candle_snapshot,83.63,83.83,83.34,83.47,914.0637,76352.599061,0.00033452,0.0004,long,true,true,1,1,false,0,false,false,,false,-0.00191318904699,true,true,true,eligible,,1784214000000,1784214000
day7-v1,WTI,145,2026-07-16T15:00:00+00:00,1784214000000,lab/data/lighter_rwa_raw/WTI_candles_1h.json,lab/data/lighter_rwa_raw/WTI_fundings_1h.json,candle_and_funding,train,pre_roll,unknown_from_public_candle_snapshot,79.049,79.255,78.681,78.83,2702.944,213522.984192,0.00031620,0.0004,long,true,true,1,1,false,0,false,false,,false,-0.00277043352857,true,true,true,eligible,,1784214000000,1784214000
day7-v1,BRENTOIL,159,2026-07-16T16:00:00+00:00,1784217600000,lab/data/lighter_rwa_raw/BRENTOIL_candles_1h.json,lab/data/lighter_rwa_raw/BRENTOIL_fundings_1h.json,candle_and_funding,train,pre_roll,unknown_from_public_candle_snapshot,83.47,84.29,83.06,83.18,3751.4120000000003,314057.411026,0.00033388,0.0004,long,true,true,1,1,false,0,false,false,,false,-0.00347430214448,true,true,true,eligible,,1784217600000,1784217600
day7-v1,WTI,145,2026-07-16T16:00:00+00:00,1784217600000,lab/data/lighter_rwa_raw/WTI_candles_1h.json,lab/data/lighter_rwa_raw/WTI_fundings_1h.json,candle_and_funding,train,pre_roll,unknown_from_public_candle_snapshot,78.83,79.524,78.308,78.44,5125.993,404422.613785,0.00031522,0.0004,long,true,true,1,1,false,0,false,false,,false,-0.00494735506787,true,true,true,eligible,,1784217600000,1784217600
day7-v1,BRENTOIL,159,2026-07-16T17:00:00+00:00,1784221200000,lab/data/lighter_rwa_raw/BRENTOIL_candles_1h.json,lab/data/lighter_rwa_raw/BRENTOIL_fundings_1h.json,candle_and_funding,train,pre_roll,unknown_from_public_candle_snapshot,83.18,83.35,82.83,82.92,392.3001,32571.755317,0.00033276,0.0004,long,true,true,1,1,false,0,false,false,,false,-0.00312575138254,true,true,true,eligible,,1784221200000,1784221200
day7-v1,WTI,145,2026-07-16T17:00:00+00:00,1784221200000,lab/data/lighter_rwa_raw/WTI_candles_1h.json,lab/data/lighter_rwa_raw/WTI_fundings_1h.json,candle_and_funding,train,pre_roll,unknown_from_public_candle_snapshot,78.44,78.676,78.143,78.197,2741.491,214945.160019,0.00031376,0.0004,long,true,true,1,1,false,0,false,false,,false,-0.00309790922998,true,true,true,eligible,,1784221200000,1784221200
day7-v1,BRENTOIL,159,2026-07-16T18:00:00+00:00,1784224800000,lab/data/lighter_rwa_raw/BRENTOIL_candles_1h.json,lab/data/lighter_rwa_raw/BRENTOIL_fundings_1h.json,candle_and_funding,train,pre_roll,unknown_from_public_candle_snapshot,82.92,83.15,82.74,83.04,702.7315,58305.502508,0.00033164,0.0004,long,true,true,1,1,false,0,false,false,,false,0.00144717800289,true,true,true,eligible,,1784224800000,1784224800
day7-v1,WTI,145,2026-07-16T18:00:00+00:00,1784224800000,lab/data/lighter_rwa_raw/WTI_candles_1h.json,lab/data/lighter_rwa_raw/WTI_fundings_1h.json,candle_and_funding,train,pre_roll,unknown_from_public_candle_snapshot,78.197,78.472,78.037,78.416,2913.088,227999.757907,0.00031278,0.0004,long,true,true,1,1,false,0,false,false,,false,0.00280061894958,true,true,true,eligible,,1784224800000,1784224800
day7-v1,BRENTOIL,159,2026-07-16T19:00:00+00:00,1784228400000,lab/data/lighter_rwa_raw/BRENTOIL_candles_1h.json,lab/data/lighter_rwa_raw/BRENTOIL_fundings_1h.json,candle_and_funding,train,pre_roll,unknown_from_public_candle_snapshot,83.04,83.16,83.01,83.1,247.9589,20601.543272,0.00033216,0.0004,long,true,true,1,1,false,0,false,false,,false,0.000722543352601,true,true,true,eligible,,1784228400000,1784228400
day7-v1,WTI,145,2026-07-16T19:00:00+00:00,1784228400000,lab/data/lighter_rwa_raw/WTI_candles_1h.json,lab/data/lighter_rwa_raw/WTI_fundings_1h.json,candle_and_funding,train,pre_roll,unknown_from_public_candle_snapshot,78.416,78.559,78.355,78.451,6586.603000000001,516693.659883,0.00031356,0.0004,long,true,true,1,1,false,0,false,false,,false,0.000446337482146,true,true,true,eligible,,1784228400000,1784228400
day7-v1,BRENTOIL,159,2026-07-16T20:00:00+00:00,1784232000000,lab/data/lighter_rwa_raw/BRENTOIL_candles_1h.json,lab/data/lighter_rwa_raw/BRENTOIL_fundings_1h.json,candle_and_funding,train,pre_roll,unknown_from_public_candle_snapshot,83.1,83.72,82.94,83.65,1082.3961,90409.10365799999,0.00033224,0.0004,long,true,true,1,1,false,0,false,false,,false,0.00661853188929,true,true,true,eligible,,1784232000000,1784232000
day7-v1,WTI,145,2026-07-16T20:00:00+00:00,1784232000000,lab/data/lighter_rwa_raw/WTI_candles_1h.json,lab/data/lighter_rwa_raw/WTI_fundings_1h.json,candle_and_funding,train,pre_roll,unknown_from_public_candle_snapshot,78.451,79.044,78.292,78.959,7614.484,598640.58346,0.00031364,0.0004,long,true,true,1,1,false,0,false,false,,false,0.00647537953627,true,true,true,eligible,,1784232000000,1784232000
day7-v1,BRENTOIL,159,2026-07-16T21:00:00+00:00,1784235600000,lab/data/lighter_rwa_raw/BRENTOIL_candles_1h.json,lab/data/lighter_rwa_raw/BRENTOIL_fundings_1h.json,candle_and_funding,train,pre_roll,unknown_from_public_candle_snapshot,83.65,83.82,83.5,83.73,9323.7415,779528.220646,0.00033452,0.0004,long,true,true,1,1,false,0,false,false,,false,0.000956365809922,true,true,true,eligible,,1784235600000,1784235600
day7-v1,WTI,145,2026-07-16T21:00:00+00:00,1784235600000,lab/data/lighter_rwa_raw/WTI_candles_1h.json,lab/data/lighter_rwa_raw/WTI_fundings_1h.json,candle_and_funding,train,pre_roll,unknown_from_public_candle_snapshot,78.959,79.198,78.836,79.008,7345.134,580294.127482,0.00031562,0.0004,long,true,true,1,1,false,0,false,false,,false,0.000620575235249,true,true,true,eligible,,1784235600000,1784235600
day7-v1,BRENTOIL,159,2026-07-16T22:00:00+00:00,1784239200000,lab/data/lighter_rwa_raw/BRENTOIL_candles_1h.json,lab/data/lighter_rwa_raw/BRENTOIL_fundings_1h.json,candle_and_funding,train,pre_roll,unknown_from_public_candle_snapshot,83.73,83.87,83.6,83.6,8029.5669,672135.960839,0.00033444,0.0004,long,true,true,1,1,false,0,false,false,,false,-0.00155260957841,true,true,true,eligible,,1784239200000,1784239200
day7-v1,WTI,145,2026-07-16T22:00:00+00:00,1784239200000,lab/data/lighter_rwa_raw/WTI_candles_1h.json,lab/data/lighter_rwa_raw/WTI_fundings_1h.json,candle_and_funding,train,pre_roll,unknown_from_public_candle_snapshot,79.008,79.088,78.847,78.993,3409.784,269204.351509,0.00031583,0.0004,long,true,true,1,1,false,0,false,false,,false,-0.000189854191981,true,true,true,eligible,,1784239200000,1784239200
day7-v1,BRENTOIL,159,2026-07-16T23:00:00+00:00,1784242800000,lab/data/lighter_rwa_raw/BRENTOIL_candles_1h.json,lab/data/lighter_rwa_raw/BRENTOIL_fundings_1h.json,candle_and_funding,train,pre_roll,unknown_from_public_candle_snapshot,83.6,83.64,83.55,83.58,386.1082,32271.865304,0.00033468,0.0004,long,true,true,1,1,false,0,false,false,,false,-0.000239234449761,true,true,true,eligible,,1784242800000,1784242800
day7-v1,WTI,145,2026-07-16T23:00:00+00:00,1784242800000,lab/data/lighter_rwa_raw/WTI_candles_1h.json,lab/data/lighter_rwa_raw/WTI_fundings_1h.json,candle_and_funding,train,pre_roll,unknown_from_public_candle_snapshot,78.993,79.027,78.917,79.011,7646.019000000001,603781.051465,0.00031582,0.0004,long,true,true,1,1,false,0,false,false,,false,0.000227868292127,true,true,true,eligible,,1784242800000,1784242800
day7-v1,BRENTOIL,159,2026-07-17T00:00:00+00:00,1784246400000,lab/data/lighter_rwa_raw/BRENTOIL_candles_1h.json,lab/data/lighter_rwa_raw/BRENTOIL_fundings_1h.json,candle_and_funding,train,pre_roll,unknown_from_public_candle_snapshot,83.58,83.84,83.52,83.81,539.5082,45126.147635,0.00033440,0.0004,long,true,true,1,1,false,0,false,false,,false,0.00275185451065,true,true,true,eligible,,1784246400000,1784246400
day7-v1,WTI,145,2026-07-17T00:00:00+00:00,1784246400000,lab/data/lighter_rwa_raw/WTI_candles_1h.json,lab/data/lighter_rwa_raw/WTI_fundings_1h.json,candle_and_funding,train,pre_roll,unknown_from_public_candle_snapshot,79.011,79.143,78.793,79.119,2286.237,180427.62870200002,0.00031608,0.0004,long,true,true,1,1,false,0,false,false,,false,0.00136689827999,true,true,true,eligible,,1784246400000,1784246400
day7-v1,BRENTOIL,159,2026-07-17T01:00:00+00:00,1784250000000,lab/data/lighter_rwa_raw/BRENTOIL_candles_1h.json,lab/data/lighter_rwa_raw/BRENTOIL_fundings_1h.json,candle_and_funding,train,pre_roll,unknown_from_public_candle_snapshot,83.81,84.21,83.74,83.83,218.4239,18337.311616,0.00033516,0.0004,long,true,true,1,1,false,0,false,false,,false,0.000238635007756,true,true,true,eligible,,1784250000000,1784250000
day7-v1,WTI,145,2026-07-17T01:00:00+00:00,1784250000000,lab/data/lighter_rwa_raw/WTI_candles_1h.json,lab/data/lighter_rwa_raw/WTI_fundings_1h.json,candle_and_funding,train,pre_roll,unknown_from_public_candle_snapshot,79.119,79.558,79.046,79.175,1875.055,148547.791769,0.00031648,0.0004,long,true,true,1,1,false,0,false,false,,false,0.000707794587899,true,true,true,eligible,,1784250000000,1784250000
day7-v1,BRENTOIL,159,2026-07-17T02:00:00+00:00,1784253600000,lab/data/lighter_rwa_raw/BRENTOIL_candles_1h.json,lab/data/lighter_rwa_raw/BRENTOIL_fundings_1h.json,candle_and_funding,train,pre_roll,unknown_from_public_candle_snapshot,83.83,83.92,83.47,83.68,1300.6531,108836.311858,0.00033520,0.0004,long,true,true,1,1,false,0,false,false,,false,-0.00178933556006,true,true,true,eligible,,1784253600000,1784253600
day7-v1,WTI,145,2026-07-17T02:00:00+00:00,1784253600000,lab/data/lighter_rwa_raw/WTI_candles_1h.json,lab/data/lighter_rwa_raw/WTI_fundings_1h.json,candle_and_funding,train,pre_roll,unknown_from_public_candle_snapshot,79.175,79.249,78.81,79.026,1653.777,130601.737932,0.00031664,0.0004,long,true,true,1,1,false,0,false,false,,false,-0.00188190716767,true,true,true,eligible,,1784253600000,1784253600
day7-v1,BRENTOIL,159,2026-07-17T03:00:00+00:00,1784257200000,lab/data/lighter_rwa_raw/BRENTOIL_candles_1h.json,lab/data/lighter_rwa_raw/BRENTOIL_fundings_1h.json,candle_and_funding,train,pre_roll,unknown_from_public_candle_snapshot,83.68,83.83,83.55,83.83,630.6516,52727.437943,0.00033452,0.0004,long,true,true,1,1,false,0,false,false,,false,0.00179254302103,true,true,true,eligible,,1784257200000,1784257200
day7-v1,WTI,145,2026-07-17T03:00:00+00:00,1784257200000,lab/data/lighter_rwa_raw/WTI_candles_1h.json,lab/data/lighter_rwa_raw/WTI_fundings_1h.json,candle_and_funding,train,pre_roll,unknown_from_public_candle_snapshot,79.026,79.197,78.887,79.175,1344.299,106254.838731,0.00031604,0.0004,long,true,true,1,1,false,0,false,false,,false,0.00188545541974,true,true,true,eligible,,1784257200000,1784257200
day7-v1,BRENTOIL,159,2026-07-17T04:00:00+00:00,1784260800000,lab/data/lighter_rwa_raw/BRENTOIL_candles_1h.json,lab/data/lighter_rwa_raw/BRENTOIL_fundings_1h.json,candle_and_funding,train,pre_roll,unknown_from_public_candle_snapshot,83.83,83.95,83.75,83.85,642.8558,53902.71594,0.00033512,0.0004,long,true,true,1,1,false,0,false,false,,false,0.000238578074675,true,true,true,eligible,,1784260800000,1784260800
day7-v1,WTI,145,2026-07-17T04:00:00+00:00,1784260800000,lab/data/lighter_rwa_raw/WTI_candles_1h.json,lab/data/lighter_rwa_raw/WTI_fundings_1h.json,candle_and_funding,train,pre_roll,unknown_from_public_candle_snapshot,79.175,79.3,79.086,79.189,1180.638,93484.497783,0.00031662,0.0004,long,true,true,1,1,false,0,false,false,,false,0.000176823492264,true,true,true,eligible,,1784260800000,1784260800
day7-v1,BRENTOIL,159,2026-07-17T05:00:00+00:00,1784264400000,lab/data/lighter_rwa_raw/BRENTOIL_candles_1h.json,lab/data/lighter_rwa_raw/BRENTOIL_fundings_1h.json,candle_and_funding,train,pre_roll,unknown_from_public_candle_snapshot,83.85,83.86,82.77,83.07,1466.7409,122064.580057,0.00033516,0.0004,long,true,true,1,1,false,0,false,false,,false,-0.0093023255814,true,true,true,eligible,,1784264400000,1784264400
day7-v1,WTI,145,2026-07-17T05:00:00+00:00,1784264400000,lab/data/lighter_rwa_raw/WTI_candles_1h.json,lab/data/lighter_rwa_raw/WTI_fundings_1h.json,candle_and_funding,train,pre_roll,unknown_from_public_candle_snapshot,79.189,79.217,78.162,78.43,1913.033,150693.524726,0.00031672,0.0004,long,true,true,1,1,false,0,false,false,,false,-0.00958466453674,true,true,true,eligible,,1784264400000,1784264400
day7-v1,BRENTOIL,159,2026-07-17T06:00:00+00:00,1784268000000,lab/data/lighter_rwa_raw/BRENTOIL_candles_1h.json,lab/data/lighter_rwa_raw/BRENTOIL_fundings_1h.json,candle_and_funding,train,pre_roll,unknown_from_public_candle_snapshot,83.07,83.3,82.53,83.06,1610.3451,133814.378963,0.00033200,0.0004,long,true,true,1,1,false,0,false,false,,false,-0.00012038040207,true,true,true,eligible,,1784268000000,1784268000
day7-v1,WTI,145,2026-07-17T06:00:00+00:00,1784268000000,lab/data/lighter_rwa_raw/WTI_candles_1h.json,lab/data/lighter_rwa_raw/WTI_fundings_1h.json,candle_and_funding,train,pre_roll,unknown_from_public_candle_snapshot,78.43,78.876,77.968,78.624,2891.271,226791.042802,0.00031367,0.0004,long,true,true,1,1,false,0,false,false,,false,0.00247354328701,true,true,true,eligible,,1784268000000,1784268000
day7-v1,BRENTOIL,159,2026-07-17T07:00:00+00:00,1784271600000,lab/data/lighter_rwa_raw/BRENTOIL_candles_1h.json,lab/data/lighter_rwa_raw/BRENTOIL_fundings_1h.json,candle_and_funding,train,pre_roll,unknown_from_public_candle_snapshot,83.06,83.58,83.06,83.2,892.2964,74405.263569,0.00033216,0.0004,long,true,true,1,1,false,0,false,false,,false,0.00168552853359,true,true,true,eligible,,1784271600000,1784271600
day7-v1,WTI,145,2026-07-17T07:00:00+00:00,1784271600000,lab/data/lighter_rwa_raw/WTI_candles_1h.json,lab/data/lighter_rwa_raw/WTI_fundings_1h.json,candle_and_funding,train,pre_roll,unknown_from_public_candle_snapshot,78.624,79.107,78.624,78.761,2198.95,173587.111431,0.00031456,0.0004,long,true,true,1,1,false,0,false,false,,false,0.00174247049247,true,true,true,eligible,,1784271600000,1784271600
day7-v1,BRENTOIL,159,2026-07-17T08:00:00+00:00,1784275200000,lab/data/lighter_rwa_raw/BRENTOIL_candles_1h.json,lab/data/lighter_rwa_raw/BRENTOIL_fundings_1h.json,candle_and_funding,train,pre_roll,unknown_from_public_candle_snapshot,83.2,83.68,83,83.66,5509.5124,459888.585812,0.00033280,0.0004,long,true,true,1,1,false,0,false,false,,false,0.00552884615385,true,true,true,eligible,,1784275200000,1784275200
day7-v1,WTI,145,2026-07-17T08:00:00+00:00,1784275200000,lab/data/lighter_rwa_raw/WTI_candles_1h.json,lab/data/lighter_rwa_raw/WTI_fundings_1h.json,candle_and_funding,train,pre_roll,unknown_from_public_candle_snapshot,78.761,79.322,78.541,79.286,2504.747,197775.94218,0.00031508,0.0004,long,true,true,1,1,false,0,false,false,,false,0.00666573557979,true,true,true,eligible,,1784275200000,1784275200
day7-v1,BRENTOIL,159,2026-07-17T09:00:00+00:00,1784278800000,lab/data/lighter_rwa_raw/BRENTOIL_candles_1h.json,lab/data/lighter_rwa_raw/BRENTOIL_fundings_1h.json,candle_and_funding,train,pre_roll,unknown_from_public_candle_snapshot,83.66,84.37,83.66,84.15,1766.2633,148587.68986500002,0.00033464,0.0004,long,true,true,1,1,false,0,false,false,,false,0.00585704040163,true,true,true,eligible,,1784278800000,1784278800
day7-v1,WTI,145,2026-07-17T09:00:00+00:00,1784278800000,lab/data/lighter_rwa_raw/WTI_candles_1h.json,lab/data/lighter_rwa_raw/WTI_fundings_1h.json,candle_and_funding,train,pre_roll,unknown_from_public_candle_snapshot,79.286,79.923,79.286,79.768,3916.684,311985.907569,0.00031720,0.0004,long,true,true,1,1,false,0,false,false,,false,0.00607925737205,true,true,true,eligible,,1784278800000,1784278800
day7-v1,BRENTOIL,159,2026-07-17T10:00:00+00:00,1784282400000,lab/data/lighter_rwa_raw/BRENTOIL_candles_1h.json,lab/data/lighter_rwa_raw/BRENTOIL_fundings_1h.json,candle_and_funding,train,pre_roll,unknown_from_public_candle_snapshot,84.15,84.42,83.96,84.29,903.8588,76125.730419,0.00033660,0.0004,long,true,true,1,1,false,0,false,false,,false,0.00166369578134,true,true,true,eligible,,1784282400000,1784282400
day7-v1,WTI,145,2026-07-17T10:00:00+00:00,1784282400000,lab/data/lighter_rwa_raw/WTI_candles_1h.json,lab/data/lighter_rwa_raw/WTI_fundings_1h.json,candle_and_funding,train,pre_roll,unknown_from_public_candle_snapshot,79.768,80.083,79.574,79.976,3625.384,289603.162728,0.00031908,0.0004,long,true,true,1,1,false,0,false,false,,false,0.0026075619296,true,true,true,eligible,,1784282400000,1784282400
day7-v1,BRENTOIL,159,2026-07-17T11:00:00+00:00,1784286000000,lab/data/lighter_rwa_raw/BRENTOIL_candles_1h.json,lab/data/lighter_rwa_raw/BRENTOIL_fundings_1h.json,candle_and_funding,train,pre_roll,unknown_from_public_candle_snapshot,84.29,84.64,84.29,84.5,1271.9073,107416.970473,0.00033724,0.0004,long,true,true,1,1,false,0,false,false,,false,0.00249139874244,true,true,true,eligible,,1784286000000,1784286000
day7-v1,WTI,145,2026-07-17T11:00:00+00:00,1784286000000,lab/data/lighter_rwa_raw/WTI_candles_1h.json,lab/data/lighter_rwa_raw/WTI_fundings_1h.json,candle_and_funding,train,pre_roll,unknown_from_public_candle_snapshot,79.976,80.265,79.92,80.174,2274.425,182173.950244,0.00031996,0.0004,long,true,true,1,1,false,0,false,false,,false,0.00247574272282,true,true,true,eligible,,1784286000000,1784286000
day7-v1,BRENTOIL,159,2026-07-17T12:00:00+00:00,1784289600000,lab/data/lighter_rwa_raw/BRENTOIL_candles_1h.json,lab/data/lighter_rwa_raw/BRENTOIL_fundings_1h.json,candle_and_funding,train,pre_roll,unknown_from_public_candle_snapshot,84.5,84.9,84.5,84.86,830.0289,70341.858806,0.00033824,0.0004,long,true,true,1,1,false,0,false,false,,false,0.00426035502959,true,true,true,eligible,,1784289600000,1784289600
day7-v1,WTI,145,2026-07-17T12:00:00+00:00,1784289600000,lab/data/lighter_rwa_raw/WTI_candles_1h.json,lab/data/lighter_rwa_raw/WTI_fundings_1h.json,candle_and_funding,train,pre_roll,unknown_from_public_candle_snapshot,80.174,80.427,80.04,80.394,4681.7,375588.760434,0.00032076,0.0004,long,true,true,1,1,false,0,false,false,,false,0.00274403173099,true,true,true,eligible,,1784289600000,1784289600
day7-v1,BRENTOIL,159,2026-07-17T13:00:00+00:00,1784293200000,lab/data/lighter_rwa_raw/BRENTOIL_candles_1h.json,lab/data/lighter_rwa_raw/BRENTOIL_fundings_1h.json,candle_and_funding,train,pre_roll,unknown_from_public_candle_snapshot,84.86,85.49,84.86,85.47,1150.5362,98010.423987,0.00033940,0.0004,long,true,true,1,1,false,0,false,false,,false,0.00718831015791,true,true,true,eligible,,1784293200000,1784293200
day7-v1,WTI,145,2026-07-17T13:00:00+00:00,1784293200000,lab/data/lighter_rwa_raw/WTI_candles_1h.json,lab/data/lighter_rwa_raw/WTI_fundings_1h.json,candle_and_funding,train,pre_roll,unknown_from_public_candle_snapshot,80.394,81.178,80.335,81.139,8801.118,711568.153295,0.00032148,0.0004,long,true,true,1,1,false,0,false,false,,false,0.009266860711,true,true,true,eligible,,1784293200000,1784293200
day7-v1,BRENTOIL,159,2026-07-17T14:00:00+00:00,1784296800000,lab/data/lighter_rwa_raw/BRENTOIL_candles_1h.json,lab/data/lighter_rwa_raw/BRENTOIL_fundings_1h.json,candle_and_funding,train,pre_roll,unknown_from_public_candle_snapshot,85.47,85.59,84.84,84.85,3956.8814,336877.467771,0.00034168,0.0004,long,true,true,1,1,false,0,false,false,,false,-0.00725400725401,true,true,true,eligible,,1784296800000,1784296800
day7-v1,WTI,145,2026-07-17T14:00:00+00:00,1784296800000,lab/data/lighter_rwa_raw/WTI_candles_1h.json,lab/data/lighter_rwa_raw/WTI_fundings_1h.json,candle_and_funding,train,pre_roll,unknown_from_public_candle_snapshot,81.139,81.248,80.236,80.239,7438.537,601502.085564,0.00032460,0.0004,long,true,true,1,1,false,0,false,false,,false,-0.01109207656,true,true,true,eligible,,1784296800000,1784296800
day7-v1,BRENTOIL,159,2026-07-17T15:00:00+00:00,1784300400000,lab/data/lighter_rwa_raw/BRENTOIL_candles_1h.json,lab/data/lighter_rwa_raw/BRENTOIL_fundings_1h.json,candle_and_funding,train,pre_roll,unknown_from_public_candle_snapshot,84.85,85.3,84.49,85.23,2986.1359,253643.738638,0.00033948,0.0004,long,true,true,1,1,false,0,false,false,,false,0.00447849145551,true,true,true,eligible,,1784300400000,1784300400
day7-v1,WTI,145,2026-07-17T15:00:00+00:00,1784300400000,lab/data/lighter_rwa_raw/WTI_candles_1h.json,lab/data/lighter_rwa_raw/WTI_fundings_1h.json,candle_and_funding,train,pre_roll,unknown_from_public_candle_snapshot,80.239,80.898,79.852,80.702,15874.760999999997,1279580.01781,0.00032086,0.0004,long,true,true,1,1,false,0,false,false,,false,0.00577026134423,true,true,true,eligible,,1784300400000,1784300400
day7-v1,BRENTOIL,159,2026-07-17T16:00:00+00:00,1784304000000,lab/data/lighter_rwa_raw/BRENTOIL_candles_1h.json,lab/data/lighter_rwa_raw/BRENTOIL_fundings_1h.json,candle_and_funding,train,pre_roll,unknown_from_public_candle_snapshot,85.23,86.08,85.23,86.01,3756.0757,322498.65271399997,0.00034088,0.0004,long,true,true,1,1,false,0,false,false,,false,0.00915170714537,true,true,true,eligible,,1784304000000,1784304000
day7-v1,WTI,145,2026-07-17T16:00:00+00:00,1784304000000,lab/data/lighter_rwa_raw/WTI_candles_1h.json,lab/data/lighter_rwa_raw/WTI_fundings_1h.json,candle_and_funding,train,pre_roll,unknown_from_public_candle_snapshot,80.702,81.575,80.661,81.461,9482.805,771707.067498,0.00032276,0.0004,long,true,true,1,1,false,0,false,false,,false,0.00940497137617,true,true,true,eligible,,1784304000000,1784304000
day7-v1,BRENTOIL,159,2026-07-17T17:00:00+00:00,1784307600000,lab/data/lighter_rwa_raw/BRENTOIL_candles_1h.json,lab/data/lighter_rwa_raw/BRENTOIL_fundings_1h.json,candle_and_funding,train,pre_roll,unknown_from_public_candle_snapshot,86.01,86.4,85.86,86.34,1515.9361000000001,130692.580735,0.00034400,0.0004,long,true,true,1,1,false,0,false,false,,false,0.00383676316707,true,true,true,eligible,,1784307600000,1784307600
day7-v1,WTI,145,2026-07-17T17:00:00+00:00,1784307600000,lab/data/lighter_rwa_raw/WTI_candles_1h.json,lab/data/lighter_rwa_raw/WTI_fundings_1h.json,candle_and_funding,train,pre_roll,unknown_from_public_candle_snapshot,81.461,81.882,81.311,81.784,5916.559,482868.060548,0.00032586,0.0004,long,true,true,1,1,false,0,false,false,,false,0.00396508758793,true,true,true,eligible,,1784307600000,1784307600
day7-v1,BRENTOIL,159,2026-07-17T18:00:00+00:00,1784311200000,lab/data/lighter_rwa_raw/BRENTOIL_candles_1h.json,lab/data/lighter_rwa_raw/BRENTOIL_fundings_1h.json,candle_and_funding,train,pre_roll,unknown_from_public_candle_snapshot,86.34,86.56,85.93,85.99,1927.6749,166273.445327,0.00034512,0.0004,long,true,true,1,1,false,0,false,false,,false,-0.00405374102386,true,true,true,eligible,,1784311200000,1784311200
day7-v1,WTI,145,2026-07-17T18:00:00+00:00,1784311200000,lab/data/lighter_rwa_raw/WTI_candles_1h.json,lab/data/lighter_rwa_raw/WTI_fundings_1h.json,candle_and_funding,train,pre_roll,unknown_from_public_candle_snapshot,81.784,82.066,81.39,81.468,11252.962000000001,919487.901015,0.00032706,0.0004,long,true,true,1,1,false,0,false,false,,false,-0.00386383644723,true,true,true,eligible,,1784311200000,1784311200
day7-v1,BRENTOIL,159,2026-07-17T19:00:00+00:00,1784314800000,lab/data/lighter_rwa_raw/BRENTOIL_candles_1h.json,lab/data/lighter_rwa_raw/BRENTOIL_fundings_1h.json,candle_and_funding,train,pre_roll,unknown_from_public_candle_snapshot,85.99,86.05,85.66,85.97,537.6048,46176.466875,0.00034372,0.0004,long,true,true,1,1,false,0,false,false,,false,-0.000232585184324,true,true,true,eligible,,1784314800000,1784314800
day7-v1,WTI,145,2026-07-17T19:00:00+00:00,1784314800000,lab/data/lighter_rwa_raw/WTI_candles_1h.json,lab/data/lighter_rwa_raw/WTI_fundings_1h.json,candle_and_funding,train,pre_roll,unknown_from_public_candle_snapshot,81.468,81.51,81.128,81.464,19489.841,1585652.9657909998,0.00032564,0.0004,long,true,true,1,1,false,0,false,false,,false,-4.90990327491e-05,true,true,true,eligible,,1784314800000,1784314800
day7-v1,BRENTOIL,159,2026-07-17T20:00:00+00:00,1784318400000,lab/data/lighter_rwa_raw/BRENTOIL_candles_1h.json,lab/data/lighter_rwa_raw/BRENTOIL_fundings_1h.json,candle_and_funding,train,pre_roll,unknown_from_public_candle_snapshot,85.97,86.35,85.97,86.31,838.0428,72273.522467,0.00034384,0.0004,long,true,true,1,1,false,0,false,false,,false,0.0039548679772,true,true,true,eligible,,1784318400000,1784318400
day7-v1,WTI,145,2026-07-17T20:00:00+00:00,1784318400000,lab/data/lighter_rwa_raw/WTI_candles_1h.json,lab/data/lighter_rwa_raw/WTI_fundings_1h.json,candle_and_funding,train,pre_roll,unknown_from_public_candle_snapshot,81.464,81.873,81.382,81.833,10956.682999999999,895534.5392219999,0.00032576,0.0004,long,true,true,1,1,false,0,false,false,,false,0.00452960817048,true,true,true,eligible,,1784318400000,1784318400
day7-v1,BRENTOIL,159,2026-07-17T21:00:00+00:00,1784322000000,lab/data/lighter_rwa_raw/BRENTOIL_candles_1h.json,lab/data/lighter_rwa_raw/BRENTOIL_fundings_1h.json,candle_and_funding,train,pre_roll,unknown_from_public_candle_snapshot,86.31,86.71,86.31,86.48,2555.7151,221332.814911,0.00034508,0.0004,long,true,true,1,1,false,0,false,false,,false,0.00196964430541,true,true,true,eligible,,1784322000000,1784322000
day7-v1,WTI,145,2026-07-17T21:00:00+00:00,1784322000000,lab/data/lighter_rwa_raw/WTI_candles_1h.json,lab/data/lighter_rwa_raw/WTI_fundings_1h.json,candle_and_funding,train,pre_roll,unknown_from_public_candle_snapshot,81.833,82.1,81.797,81.866,6366.224999999999,521646.502108,0.00032714,0.0004,long,true,true,1,1,false,0,false,false,,false,0.000403260298413,true,true,true,eligible,,1784322000000,1784322000
day7-v1,BRENTOIL,159,2026-07-17T22:00:00+00:00,1784325600000,lab/data/lighter_rwa_raw/BRENTOIL_candles_1h.json,lab/data/lighter_rwa_raw/BRENTOIL_fundings_1h.json,candle_and_funding,train,pre_roll,unknown_from_public_candle_snapshot,86.48,86.92,86.4,86.92,11872.3919,1030113.1017059999,0.00034596,0.0004,long,true,true,1,1,false,0,false,false,,false,0.00508788159112,true,true,true,eligible,,1784325600000,1784325600
day7-v1,WTI,145,2026-07-17T22:00:00+00:00,1784325600000,lab/data/lighter_rwa_raw/WTI_candles_1h.json,lab/data/lighter_rwa_raw/WTI_fundings_1h.json,candle_and_funding,train,pre_roll,unknown_from_public_candle_snapshot,81.866,82.363,81.649,82.343,18495.712,1515972.833204,0.00532805,0.0065,long,true,true,1,1,false,0,false,false,,false,0.00582659467911,true,true,true,eligible,,1784325600000,1784325600
day7-v1,BRENTOIL,159,2026-07-17T23:00:00+00:00,1784329200000,lab/data/lighter_rwa_raw/BRENTOIL_candles_1h.json,lab/data/lighter_rwa_raw/BRENTOIL_fundings_1h.json,candle_and_funding,train,pre_roll,unknown_from_public_candle_snapshot,86.92,86.94,86.62,86.7,4913.1537,426863.644755,0.00875973,0.0101,long,true,true,1,1,false,0,false,false,,false,-0.00253106304648,true,true,true,eligible,,1784329200000,1784329200
day7-v1,WTI,145,2026-07-17T23:00:00+00:00,1784329200000,lab/data/lighter_rwa_raw/WTI_candles_1h.json,lab/data/lighter_rwa_raw/WTI_fundings_1h.json,candle_and_funding,train,pre_roll,unknown_from_public_candle_snapshot,82.343,82.42,82.058,82.163,3243.754,266766.2503,0.00706628,0.0086,long,true,true,1,1,false,0,false,false,,false,-0.00218597816451,true,true,true,eligible,,1784329200000,1784329200
day7-v1,BRENTOIL,159,2026-07-18T00:00:00+00:00,1784332800000,lab/data/lighter_rwa_raw/BRENTOIL_candles_1h.json,lab/data/lighter_rwa_raw/BRENTOIL_fundings_1h.json,candle_and_funding,train,pre_roll,unknown_from_public_candle_snapshot,86.7,86.86,86.26,86.55,754.8822,65341.279016,0.00034708,0.0004,long,true,true,1,1,false,0,false,false,,false,-0.00173010380623,true,true,true,eligible,,1784332800000,1784332800
day7-v1,WTI,145,2026-07-18T00:00:00+00:00,1784332800000,lab/data/lighter_rwa_raw/WTI_candles_1h.json,lab/data/lighter_rwa_raw/WTI_fundings_1h.json,candle_and_funding,train,pre_roll,unknown_from_public_candle_snapshot,82.163,82.338,81.632,82.003,1453.986,119162.400281,0.00032883,0.0004,long,true,true,1,1,false,0,false,false,,false,-0.00194734856322,true,true,true,eligible,,1784332800000,1784332800
day7-v1,BRENTOIL,159,2026-07-18T01:00:00+00:00,1784336400000,lab/data/lighter_rwa_raw/BRENTOIL_candles_1h.json,lab/data/lighter_rwa_raw/BRENTOIL_fundings_1h.json,candle_and_funding,train,pre_roll,unknown_from_public_candle_snapshot,86.55,86.56,86.39,86.54,197.2421,17055.390492,0.00372294,0.0043,short,true,true,1,1,false,0,false,false,,false,-0.000115540150202,true,true,true,eligible,,1784336400000,1784336400
day7-v1,WTI,145,2026-07-18T01:00:00+00:00,1784336400000,lab/data/lighter_rwa_raw/WTI_candles_1h.json,lab/data/lighter_rwa_raw/WTI_fundings_1h.json,candle_and_funding,train,pre_roll,unknown_from_public_candle_snapshot,82.003,82.096,81.844,82.087,875.161,71747.691332,0.00393802,0.0048,short,true,true,1,1,false,0,false,false,,false,0.00102435276758,true,true,true,eligible,,1784336400000,1784336400
day7-v1,BRENTOIL,159,2026-07-18T02:00:00+00:00,1784340000000,lab/data/lighter_rwa_raw/BRENTOIL_candles_1h.json,lab/data/lighter_rwa_raw/BRENTOIL_fundings_1h.json,candle_and_funding,train,pre_roll,unknown_from_public_candle_snapshot,86.54,86.78,86.46,86.64,143.6231,12447.412251,0.00034624,0.0004,long,true,true,1,1,false,0,false,false,,false,0.00115553501271,true,true,true,eligible,,1784340000000,1784340000
day7-v1,WTI,145,2026-07-18T02:00:00+00:00,1784340000000,lab/data/lighter_rwa_raw/WTI_candles_1h.json,lab/data/lighter_rwa_raw/WTI_fundings_1h.json,candle_and_funding,train,pre_roll,unknown_from_public_candle_snapshot,82.087,82.216,81.949,82.098,1167.845,95889.361038,0.00032802,0.0004,long,true,true,1,1,false,0,false,false,,false,0.000134004166311,true,true,true,eligible,,1784340000000,1784340000
day7-v1,BRENTOIL,159,2026-07-18T03:00:00+00:00,1784343600000,lab/data/lighter_rwa_raw/BRENTOIL_candles_1h.json,lab/data/lighter_rwa_raw/BRENTOIL_fundings_1h.json,candle_and_funding,train,pre_roll,unknown_from_public_candle_snapshot,86.64,86.72,86.28,86.42,225.6551,19516.379188,0.00034636,0.0004,long,true,true,1,1,false,0,false,false,,false,-0.00253924284395,true,true,true,eligible,,1784343600000,1784343600
day7-v1,WTI,145,2026-07-18T03:00:00+00:00,1784343600000,lab/data/lighter_rwa_raw/WTI_candles_1h.json,lab/data/lighter_rwa_raw/WTI_fundings_1h.json,candle_and_funding,train,pre_roll,unknown_from_public_candle_snapshot,82.098,82.128,81.721,81.845,2278.228,186579.980684,0.00032828,0.0004,long,true,true,1,1,false,0,false,false,,false,-0.00308168286682,true,true,true,eligible,,1784343600000,1784343600
day7-v1,BRENTOIL,159,2026-07-18T04:00:00+00:00,1784347200000,lab/data/lighter_rwa_raw/BRENTOIL_candles_1h.json,lab/data/lighter_rwa_raw/BRENTOIL_fundings_1h.json,candle_and_funding,train,pre_roll,unknown_from_public_candle_snapshot,86.42,86.42,86.16,86.24,111.91590000000001,9648.148278,0.00034596,0.0004,long,true,true,1,1,false,0,false,false,,false,-0.00208285119185,true,true,true,eligible,,1784347200000,1784347200
day7-v1,WTI,145,2026-07-18T04:00:00+00:00,1784347200000,lab/data/lighter_rwa_raw/WTI_candles_1h.json,lab/data/lighter_rwa_raw/WTI_fundings_1h.json,candle_and_funding,train,pre_roll,unknown_from_public_candle_snapshot,81.845,81.847,81.52,81.533,929.208,75855.312689,0.00155707,0.0019,short,true,true,1,1,false,0,false,false,,false,-0.00381208381697,true,true,true,eligible,,1784347200000,1784347200
day7-v1,BRENTOIL,159,2026-07-18T05:00:00+00:00,1784350800000,lab/data/lighter_rwa_raw/BRENTOIL_candles_1h.json,lab/data/lighter_rwa_raw/BRENTOIL_fundings_1h.json,candle_and_funding,train,pre_roll,unknown_from_public_candle_snapshot,86.24,86.24,86.13,86.16,12.3677,1065.631705,0.00465750,0.0054,short,true,true,1,1,false,0,false,false,,false,-0.000927643784787,true,true,true,eligible,,1784350800000,1784350800
day7-v1,WTI,145,2026-07-18T05:00:00+00:00,1784350800000,lab/data/lighter_rwa_raw/WTI_candles_1h.json,lab/data/lighter_rwa_raw/WTI_fundings_1h.json,candle_and_funding,train,pre_roll,unknown_from_public_candle_snapshot,81.533,81.624,81.505,81.505,907.999,74057.3523,0.00873794,0.0107,short,true,true,1,1,false,0,false,false,,false,-0.000343419229024,true,true,true,eligible,,1784350800000,1784350800
day7-v1,BRENTOIL,159,2026-07-18T06:00:00+00:00,1784354400000,lab/data/lighter_rwa_raw/BRENTOIL_candles_1h.json,lab/data/lighter_rwa_raw/BRENTOIL_fundings_1h.json,candle_and_funding,train,pre_roll,unknown_from_public_candle_snapshot,86.16,86.39,86.08,86.39,114.891,9917.277113,0.00034464,0.0004,long,true,true,1,1,false,0,false,false,,false,0.00266945218199,true,true,true,eligible,,1784354400000,1784354400
day7-v1,WTI,145,2026-07-18T06:00:00+00:00,1784354400000,lab/data/lighter_rwa_raw/WTI_candles_1h.json,lab/data/lighter_rwa_raw/WTI_fundings_1h.json,candle_and_funding,train,pre_roll,unknown_from_public_candle_snapshot,81.505,81.732,81.415,81.728,1165.18,95121.535806,0.00032634,0.0004,long,true,true,1,1,false,0,false,false,,false,0.00273602846451,true,true,true,eligible,,1784354400000,1784354400
day7-v1,BRENTOIL,159,2026-07-18T07:00:00+00:00,1784358000000,lab/data/lighter_rwa_raw/BRENTOIL_candles_1h.json,lab/data/lighter_rwa_raw/BRENTOIL_fundings_1h.json,candle_and_funding,train,pre_roll,unknown_from_public_candle_snapshot,86.39,86.67,86.39,86.65,226.0604,19575.610644,0.00034500,0.0004,long,true,true,1,1,false,0,false,false,,false,0.00300960759347,true,true,true,eligible,,1784358000000,1784358000
day7-v1,WTI,145,2026-07-18T07:00:00+00:00,1784358000000,lab/data/lighter_rwa_raw/WTI_candles_1h.json,lab/data/lighter_rwa_raw/WTI_fundings_1h.json,candle_and_funding,train,pre_roll,unknown_from_public_candle_snapshot,81.728,82.045,81.728,81.914,1298.853,106410.845006,0.00032652,0.0004,long,true,true,1,1,false,0,false,false,,false,0.00227584181676,true,true,true,eligible,,1784358000000,1784358000
day7-v1,BRENTOIL,159,2026-07-18T08:00:00+00:00,1784361600000,lab/data/lighter_rwa_raw/BRENTOIL_candles_1h.json,lab/data/lighter_rwa_raw/BRENTOIL_fundings_1h.json,candle_and_funding,train,pre_roll,unknown_from_public_candle_snapshot,86.65,86.69,86.55,86.69,237.6123,20583.021617000002,0.00995210,0.0115,long,true,true,1,1,false,0,false,false,,false,0.000461627236007,true,true,true,eligible,,1784361600000,1784361600
day7-v1,WTI,145,2026-07-18T08:00:00+00:00,1784361600000,lab/data/lighter_rwa_raw/WTI_candles_1h.json,lab/data/lighter_rwa_raw/WTI_fundings_1h.json,candle_and_funding,train,pre_roll,unknown_from_public_candle_snapshot,81.914,82.092,81.883,82.092,1683.3870000000002,137987.47308,0.00720755,0.0088,long,true,true,1,1,false,0,false,false,,false,0.00217301071856,true,true,true,eligible,,1784361600000,1784361600
day7-v1,BRENTOIL,159,2026-07-18T09:00:00+00:00,1784365200000,lab/data/lighter_rwa_raw/BRENTOIL_candles_1h.json,lab/data/lighter_rwa_raw/BRENTOIL_fundings_1h.json,candle_and_funding,train,pre_roll,unknown_from_public_candle_snapshot,86.69,86.86,86.69,86.84,44.8227,3890.013631,0.00034652,0.0004,long,true,true,1,1,false,0,false,false,,false,0.00173030337986,true,true,true,eligible,,1784365200000,1784365200
day7-v1,WTI,145,2026-07-18T09:00:00+00:00,1784365200000,lab/data/lighter_rwa_raw/WTI_candles_1h.json,lab/data/lighter_rwa_raw/WTI_fundings_1h.json,candle_and_funding,train,pre_roll,unknown_from_public_candle_snapshot,82.092,82.212,82.019,82.16,831.677,68286.966787,0.00032790,0.0004,long,true,true,1,1,false,0,false,false,,false,0.000828338936803,true,true,true,eligible,,1784365200000,1784365200
day7-v1,BRENTOIL,159,2026-07-18T10:00:00+00:00,1784368800000,lab/data/lighter_rwa_raw/BRENTOIL_candles_1h.json,lab/data/lighter_rwa_raw/BRENTOIL_fundings_1h.json,candle_and_funding,train,pre_roll,unknown_from_public_candle_snapshot,86.84,87.46,86.84,87.29,1824.1211,158918.77949,0.00112801,0.0013,long,true,true,1,1,false,0,false,false,,false,0.0051819438047,true,true,true,eligible,,1784368800000,1784368800
day7-v1,WTI,145,2026-07-18T10:00:00+00:00,1784368800000,lab/data/lighter_rwa_raw/WTI_candles_1h.json,lab/data/lighter_rwa_raw/WTI_fundings_1h.json,candle_and_funding,train,pre_roll,unknown_from_public_candle_snapshot,82.16,82.959,82.16,82.571,5797.357999999999,478945.787758,0.00082084,0.0010,long,true,true,1,1,false,0,false,false,,false,0.00500243427459,true,true,true,eligible,,1784368800000,1784368800
day7-v1,BRENTOIL,159,2026-07-18T11:00:00+00:00,1784372400000,lab/data/lighter_rwa_raw/BRENTOIL_candles_1h.json,lab/data/lighter_rwa_raw/BRENTOIL_fundings_1h.json,candle_and_funding,train,pre_roll,unknown_from_public_candle_snapshot,87.29,87.43,87.17,87.32,832.0852,72650.785587,0.01691098,0.0194,long,true,true,1,1,false,0,false,false,,false,0.000343681979608,true,true,true,eligible,,1784372400000,1784372400
day7-v1,WTI,145,2026-07-18T11:00:00+00:00,1784372400000,lab/data/lighter_rwa_raw/WTI_candles_1h.json,lab/data/lighter_rwa_raw/WTI_fundings_1h.json,candle_and_funding,train,pre_roll,unknown_from_public_candle_snapshot,82.571,82.85,82.524,82.706,1430.314,118265.926606,0.01856678,0.0225,long,true,true,1,1,false,0,false,false,,false,0.00163495658282,true,true,true,eligible,,1784372400000,1784372400
day7-v1,BRENTOIL,159,2026-07-18T12:00:00+00:00,1784376000000,lab/data/lighter_rwa_raw/BRENTOIL_candles_1h.json,lab/data/lighter_rwa_raw/BRENTOIL_fundings_1h.json,candle_and_funding,train,pre_roll,unknown_from_public_candle_snapshot,87.32,87.41,87.19,87.41,726.6349,63401.725219,0.00034900,0.0004,long,true,true,1,1,false,0,false,false,,false,0.00103069170866,true,true,true,eligible,,1784376000000,1784376000
day7-v1,WTI,145,2026-07-18T12:00:00+00:00,1784376000000,lab/data/lighter_rwa_raw/WTI_candles_1h.json,lab/data/lighter_rwa_raw/WTI_fundings_1h.json,candle_and_funding,train,pre_roll,unknown_from_public_candle_snapshot,82.706,82.807,82.61,82.776,664.8770000000001,54994.860034,0.00033048,0.0004,long,true,true,1,1,false,0,false,false,,false,0.000846371484535,true,true,true,eligible,,1784376000000,1784376000
day7-v1,BRENTOIL,159,2026-07-18T13:00:00+00:00,1784379600000,lab/data/lighter_rwa_raw/BRENTOIL_candles_1h.json,lab/data/lighter_rwa_raw/BRENTOIL_fundings_1h.json,candle_and_funding,train,pre_roll,unknown_from_public_candle_snapshot,87.41,87.41,87.21,87.23,674.9062,58935.762671000004,0.00034928,0.0004,long,true,true,1,1,false,0,false,false,,false,-0.00205926095412,true,true,true,eligible,,1784379600000,1784379600
day7-v1,WTI,145,2026-07-18T13:00:00+00:00,1784379600000,lab/data/lighter_rwa_raw/WTI_candles_1h.json,lab/data/lighter_rwa_raw/WTI_fundings_1h.json,candle_and_funding,train,pre_roll,unknown_from_public_candle_snapshot,82.776,82.785,82.563,82.655,2403.534,198675.86568699998,0.00033086,0.0004,long,true,true,1,1,false,0,false,false,,false,-0.0014617763603,true,true,true,eligible,,1784379600000,1784379600
day7-v1,BRENTOIL,159,2026-07-18T14:00:00+00:00,1784383200000,lab/data/lighter_rwa_raw/BRENTOIL_candles_1h.json,lab/data/lighter_rwa_raw/BRENTOIL_fundings_1h.json,candle_and_funding,train,pre_roll,unknown_from_public_candle_snapshot,87.23,87.28,87.1,87.12,542.9216,47309.206049,0.00034920,0.0004,long,true,true,1,1,false,0,false,false,,false,-0.00126103404792,true,true,true,eligible,,1784383200000,1784383200
day7-v1,WTI,145,2026-07-18T14:00:00+00:00,1784383200000,lab/data/lighter_rwa_raw/WTI_candles_1h.json,lab/data/lighter_rwa_raw/WTI_fundings_1h.json,candle_and_funding,train,pre_roll,unknown_from_public_candle_snapshot,82.655,82.727,82.52,82.553,807.414,66714.314843,0.00033067,0.0004,long,true,true,1,1,false,0,false,false,,false,-0.00123404512734,true,true,true,eligible,,1784383200000,1784383200
day7-v1,BRENTOIL,159,2026-07-18T15:00:00+00:00,1784386800000,lab/data/lighter_rwa_raw/BRENTOIL_candles_1h.json,lab/data/lighter_rwa_raw/BRENTOIL_fundings_1h.json,candle_and_funding,train,pre_roll,unknown_from_public_candle_snapshot,87.12,87.39,87.08,87.27,341.7806,29828.096701,0.00034876,0.0004,long,true,true,1,1,false,0,false,false,,false,0.0017217630854,true,true,true,eligible,,1784386800000,1784386800
day7-v1,WTI,145,2026-07-18T15:00:00+00:00,1784386800000,lab/data/lighter_rwa_raw/WTI_candles_1h.json,lab/data/lighter_rwa_raw/WTI_fundings_1h.json,candle_and_funding,train,pre_roll,unknown_from_public_candle_snapshot,82.553,82.835,82.53,82.573,868.48,71811.091953,0.00033046,0.0004,long,true,true,1,1,false,0,false,false,,false,0.0002422686032,true,true,true,eligible,,1784386800000,1784386800
day7-v1,BRENTOIL,159,2026-07-18T16:00:00+00:00,1784390400000,lab/data/lighter_rwa_raw/BRENTOIL_candles_1h.json,lab/data/lighter_rwa_raw/BRENTOIL_fundings_1h.json,candle_and_funding,train,pre_roll,unknown_from_public_candle_snapshot,87.27,87.4,87.2,87.39,1162.3521,101449.989264,0.00034900,0.0004,long,true,true,1,1,false,0,false,false,,false,0.00137504297009,true,true,true,eligible,,1784390400000,1784390400
day7-v1,WTI,145,2026-07-18T16:00:00+00:00,1784390400000,lab/data/lighter_rwa_raw/WTI_candles_1h.json,lab/data/lighter_rwa_raw/WTI_fundings_1h.json,candle_and_funding,train,pre_roll,unknown_from_public_candle_snapshot,82.573,82.835,82.566,82.74,4661.314,385396.59512099996,0.00033050,0.0004,long,true,true,1,1,false,0,false,false,,false,0.00202245285989,true,true,true,eligible,,1784390400000,1784390400
day7-v1,BRENTOIL,159,2026-07-18T17:00:00+00:00,1784394000000,lab/data/lighter_rwa_raw/BRENTOIL_candles_1h.json,lab/data/lighter_rwa_raw/BRENTOIL_fundings_1h.json,candle_and_funding,train,pre_roll,unknown_from_public_candle_snapshot,87.39,87.94,87.35,87.75,1914.291,167928.175099,0.00034932,0.0004,long,true,true,1,1,false,0,false,false,,false,0.00411946446962,true,true,true,eligible,,1784394000000,1784394000
day7-v1,WTI,145,2026-07-18T17:00:00+00:00,1784394000000,lab/data/lighter_rwa_raw/WTI_candles_1h.json,lab/data/lighter_rwa_raw/WTI_fundings_1h.json,candle_and_funding,train,pre_roll,unknown_from_public_candle_snapshot,82.74,83.25,82.731,83.099,5471.222,454334.71382,0.00033087,0.0004,long,true,true,1,1,false,0,false,false,,false,0.00433889291757,true,true,true,eligible,,1784394000000,1784394000
day7-v1,BRENTOIL,159,2026-07-18T18:00:00+00:00,1784397600000,lab/data/lighter_rwa_raw/BRENTOIL_candles_1h.json,lab/data/lighter_rwa_raw/BRENTOIL_fundings_1h.json,candle_and_funding,train,pre_roll,unknown_from_public_candle_snapshot,87.75,89.22,87.75,88.63,17579.8818,1558442.900552,0.01271215,0.0145,long,true,true,1,1,false,0,false,false,,false,0.0100284900285,true,true,true,eligible,,1784397600000,1784397600
day7-v1,WTI,145,2026-07-18T18:00:00+00:00,1784397600000,lab/data/lighter_rwa_raw/WTI_candles_1h.json,lab/data/lighter_rwa_raw/WTI_fundings_1h.json,candle_and_funding,train,pre_roll,unknown_from_public_candle_snapshot,83.099,84.629,83.099,84.009,5957.956,500268.77852,0.01137374,0.0137,long,true,true,1,1,false,0,false,false,,false,0.0109507936317,true,true,true,eligible,,1784397600000,1784397600
day7-v1,BRENTOIL,159,2026-07-18T19:00:00+00:00,1784401200000,lab/data/lighter_rwa_raw/BRENTOIL_candles_1h.json,lab/data/lighter_rwa_raw/BRENTOIL_fundings_1h.json,candle_and_funding,train,pre_roll,unknown_from_public_candle_snapshot,88.63,88.71,87.67,88.06,5078.6867,448344.199467,0.02682800,0.0304,long,true,true,1,1,false,0,false,false,,false,-0.00643123096017,true,true,true,eligible,,1784401200000,1784401200
day7-v1,WTI,145,2026-07-18T19:00:00+00:00,1784401200000,lab/data/lighter_rwa_raw/WTI_candles_1h.json,lab/data/lighter_rwa_raw/WTI_fundings_1h.json,candle_and_funding,train,pre_roll,unknown_from_public_candle_snapshot,84.009,84.046,83.218,83.523,6843.952,573662.802071,0.02826390,0.0338,long,true,true,1,1,false,0,false,false,,false,-0.00578509445417,true,true,true,eligible,,1784401200000,1784401200
day7-v1,BRENTOIL,159,2026-07-18T20:00:00+00:00,1784404800000,lab/data/lighter_rwa_raw/BRENTOIL_candles_1h.json,lab/data/lighter_rwa_raw/BRENTOIL_fundings_1h.json,candle_and_funding,train,pre_roll,unknown_from_public_candle_snapshot,88.06,88.55,87.96,88.22,6847.1031,604901.377859,0.00061838,0.0007,long,true,true,1,1,false,0,false,false,,false,0.00181694299341,true,true,true,eligible,,1784404800000,1784404800
day7-v1,WTI,145,2026-07-18T20:00:00+00:00,1784404800000,lab/data/lighter_rwa_raw/WTI_candles_1h.json,lab/data/lighter_rwa_raw/WTI_fundings_1h.json,candle_and_funding,train,pre_roll,unknown_from_public_candle_snapshot,83.523,83.893,83.449,83.651,19558.981,1636033.843538,0.00200990,0.0024,long,true,true,1,1,false,0,false,false,,false,0.00153251200268,true,true,true,eligible,,1784404800000,1784404800
day7-v1,BRENTOIL,159,2026-07-18T21:00:00+00:00,1784408400000,lab/data/lighter_rwa_raw/BRENTOIL_candles_1h.json,lab/data/lighter_rwa_raw/BRENTOIL_fundings_1h.json,candle_and_funding,train,pre_roll,unknown_from_public_candle_snapshot,88.22,88.51,87.71,88.44,7791.1515,687088.182883,0.00035292,0.0004,long,true,true,1,1,false,0,false,false,,false,0.00249376558603,true,true,true,eligible,,1784408400000,1784408400
day7-v1,WTI,145,2026-07-18T21:00:00+00:00,1784408400000,lab/data/lighter_rwa_raw/WTI_candles_1h.json,lab/data/lighter_rwa_raw/WTI_fundings_1h.json,candle_and_funding,train,pre_roll,unknown_from_public_candle_snapshot,83.651,83.878,83.054,83.6,10477.005,874561.2242170001,0.00016731,0.0002,long,true,true,1,1,false,0,false,false,,false,-0.000609675915411,true,true,true,eligible,,1784408400000,1784408400
day7-v1,BRENTOIL,159,2026-07-18T22:00:00+00:00,1784412000000,lab/data/lighter_rwa_raw/BRENTOIL_candles_1h.json,lab/data/lighter_rwa_raw/BRENTOIL_fundings_1h.json,candle_and_funding,train,pre_roll,unknown_from_public_candle_snapshot,88.44,88.69,88.33,88.58,6641.0139,587860.5585139999,0.00035288,0.0004,long,true,true,1,1,false,0,false,false,,false,0.00158299412031,true,true,true,eligible,,1784412000000,1784412000
day7-v1,WTI,145,2026-07-18T22:00:00+00:00,1784412000000,lab/data/lighter_rwa_raw/WTI_candles_1h.json,lab/data/lighter_rwa_raw/WTI_fundings_1h.json,candle_and_funding,train,pre_roll,unknown_from_public_candle_snapshot,83.6,84.074,83.6,83.952,12202.259,1023084.186494,0.00025073,0.0003,long,true,true,1,1,false,0,false,false,,false,0.00421052631579,true,true,true,eligible,,1784412000000,1784412000
day7-v1,BRENTOIL,159,2026-07-18T23:00:00+00:00,1784415600000,lab/data/lighter_rwa_raw/BRENTOIL_candles_1h.json,lab/data/lighter_rwa_raw/BRENTOIL_fundings_1h.json,candle_and_funding,train,pre_roll,unknown_from_public_candle_snapshot,88.58,88.74,88.19,88.32,914.894,80963.244126,0.00770037,0.0087,long,true,true,1,1,false,0,false,false,,false,-0.00293519981937,true,true,true,eligible,,1784415600000,1784415600
day7-v1,WTI,145,2026-07-18T23:00:00+00:00,1784415600000,lab/data/lighter_rwa_raw/WTI_candles_1h.json,lab/data/lighter_rwa_raw/WTI_fundings_1h.json,candle_and_funding,train,pre_roll,unknown_from_public_candle_snapshot,83.952,84.159,83.541,83.674,3112.273,261078.761532,0.00863707,0.0103,long,true,true,1,1,false,0,false,false,,false,-0.00331141604727,true,true,true,eligible,,1784415600000,1784415600
day7-v1,BRENTOIL,159,2026-07-19T00:00:00+00:00,1784419200000,lab/data/lighter_rwa_raw/BRENTOIL_candles_1h.json,lab/data/lighter_rwa_raw/BRENTOIL_fundings_1h.json,candle_and_funding,train,pre_roll,unknown_from_public_candle_snapshot,88.32,88.52,88.24,88.47,211.7402,18715.795575,0.00035360,0.0004,long,true,true,1,1,false,0,false,false,,false,0.00169836956522,true,true,true,eligible,,1784419200000,1784419200
day7-v1,WTI,145,2026-07-19T00:00:00+00:00,1784419200000,lab/data/lighter_rwa_raw/WTI_candles_1h.json,lab/data/lighter_rwa_raw/WTI_fundings_1h.json,candle_and_funding,train,pre_roll,unknown_from_public_candle_snapshot,83.674,83.894,83.621,83.768,567.416,47509.471565,0.00033510,0.0004,long,true,true,1,1,false,0,false,false,,false,0.0011234075101,true,true,true,eligible,,1784419200000,1784419200
day7-v1,BRENTOIL,159,2026-07-19T01:00:00+00:00,1784422800000,lab/data/lighter_rwa_raw/BRENTOIL_candles_1h.json,lab/data/lighter_rwa_raw/BRENTOIL_fundings_1h.json,candle_and_funding,train,pre_roll,unknown_from_public_candle_snapshot,88.47,88.47,88.07,88.16,148.1145,13069.04774,0.00035364,0.0004,long,true,true,1,1,false,0,false,false,,false,-0.00350401265966,true,true,true,eligible,,1784422800000,1784422800
day7-v1,WTI,145,2026-07-19T01:00:00+00:00,1784422800000,lab/data/lighter_rwa_raw/WTI_candles_1h.json,lab/data/lighter_rwa_raw/WTI_fundings_1h.json,candle_and_funding,train,pre_roll,unknown_from_public_candle_snapshot,83.768,83.787,83.407,83.467,6377.039,532392.710345,0.00033503,0.0004,long,true,true,1,1,false,0,false,false,,false,-0.00359325756852,true,true,true,eligible,,1784422800000,1784422800
day7-v1,BRENTOIL,159,2026-07-19T02:00:00+00:00,1784426400000,lab/data/lighter_rwa_raw/BRENTOIL_candles_1h.json,lab/data/lighter_rwa_raw/BRENTOIL_fundings_1h.json,candle_and_funding,train,pre_roll,unknown_from_public_candle_snapshot,88.16,88.3,87.87,88.1,3305.204,291123.023668,0.00000000,0.0000,long,true,true,1,1,false,0,false,false,funding:value|rate,false,-0.000680580762251,true,true,true,eligible,,1784426400000,1784426400
day7-v1,WTI,145,2026-07-19T02:00:00+00:00,1784426400000,lab/data/lighter_rwa_raw/WTI_candles_1h.json,lab/data/lighter_rwa_raw/WTI_fundings_1h.json,candle_and_funding,train,pre_roll,unknown_from_public_candle_snapshot,83.467,83.685,83.223,83.406,3626.783,302731.45120999997,0.00133814,0.0016,short,true,true,1,1,false,0,false,false,,false,-0.000730827752285,true,true,true,eligible,,1784426400000,1784426400
day7-v1,BRENTOIL,159,2026-07-19T03:00:00+00:00,1784430000000,lab/data/lighter_rwa_raw/BRENTOIL_candles_1h.json,lab/data/lighter_rwa_raw/BRENTOIL_fundings_1h.json,candle_and_funding,train,pre_roll,unknown_from_public_candle_snapshot,88.1,88.44,88.05,88.27,563.9061,49783.617098,0.00017622,0.0002,short,true,true,1,1,false,0,false,false,,false,0.00192962542565,true,true,true,eligible,,1784430000000,1784430000
day7-v1,WTI,145,2026-07-19T03:00:00+00:00,1784430000000,lab/data/lighter_rwa_raw/WTI_candles_1h.json,lab/data/lighter_rwa_raw/WTI_fundings_1h.json,candle_and_funding,train,pre_roll,unknown_from_public_candle_snapshot,83.406,83.772,83.406,83.557,1294.032,108156.517827,0.00375548,0.0045,short,true,true,1,1,false,0,false,false,,false,0.00181042131262,true,true,true,eligible,,1784430000000,1784430000
day7-v1,BRENTOIL,159,2026-07-19T04:00:00+00:00,1784433600000,lab/data/lighter_rwa_raw/BRENTOIL_candles_1h.json,lab/data/lighter_rwa_raw/BRENTOIL_fundings_1h.json,candle_and_funding,train,pre_roll,unknown_from_public_candle_snapshot,88.27,88.36,88.12,88.34,206.66740000000001,18232.630682,0.00035296,0.0004,long,true,true,1,1,false,0,false,false,,false,0.000793021411578,true,true,true,eligible,,1784433600000,1784433600
day7-v1,WTI,145,2026-07-19T04:00:00+00:00,1784433600000,lab/data/lighter_rwa_raw/WTI_candles_1h.json,lab/data/lighter_rwa_raw/WTI_fundings_1h.json,candle_and_funding,train,pre_roll,unknown_from_public_candle_snapshot,83.557,83.703,83.457,83.584,1245.278,104012.50272,0.00041782,0.0005,long,true,true,1,1,false,0,false,false,,false,0.000323132711802,true,true,true,eligible,,1784433600000,1784433600
day7-v1,BRENTOIL,159,2026-07-19T05:00:00+00:00,1784437200000,lab/data/lighter_rwa_raw/BRENTOIL_candles_1h.json,lab/data/lighter_rwa_raw/BRENTOIL_fundings_1h.json,candle_and_funding,train,pre_roll,unknown_from_public_candle_snapshot,88.34,88.34,88.24,88.26,358.7672,31672.206583,0.00035288,0.0004,long,true,true,1,1,false,0,false,false,,false,-0.00090559203079,true,true,true,eligible,,1784437200000,1784437200
day7-v1,WTI,145,2026-07-19T05:00:00+00:00,1784437200000,lab/data/lighter_rwa_raw/WTI_candles_1h.json,lab/data/lighter_rwa_raw/WTI_fundings_1h.json,candle_and_funding,train,pre_roll,unknown_from_public_candle_snapshot,83.584,83.623,83.48,83.487,578.984,48376.174557,0.00033414,0.0004,long,true,true,1,1,false,0,false,false,,false,-0.00116050918836,true,true,true,eligible,,1784437200000,1784437200
day7-v1,BRENTOIL,159,2026-07-19T06:00:00+00:00,1784440800000,lab/data/lighter_rwa_raw/BRENTOIL_candles_1h.json,lab/data/lighter_rwa_raw/BRENTOIL_fundings_1h.json,candle_and_funding,train,pre_roll,unknown_from_public_candle_snapshot,88.26,88.52,87.99,88.52,75.2684,6634.819136,0.00035296,0.0004,long,true,true,1,1,false,0,false,false,,false,0.00294584183095,true,true,true,eligible,,1784440800000,1784440800
day7-v1,WTI,145,2026-07-19T06:00:00+00:00,1784440800000,lab/data/lighter_rwa_raw/WTI_candles_1h.json,lab/data/lighter_rwa_raw/WTI_fundings_1h.json,candle_and_funding,train,pre_roll,unknown_from_public_candle_snapshot,83.487,83.894,83.376,83.894,1567.902,131260.801631,0.00033406,0.0004,long,true,true,1,1,false,0,false,false,,false,0.00487501048067,true,true,true,eligible,,1784440800000,1784440800
day7-v1,BRENTOIL,159,2026-07-19T07:00:00+00:00,1784444400000,lab/data/lighter_rwa_raw/BRENTOIL_candles_1h.json,lab/data/lighter_rwa_raw/BRENTOIL_fundings_1h.json,candle_and_funding,train,pre_roll,unknown_from_public_candle_snapshot,88.52,88.52,87.9,88.29,500.72520000000003,44159.488519,0.00035308,0.0004,long,true,true,1,1,false,0,false,false,,false,-0.00259828287393,true,true,true,eligible,,1784444400000,1784444400
day7-v1,WTI,145,2026-07-19T07:00:00+00:00,1784444400000,lab/data/lighter_rwa_raw/WTI_candles_1h.json,lab/data/lighter_rwa_raw/WTI_fundings_1h.json,candle_and_funding,train,pre_roll,unknown_from_public_candle_snapshot,83.894,83.94,83.516,83.707,1673.475,140093.624721,0.00108698,0.0013,long,true,true,1,1,false,0,false,false,,false,-0.00222900326603,true,true,true,eligible,,1784444400000,1784444400
day7-v1,BRENTOIL,159,2026-07-19T08:00:00+00:00,1784448000000,lab/data/lighter_rwa_raw/BRENTOIL_candles_1h.json,lab/data/lighter_rwa_raw/BRENTOIL_fundings_1h.json,candle_and_funding,train,pre_roll,unknown_from_public_candle_snapshot,88.29,88.32,88.24,88.29,229.1055,20229.494504,0.00035296,0.0004,long,true,true,1,1,false,0,false,false,,false,0,true,true,true,eligible,,1784448000000,1784448000
day7-v1,WTI,145,2026-07-19T08:00:00+00:00,1784448000000,lab/data/lighter_rwa_raw/WTI_candles_1h.json,lab/data/lighter_rwa_raw/WTI_fundings_1h.json,candle_and_funding,train,pre_roll,unknown_from_public_candle_snapshot,83.707,83.832,83.644,83.832,423.94399999999996,35486.330903,0.00033463,0.0004,long,true,true,1,1,false,0,false,false,,false,0.00149330402475,true,true,true,eligible,,1784448000000,1784448000
day7-v1,BRENTOIL,159,2026-07-19T09:00:00+00:00,1784451600000,lab/data/lighter_rwa_raw/BRENTOIL_candles_1h.json,lab/data/lighter_rwa_raw/BRENTOIL_fundings_1h.json,candle_and_funding,train,pre_roll,unknown_from_public_candle_snapshot,88.29,88.43,88.22,88.28,271.7545,24012.368114,0.00035304,0.0004,long,true,true,1,1,false,0,false,false,,false,-0.000113263110205,true,true,true,eligible,,1784451600000,1784451600
day7-v1,WTI,145,2026-07-19T09:00:00+00:00,1784451600000,lab/data/lighter_rwa_raw/WTI_candles_1h.json,lab/data/lighter_rwa_raw/WTI_fundings_1h.json,candle_and_funding,train,pre_roll,unknown_from_public_candle_snapshot,83.832,83.954,83.752,83.829,1412.978,118477.89848399999,0.00033490,0.0004,long,true,true,1,1,false,0,false,false,,false,-3.57858574291e-05,true,true,true,eligible,,1784451600000,1784451600
day7-v1,BRENTOIL,159,2026-07-19T10:00:00+00:00,1784455200000,lab/data/lighter_rwa_raw/BRENTOIL_candles_1h.json,lab/data/lighter_rwa_raw/BRENTOIL_fundings_1h.json,candle_and_funding,train,pre_roll,unknown_from_public_candle_snapshot,88.28,88.35,88.21,88.31,81.193,7171.053997,0.00035320,0.0004,long,true,true,1,1,false,0,false,false,,false,0.000339827820571,true,true,true,eligible,,1784455200000,1784455200
day7-v1,WTI,145,2026-07-19T10:00:00+00:00,1784455200000,lab/data/lighter_rwa_raw/WTI_candles_1h.json,lab/data/lighter_rwa_raw/WTI_fundings_1h.json,candle_and_funding,train,pre_roll,unknown_from_public_candle_snapshot,83.829,83.832,83.699,83.713,519.152,43482.310309,0.00075460,0.0009,long,true,true,1,1,false,0,false,false,,false,-0.00138376933997,true,true,true,eligible,,1784455200000,1784455200
day7-v1,BRENTOIL,159,2026-07-19T11:00:00+00:00,1784458800000,lab/data/lighter_rwa_raw/BRENTOIL_candles_1h.json,lab/data/lighter_rwa_raw/BRENTOIL_fundings_1h.json,candle_and_funding,train,pre_roll,unknown_from_public_candle_snapshot,88.31,88.33,87.92,88.19,593.3177,52308.846178,0.00035308,0.0004,long,true,true,1,1,false,0,false,false,,false,-0.00135884950742,true,true,true,eligible,,1784458800000,1784458800
day7-v1,WTI,145,2026-07-19T11:00:00+00:00,1784458800000,lab/data/lighter_rwa_raw/WTI_candles_1h.json,lab/data/lighter_rwa_raw/WTI_fundings_1h.json,candle_and_funding,train,pre_roll,unknown_from_public_candle_snapshot,83.713,83.772,83.489,83.607,819.621,68521.969697,0.00033511,0.0004,long,true,true,1,1,false,0,false,false,,false,-0.00126623105133,true,true,true,eligible,,1784458800000,1784458800
day7-v1,BRENTOIL,159,2026-07-19T12:00:00+00:00,1784462400000,lab/data/lighter_rwa_raw/BRENTOIL_candles_1h.json,lab/data/lighter_rwa_raw/BRENTOIL_fundings_1h.json,candle_and_funding,train,pre_roll,unknown_from_public_candle_snapshot,88.19,88.34,88.19,88.32,114.4173,10104.544172,0.00035276,0.0004,long,true,true,1,1,false,0,false,false,,false,0.00147409003288,true,true,true,eligible,,1784462400000,1784462400
day7-v1,WTI,145,2026-07-19T12:00:00+00:00,1784462400000,lab/data/lighter_rwa_raw/WTI_candles_1h.json,lab/data/lighter_rwa_raw/WTI_fundings_1h.json,candle_and_funding,train,pre_roll,unknown_from_public_candle_snapshot,83.607,83.873,83.545,83.841,1053.849,88254.525046,0.00033462,0.0004,short,true,true,1,1,false,0,false,false,,false,0.00279880871219,true,true,true,eligible,,1784462400000,1784462400
day7-v1,BRENTOIL,159,2026-07-19T13:00:00+00:00,1784466000000,lab/data/lighter_rwa_raw/BRENTOIL_candles_1h.json,lab/data/lighter_rwa_raw/BRENTOIL_fundings_1h.json,candle_and_funding,train,pre_roll,unknown_from_public_candle_snapshot,88.32,88.32,88.12,88.14,169.9675,14992.387817,0.00035300,0.0004,long,true,true,1,1,false,0,false,false,,false,-0.00203804347826,true,true,true,eligible,,1784466000000,1784466000
day7-v1,WTI,145,2026-07-19T13:00:00+00:00,1784466000000,lab/data/lighter_rwa_raw/WTI_candles_1h.json,lab/data/lighter_rwa_raw/WTI_fundings_1h.json,candle_and_funding,train,pre_roll,unknown_from_public_candle_snapshot,83.841,83.841,83.654,83.732,1315.607,110192.764462,0.00150786,0.0018,long,true,true,1,1,false,0,false,false,,false,-0.00130007991317,true,true,true,eligible,,1784466000000,1784466000
day7-v1,BRENTOIL,159,2026-07-19T14:00:00+00:00,1784469600000,lab/data/lighter_rwa_raw/BRENTOIL_candles_1h.json,lab/data/lighter_rwa_raw/BRENTOIL_fundings_1h.json,candle_and_funding,train,pre_roll,unknown_from_public_candle_snapshot,88.14,88.28,88.14,88.25,157.6895,13904.494783,0.00035272,0.0004,long,true,true,1,1,false,0,false,false,,false,0.00124801452235,true,true,true,eligible,,1784469600000,1784469600
day7-v1,WTI,145,2026-07-19T14:00:00+00:00,1784469600000,lab/data/lighter_rwa_raw/WTI_candles_1h.json,lab/data/lighter_rwa_raw/WTI_fundings_1h.json,candle_and_funding,train,pre_roll,unknown_from_public_candle_snapshot,83.732,83.783,83.67,83.781,2308.598,193271.065986,0.00033498,0.0004,long,true,true,1,1,false,0,false,false,,false,0.00058520040128,true,true,true,eligible,,1784469600000,1784469600
day7-v1,BRENTOIL,159,2026-07-19T15:00:00+00:00,1784473200000,lab/data/lighter_rwa_raw/BRENTOIL_candles_1h.json,lab/data/lighter_rwa_raw/BRENTOIL_fundings_1h.json,candle_and_funding,train,pre_roll,unknown_from_public_candle_snapshot,88.25,88.41,88.25,88.26,128.8265,11377.623004,0.00035280,0.0004,long,true,true,1,1,false,0,false,false,,false,0.000113314447592,true,true,true,eligible,,1784473200000,1784473200
day7-v1,WTI,145,2026-07-19T15:00:00+00:00,1784473200000,lab/data/lighter_rwa_raw/WTI_candles_1h.json,lab/data/lighter_rwa_raw/WTI_fundings_1h.json,candle_and_funding,train,pre_roll,unknown_from_public_candle_snapshot,83.781,83.922,83.759,83.78,860.647,72162.937278,0.00033494,0.0004,long,true,true,1,1,false,0,false,false,,false,-1.19358804502e-05,true,true,true,eligible,,1784473200000,1784473200
day7-v1,BRENTOIL,159,2026-07-19T16:00:00+00:00,1784476800000,lab/data/lighter_rwa_raw/BRENTOIL_candles_1h.json,lab/data/lighter_rwa_raw/BRENTOIL_fundings_1h.json,candle_and_funding,train,pre_roll,unknown_from_public_candle_snapshot,88.26,88.35,88.03,88.11,305.1366,26925.763897,0.00035312,0.0004,long,true,true,1,1,false,0,false,false,,false,-0.00169952413324,true,true,true,eligible,,1784476800000,1784476800
day7-v1,WTI,145,2026-07-19T16:00:00+00:00,1784476800000,lab/data/lighter_rwa_raw/WTI_candles_1h.json,lab/data/lighter_rwa_raw/WTI_fundings_1h.json,candle_and_funding,train,pre_roll,unknown_from_public_candle_snapshot,83.78,83.915,83.466,83.626,1513.183,126589.561682,0.00033522,0.0004,long,true,true,1,1,false,0,false,false,,false,-0.00183814752924,true,true,true,eligible,,1784476800000,1784476800
day7-v1,BRENTOIL,159,2026-07-19T17:00:00+00:00,1784480400000,lab/data/lighter_rwa_raw/BRENTOIL_candles_1h.json,lab/data/lighter_rwa_raw/BRENTOIL_fundings_1h.json,candle_and_funding,train,pre_roll,unknown_from_public_candle_snapshot,88.11,88.18,87.97,88.08,452.5883,39864.113771000004,0.00035280,0.0004,long,true,true,1,1,false,0,false,false,,false,-0.000340483486551,true,true,true,eligible,,1784480400000,1784480400
day7-v1,WTI,145,2026-07-19T17:00:00+00:00,1784480400000,lab/data/lighter_rwa_raw/WTI_candles_1h.json,lab/data/lighter_rwa_raw/WTI_fundings_1h.json,candle_and_funding,train,pre_roll,unknown_from_public_candle_snapshot,83.626,83.689,83.51,83.617,2001.487,167284.622553,0.00033492,0.0004,long,true,true,1,1,false,0,false,false,,false,-0.000107622031426,true,true,true,eligible,,1784480400000,1784480400
day7-v1,BRENTOIL,159,2026-07-19T18:00:00+00:00,1784484000000,lab/data/lighter_rwa_raw/BRENTOIL_candles_1h.json,lab/data/lighter_rwa_raw/BRENTOIL_fundings_1h.json,candle_and_funding,train,pre_roll,unknown_from_public_candle_snapshot,88.08,88.21,87.62,88.04,5148.9443,451783.515696,0.00070432,0.0008,short,true,true,1,1,false,0,false,false,,false,-0.000454132606721,true,true,true,eligible,,1784484000000,1784484000
day7-v1,WTI,145,2026-07-19T18:00:00+00:00,1784484000000,lab/data/lighter_rwa_raw/WTI_candles_1h.json,lab/data/lighter_rwa_raw/WTI_fundings_1h.json,candle_and_funding,train,pre_roll,unknown_from_public_candle_snapshot,83.617,83.745,83.266,83.626,3180.236,265551.604505,0.00100319,0.0012,short,true,true,1,1,false,0,false,false,,false,0.000107633615174,true,true,true,eligible,,1784484000000,1784484000
day7-v1,BRENTOIL,159,2026-07-19T19:00:00+00:00,1784487600000,lab/data/lighter_rwa_raw/BRENTOIL_candles_1h.json,lab/data/lighter_rwa_raw/BRENTOIL_fundings_1h.json,candle_and_funding,train,pre_roll,unknown_from_public_candle_snapshot,88.04,88.09,87.78,87.86,916.1095,80543.46767,0.00035176,0.0004,long,true,true,1,1,false,0,false,false,,false,-0.00204452521581,true,true,true,eligible,,1784487600000,1784487600
day7-v1,WTI,145,2026-07-19T19:00:00+00:00,1784487600000,lab/data/lighter_rwa_raw/WTI_candles_1h.json,lab/data/lighter_rwa_raw/WTI_fundings_1h.json,candle_and_funding,train,pre_roll,unknown_from_public_candle_snapshot,83.626,83.719,83.415,83.431,708.444,59183.222082,0.00033424,0.0004,long,true,true,1,1,false,0,false,false,,false,-0.00233181068089,true,true,true,eligible,,1784487600000,1784487600
day7-v1,BRENTOIL,159,2026-07-19T20:00:00+00:00,1784491200000,lab/data/lighter_rwa_raw/BRENTOIL_candles_1h.json,lab/data/lighter_rwa_raw/BRENTOIL_fundings_1h.json,candle_and_funding,train,pre_roll,unknown_from_public_candle_snapshot,87.86,88.06,87.8,88.05,613.9698,53985.816194,0.00035144,0.0004,long,true,true,1,1,false,0,false,false,,false,0.0021625312998,true,true,true,eligible,,1784491200000,1784491200
day7-v1,WTI,145,2026-07-19T20:00:00+00:00,1784491200000,lab/data/lighter_rwa_raw/WTI_candles_1h.json,lab/data/lighter_rwa_raw/WTI_fundings_1h.json,candle_and_funding,train,pre_roll,unknown_from_public_candle_snapshot,83.431,83.709,83.431,83.691,558.344,46682.759704,0.00033408,0.0004,long,true,true,1,1,false,0,false,false,,false,0.00311634764057,true,true,true,eligible,,1784491200000,1784491200
day7-v1,BRENTOIL,159,2026-07-19T21:00:00+00:00,1784494800000,lab/data/lighter_rwa_raw/BRENTOIL_candles_1h.json,lab/data/lighter_rwa_raw/BRENTOIL_fundings_1h.json,candle_and_funding,train,pre_roll,unknown_from_public_candle_snapshot,88.05,88.05,87.62,87.63,582.6175000000001,51214.541798,0.00035176,0.0004,long,true,true,1,1,false,0,false,false,,false,-0.00477001703578,true,true,true,eligible,,1784494800000,1784494800
day7-v1,WTI,145,2026-07-19T21:00:00+00:00,1784494800000,lab/data/lighter_rwa_raw/WTI_candles_1h.json,lab/data/lighter_rwa_raw/WTI_fundings_1h.json,candle_and_funding,train,pre_roll,unknown_from_public_candle_snapshot,83.691,83.695,83.326,83.351,1197.387,100113.929527,0.00033450,0.0004,long,true,true,1,1,false,0,false,false,,false,-0.00406256347755,true,true,true,eligible,,1784494800000,1784494800
day7-v1,BRENTOIL,159,2026-07-19T22:00:00+00:00,1784498400000,lab/data/lighter_rwa_raw/BRENTOIL_candles_1h.json,lab/data/lighter_rwa_raw/BRENTOIL_fundings_1h.json,candle_and_funding,train,pre_roll,unknown_from_public_candle_snapshot,87.63,89.08,87.23,88.57,12101.7487,1072229.516939,0.00035156,0.0004,long,true,true,1,1,false,0,false,false,,false,0.0107269200046,true,true,true,eligible,,1784498400000,1784498400
day7-v1,WTI,145,2026-07-19T22:00:00+00:00,1784498400000,lab/data/lighter_rwa_raw/WTI_candles_1h.json,lab/data/lighter_rwa_raw/WTI_fundings_1h.json,candle_and_funding,train,pre_roll,unknown_from_public_candle_snapshot,83.351,84.56,83.039,84.059,16122.436,1356286.9182300002,0.00033435,0.0004,long,true,true,1,1,false,0,false,false,,false,0.00849419922976,true,true,true,eligible,,1784498400000,1784498400
day7-v1,BRENTOIL,159,2026-07-19T23:00:00+00:00,1784502000000,lab/data/lighter_rwa_raw/BRENTOIL_candles_1h.json,lab/data/lighter_rwa_raw/BRENTOIL_fundings_1h.json,candle_and_funding,train,pre_roll,unknown_from_public_candle_snapshot,88.57,88.64,88.27,88.36,8188.2996,724792.821736,0.00035436,0.0004,long,true,true,1,1,false,0,false,false,,false,-0.00237100598397,true,true,true,eligible,,1784502000000,1784502000
day7-v1,WTI,145,2026-07-19T23:00:00+00:00,1784502000000,lab/data/lighter_rwa_raw/WTI_candles_1h.json,lab/data/lighter_rwa_raw/WTI_fundings_1h.json,candle_and_funding,train,pre_roll,unknown_from_public_candle_snapshot,84.059,84.149,83.765,83.845,8026.168,673851.4003880001,0.00033616,0.0004,long,true,true,1,1,false,0,false,false,,false,-0.00254583090448,true,true,true,eligible,,1784502000000,1784502000
day7-v1,BRENTOIL,159,2026-07-20T00:00:00+00:00,1784505600000,lab/data/lighter_rwa_raw/BRENTOIL_candles_1h.json,lab/data/lighter_rwa_raw/BRENTOIL_fundings_1h.json,candle_and_funding,train,pre_roll,unknown_from_public_candle_snapshot,88.36,88.36,88.05,88.1,369.78499999999997,32597.977808,0.00035336,0.0004,long,true,true,1,1,false,0,false,false,,false,-0.00294250792214,true,true,true,eligible,,1784505600000,1784505600
day7-v1,WTI,145,2026-07-20T00:00:00+00:00,1784505600000,lab/data/lighter_rwa_raw/WTI_candles_1h.json,lab/data/lighter_rwa_raw/WTI_fundings_1h.json,candle_and_funding,train,pre_roll,unknown_from_public_candle_snapshot,83.845,83.913,83.556,83.567,858.607,71820.601671,0.00033540,0.0004,long,true,true,1,1,false,0,false,false,,false,-0.00331564195838,true,true,true,eligible,,1784505600000,1784505600
day7-v1,BRENTOIL,159,2026-07-20T01:00:00+00:00,1784509200000,lab/data/lighter_rwa_raw/BRENTOIL_candles_1h.json,lab/data/lighter_rwa_raw/BRENTOIL_fundings_1h.json,candle_and_funding,train,pre_roll,unknown_from_public_candle_snapshot,88.1,88.35,87.86,88.17,188.613,16633.986683,0.00035216,0.0004,long,true,true,1,1,false,0,false,false,,false,0.000794551645857,true,true,true,eligible,,1784509200000,1784509200
day7-v1,WTI,145,2026-07-20T01:00:00+00:00,1784509200000,lab/data/lighter_rwa_raw/WTI_candles_1h.json,lab/data/lighter_rwa_raw/WTI_fundings_1h.json,candle_and_funding,train,pre_roll,unknown_from_public_candle_snapshot,83.567,83.872,83.385,83.697,2314.0840000000003,193626.095503,0.00033428,0.0004,long,true,true,1,1,false,0,false,false,,false,0.00155563799107,true,true,true,eligible,,1784509200000,1784509200
day7-v1,BRENTOIL,159,2026-07-20T02:00:00+00:00,1784512800000,lab/data/lighter_rwa_raw/BRENTOIL_candles_1h.json,lab/data/lighter_rwa_raw/BRENTOIL_fundings_1h.json,candle_and_funding,train,pre_roll,unknown_from_public_candle_snapshot,88.17,88.31,87.8,87.8,182.5519,16073.548501,0.00035256,0.0004,long,true,true,1,1,false,0,false,false,,false,-0.00419643869797,true,true,true,eligible,,1784512800000,1784512800
day7-v1,WTI,145,2026-07-20T02:00:00+00:00,1784512800000,lab/data/lighter_rwa_raw/WTI_candles_1h.json,lab/data/lighter_rwa_raw/WTI_fundings_1h.json,candle_and_funding,train,pre_roll,unknown_from_public_candle_snapshot,83.697,83.845,83.387,83.401,1202.305,100504.727716,0.00033472,0.0004,long,true,true,1,1,false,0,false,false,,false,-0.00353656642413,true,true,true,eligible,,1784512800000,1784512800
day7-v1,BRENTOIL,159,2026-07-20T03:00:00+00:00,1784516400000,lab/data/lighter_rwa_raw/BRENTOIL_candles_1h.json,lab/data/lighter_rwa_raw/BRENTOIL_fundings_1h.json,candle_and_funding,train,pre_roll,unknown_from_public_candle_snapshot,87.8,88.13,87.8,88.12,16175.357499999998,1422584.7076009999,0.00035112,0.0004,long,true,true,1,1,false,0,false,false,,false,0.00364464692483,true,true,true,eligible,,1784516400000,1784516400
day7-v1,WTI,145,2026-07-20T03:00:00+00:00,1784516400000,lab/data/lighter_rwa_raw/WTI_candles_1h.json,lab/data/lighter_rwa_raw/WTI_fundings_1h.json,candle_and_funding,train,pre_roll,unknown_from_public_candle_snapshot,83.401,83.675,83.399,83.659,269.301,22501.880276,0.00033340,0.0004,long,true,true,1,1,false,0,false,false,,false,0.00309348808767,true,true,true,eligible,,1784516400000,1784516400
day7-v1,BRENTOIL,159,2026-07-20T04:00:00+00:00,1784520000000,lab/data/lighter_rwa_raw/BRENTOIL_candles_1h.json,lab/data/lighter_rwa_raw/BRENTOIL_fundings_1h.json,candle_and_funding,train,pre_roll,unknown_from_public_candle_snapshot,88.12,88.24,88,88.05,385.2813,33967.596771,0.00035228,0.0004,long,true,true,1,1,false,0,false,false,,false,-0.000794371311848,true,true,true,eligible,,1784520000000,1784520000
day7-v1,WTI,145,2026-07-20T04:00:00+00:00,1784520000000,lab/data/lighter_rwa_raw/WTI_candles_1h.json,lab/data/lighter_rwa_raw/WTI_fundings_1h.json,candle_and_funding,train,pre_roll,unknown_from_public_candle_snapshot,83.659,83.79,83.517,83.559,624.476,52248.595587,0.00033456,0.0004,long,true,true,1,1,false,0,false,false,,false,-0.00119532865561,true,true,true,eligible,,1784520000000,1784520000
day7-v1,BRENTOIL,159,2026-07-20T05:00:00+00:00,1784523600000,lab/data/lighter_rwa_raw/BRENTOIL_candles_1h.json,lab/data/lighter_rwa_raw/BRENTOIL_fundings_1h.json,candle_and_funding,train,pre_roll,unknown_from_public_candle_snapshot,88.05,88.41,88,88.36,582.167,51366.211558999996,0.00035204,0.0004,long,true,true,1,1,false,0,false,false,,false,0.00352072685974,true,true,true,eligible,,1784523600000,1784523600
day7-v1,WTI,145,2026-07-20T05:00:00+00:00,1784523600000,lab/data/lighter_rwa_raw/WTI_candles_1h.json,lab/data/lighter_rwa_raw/WTI_fundings_1h.json,candle_and_funding,train,pre_roll,unknown_from_public_candle_snapshot,83.559,83.853,83.499,83.823,1426.7369999999999,119274.658791,0.00033416,0.0004,long,true,true,1,1,false,0,false,false,,false,0.00315944422504,true,true,true,eligible,,1784523600000,1784523600
day7-v1,BRENTOIL,159,2026-07-20T06:00:00+00:00,1784527200000,lab/data/lighter_rwa_raw/BRENTOIL_candles_1h.json,lab/data/lighter_rwa_raw/BRENTOIL_fundings_1h.json,candle_and_funding,train,pre_roll,unknown_from_public_candle_snapshot,88.36,88.71,88.2,88.39,682.8415,60378.194474,0.00035336,0.0004,long,true,true,1,1,false,0,false,false,,false,0.000339520144862,true,true,true,eligible,,1784527200000,1784527200
day7-v1,WTI,145,2026-07-20T06:00:00+00:00,1784527200000,lab/data/lighter_rwa_raw/WTI_candles_1h.json,lab/data/lighter_rwa_raw/WTI_fundings_1h.json,candle_and_funding,train,pre_roll,unknown_from_public_candle_snapshot,83.823,84.181,83.712,83.907,1761.773,147860.002222,0.00033524,0.0004,long,true,true,1,1,false,0,false,false,,false,0.00100211159228,true,true,true,eligible,,1784527200000,1784527200
day7-v1,BRENTOIL,159,2026-07-20T07:00:00+00:00,1784530800000,lab/data/lighter_rwa_raw/BRENTOIL_candles_1h.json,lab/data/lighter_rwa_raw/BRENTOIL_fundings_1h.json,candle_and_funding,train,pre_roll,unknown_from_public_candle_snapshot,88.39,88.61,86.56,86.8,8029.2782,701248.13045,0.00035336,0.0004,long,true,true,1,1,false,0,false,false,,false,-0.0179884602331,true,true,true,eligible,,1784530800000,1784530800
day7-v1,WTI,145,2026-07-20T07:00:00+00:00,1784530800000,lab/data/lighter_rwa_raw/WTI_candles_1h.json,lab/data/lighter_rwa_raw/WTI_fundings_1h.json,candle_and_funding,train,pre_roll,unknown_from_public_candle_snapshot,83.907,84.161,82.134,82.276,12590.362,1043092.188193,0.00033556,0.0004,long,true,true,1,1,false,0,false,false,,false,-0.0194381875171,true,true,true,eligible,,1784530800000,1784530800
day7-v1,BRENTOIL,159,2026-07-20T08:00:00+00:00,1784534400000,lab/data/lighter_rwa_raw/BRENTOIL_candles_1h.json,lab/data/lighter_rwa_raw/BRENTOIL_fundings_1h.json,candle_and_funding,train,pre_roll,unknown_from_public_candle_snapshot,86.8,86.8,85.93,86.21,3861.4224,333425.782392,0.00034712,0.0004,long,true,true,1,1,false,0,false,false,,false,-0.00679723502304,true,true,true,eligible,,1784534400000,1784534400
day7-v1,WTI,145,2026-07-20T08:00:00+00:00,1784534400000,lab/data/lighter_rwa_raw/WTI_candles_1h.json,lab/data/lighter_rwa_raw/WTI_fundings_1h.json,candle_and_funding,train,pre_roll,unknown_from_public_candle_snapshot,82.276,82.276,81.3,81.565,5625.834,459162.361297,0.00032894,0.0004,long,true,true,1,1,false,0,false,false,,false,-0.00864164519422,true,true,true,eligible,,1784534400000,1784534400
day7-v1,BRENTOIL,159,2026-07-20T09:00:00+00:00,1784538000000,lab/data/lighter_rwa_raw/BRENTOIL_candles_1h.json,lab/data/lighter_rwa_raw/BRENTOIL_fundings_1h.json,candle_and_funding,train,pre_roll,unknown_from_public_candle_snapshot,86.21,86.36,85.67,85.87,1608.4862,138233.923331,0.00034468,0.0004,long,true,true,1,1,false,0,false,false,,false,-0.00394385802111,true,true,true,eligible,,1784538000000,1784538000
day7-v1,WTI,145,2026-07-20T09:00:00+00:00,1784538000000,lab/data/lighter_rwa_raw/WTI_candles_1h.json,lab/data/lighter_rwa_raw/WTI_fundings_1h.json,candle_and_funding,train,pre_roll,unknown_from_public_candle_snapshot,81.565,81.703,80.969,81.178,10438.035,848232.919577,0.00032616,0.0004,long,true,true,1,1,false,0,false,false,,false,-0.00474468215534,true,true,true,eligible,,1784538000000,1784538000
day7-v1,BRENTOIL,159,2026-07-20T10:00:00+00:00,1784541600000,lab/data/lighter_rwa_raw/BRENTOIL_candles_1h.json,lab/data/lighter_rwa_raw/BRENTOIL_fundings_1h.json,candle_and_funding,train,pre_roll,unknown_from_public_candle_snapshot,85.87,86.53,85.87,86.35,1189.0081,102527.522434,0.00034360,0.0004,long,true,true,1,1,false,0,false,false,,false,0.00558984511471,true,true,true,eligible,,1784541600000,1784541600
day7-v1,WTI,145,2026-07-20T10:00:00+00:00,1784541600000,lab/data/lighter_rwa_raw/WTI_candles_1h.json,lab/data/lighter_rwa_raw/WTI_fundings_1h.json,candle_and_funding,train,pre_roll,unknown_from_public_candle_snapshot,81.178,81.845,81.178,81.658,4099.3910000000005,334497.715074,0.00032464,0.0004,long,true,true,1,1,false,0,false,false,,false,0.00591293207519,true,true,true,eligible,,1784541600000,1784541600
day7-v1,BRENTOIL,159,2026-07-20T11:00:00+00:00,1784545200000,lab/data/lighter_rwa_raw/BRENTOIL_candles_1h.json,lab/data/lighter_rwa_raw/BRENTOIL_fundings_1h.json,candle_and_funding,train,pre_roll,unknown_from_public_candle_snapshot,86.35,86.46,84.36,84.93,11732.7407,997737.222427,0.00034500,0.0004,long,true,true,1,1,false,0,false,false,,false,-0.016444701795,true,true,true,eligible,,1784545200000,1784545200
day7-v1,WTI,145,2026-07-20T11:00:00+00:00,1784545200000,lab/data/lighter_rwa_raw/WTI_candles_1h.json,lab/data/lighter_rwa_raw/WTI_fundings_1h.json,candle_and_funding,train,pre_roll,unknown_from_public_candle_snapshot,81.658,81.801,79.643,80.259,30518.652000000002,2468926.308261,0.00032662,0.0004,long,true,true,1,1,false,0,false,false,,false,-0.0171324303804,true,true,true,eligible,,1784545200000,1784545200
day7-v1,BRENTOIL,159,2026-07-20T12:00:00+00:00,1784548800000,lab/data/lighter_rwa_raw/BRENTOIL_candles_1h.json,lab/data/lighter_rwa_raw/BRENTOIL_fundings_1h.json,candle_and_funding,train,pre_roll,unknown_from_public_candle_snapshot,84.93,86.75,84.93,86.55,5928.4067,511577.098888,0.00033984,0.0004,long,true,true,1,1,false,0,false,false,,false,0.0190745319675,true,true,true,eligible,,1784548800000,1784548800
day7-v1,WTI,145,2026-07-20T12:00:00+00:00,1784548800000,lab/data/lighter_rwa_raw/WTI_candles_1h.json,lab/data/lighter_rwa_raw/WTI_fundings_1h.json,candle_and_funding,train,pre_roll,unknown_from_public_candle_snapshot,80.259,82.138,80.259,81.869,30459.372,2487307.03798,0.00032100,0.0004,long,true,true,1,1,false,0,false,false,,false,0.0200600555701,true,true,true,eligible,,1784548800000,1784548800
day7-v1,BRENTOIL,159,2026-07-20T13:00:00+00:00,1784552400000,lab/data/lighter_rwa_raw/BRENTOIL_candles_1h.json,lab/data/lighter_rwa_raw/BRENTOIL_fundings_1h.json,candle_and_funding,train,pre_roll,unknown_from_public_candle_snapshot,86.55,86.55,85.64,86.13,2539.054,218497.605231,0.00034592,0.0004,long,true,true,1,1,false,0,false,false,,false,-0.00485268630849,true,true,true,eligible,,1784552400000,1784552400
day7-v1,WTI,145,2026-07-20T13:00:00+00:00,1784552400000,lab/data/lighter_rwa_raw/WTI_candles_1h.json,lab/data/lighter_rwa_raw/WTI_fundings_1h.json,candle_and_funding,train,pre_roll,unknown_from_public_candle_snapshot,81.869,81.956,81.121,81.686,5198.168,424077.053027,0.00032754,0.0004,long,true,true,1,1,false,0,false,false,,false,-0.00223527831047,true,true,true,eligible,,1784552400000,1784552400
day7-v1,BRENTOIL,159,2026-07-20T14:00:00+00:00,1784556000000,lab/data/lighter_rwa_raw/BRENTOIL_candles_1h.json,lab/data/lighter_rwa_raw/BRENTOIL_fundings_1h.json,candle_and_funding,train,pre_roll,unknown_from_public_candle_snapshot,86.13,86.53,85.84,86.5,1320.5057,113856.538815,0.00034436,0.0004,long,true,true,1,1,false,0,false,false,,false,0.00429583188204,true,true,true,eligible,,1784556000000,1784556000
day7-v1,WTI,145,2026-07-20T14:00:00+00:00,1784556000000,lab/data/lighter_rwa_raw/WTI_candles_1h.json,lab/data/lighter_rwa_raw/WTI_fundings_1h.json,candle_and_funding,train,pre_roll,unknown_from_public_candle_snapshot,81.686,82.062,81.327,81.991,4400.829,359670.247495,0.00032681,0.0004,long,true,true,1,1,false,0,false,false,,false,0.00373380995519,true,true,true,eligible,,1784556000000,1784556000
day7-v1,BRENTOIL,159,2026-07-20T15:00:00+00:00,1784559600000,lab/data/lighter_rwa_raw/BRENTOIL_candles_1h.json,lab/data/lighter_rwa_raw/BRENTOIL_fundings_1h.json,candle_and_funding,train,pre_roll,unknown_from_public_candle_snapshot,86.5,86.5,85.59,86.1,2446.8342000000002,210393.63125500001,0.00034560,0.0004,long,true,true,1,1,false,0,false,false,,false,-0.00462427745665,true,true,true,eligible,,1784559600000,1784559600
day7-v1,WTI,145,2026-07-20T15:00:00+00:00,1784559600000,lab/data/lighter_rwa_raw/WTI_candles_1h.json,lab/data/lighter_rwa_raw/WTI_fundings_1h.json,candle_and_funding,train,pre_roll,unknown_from_public_candle_snapshot,81.991,82.066,81.14,81.525,21052.485,1715887.7819579998,0.00032794,0.0004,long,true,true,1,1,false,0,false,false,,false,-0.00568355063361,true,true,true,eligible,,1784559600000,1784559600
day7-v1,BRENTOIL,159,2026-07-20T16:00:00+00:00,1784563200000,lab/data/lighter_rwa_raw/BRENTOIL_candles_1h.json,lab/data/lighter_rwa_raw/BRENTOIL_fundings_1h.json,candle_and_funding,train,pre_roll,unknown_from_public_candle_snapshot,86.1,86.9,85.79,86.58,5025.7294,434371.81314800004,0.00034456,0.0004,long,true,true,1,1,false,0,false,false,,false,0.00557491289199,true,true,true,eligible,,1784563200000,1784563200
day7-v1,WTI,145,2026-07-20T16:00:00+00:00,1784563200000,lab/data/lighter_rwa_raw/WTI_candles_1h.json,lab/data/lighter_rwa_raw/WTI_fundings_1h.json,candle_and_funding,train,pre_roll,unknown_from_public_candle_snapshot,81.525,82.355,81.211,81.913,7040.184,575573.888609,0.00032625,0.0004,long,true,true,1,1,false,0,false,false,,false,0.00475927629561,true,true,true,eligible,,1784563200000,1784563200
day7-v1,BRENTOIL,159,2026-07-20T17:00:00+00:00,1784566800000,lab/data/lighter_rwa_raw/BRENTOIL_candles_1h.json,lab/data/lighter_rwa_raw/BRENTOIL_fundings_1h.json,candle_and_funding,train,pre_roll,unknown_from_public_candle_snapshot,86.58,87.05,86.43,87,4008.4318,348423.7611,0.00034624,0.0004,long,true,true,1,1,false,0,false,false,,false,0.004851004851,true,true,true,eligible,,1784566800000,1784566800
day7-v1,WTI,145,2026-07-20T17:00:00+00:00,1784566800000,lab/data/lighter_rwa_raw/WTI_candles_1h.json,lab/data/lighter_rwa_raw/WTI_fundings_1h.json,candle_and_funding,train,pre_roll,unknown_from_public_candle_snapshot,81.913,82.268,81.73,82.155,7946.780999999999,651495.15883,0.00032758,0.0004,long,true,true,1,1,false,0,false,false,,false,0.00295435400974,true,true,true,eligible,,1784566800000,1784566800
day7-v1,BRENTOIL,159,2026-07-20T18:00:00+00:00,1784570400000,lab/data/lighter_rwa_raw/BRENTOIL_candles_1h.json,lab/data/lighter_rwa_raw/BRENTOIL_fundings_1h.json,candle_and_funding,train,pre_roll,unknown_from_public_candle_snapshot,87,87.64,86.73,87.4,1501.517,130922.932177,0.00034772,0.0004,long,true,true,1,1,false,0,false,false,,false,0.00459770114943,true,true,true,eligible,,1784570400000,1784570400
day7-v1,WTI,145,2026-07-20T18:00:00+00:00,1784570400000,lab/data/lighter_rwa_raw/WTI_candles_1h.json,lab/data/lighter_rwa_raw/WTI_fundings_1h.json,candle_and_funding,train,pre_roll,unknown_from_public_candle_snapshot,82.155,83.133,81.889,82.854,8221.439,679782.498279,0.00032864,0.0004,long,true,true,1,1,false,0,false,false,,false,0.00850830746759,true,true,true,eligible,,1784570400000,1784570400
day7-v1,BRENTOIL,159,2026-07-20T19:00:00+00:00,1784574000000,lab/data/lighter_rwa_raw/BRENTOIL_candles_1h.json,lab/data/lighter_rwa_raw/BRENTOIL_fundings_1h.json,candle_and_funding,train,pre_roll,unknown_from_public_candle_snapshot,87.4,87.44,86.7,86.97,10382.893,902726.5011389999,0.00034928,0.0004,long,true,true,1,1,false,0,false,false,,false,-0.00491990846682,true,true,true,eligible,,1784574000000,1784574000
day7-v1,WTI,145,2026-07-20T19:00:00+00:00,1784574000000,lab/data/lighter_rwa_raw/WTI_candles_1h.json,lab/data/lighter_rwa_raw/WTI_fundings_1h.json,candle_and_funding,train,pre_roll,unknown_from_public_candle_snapshot,82.854,82.976,82.193,82.444,3702.021,306059.449828,0.00033142,0.0004,long,true,true,1,1,false,0,false,false,,false,-0.00494846356241,true,true,true,eligible,,1784574000000,1784574000
day7-v1,BRENTOIL,159,2026-07-20T20:00:00+00:00,1784577600000,lab/data/lighter_rwa_raw/BRENTOIL_candles_1h.json,lab/data/lighter_rwa_raw/BRENTOIL_fundings_1h.json,candle_and_funding,train,pre_roll,unknown_from_public_candle_snapshot,86.97,87.07,86.91,87.06,541.8294,47129.44845,0.00034784,0.0004,long,true,true,1,1,false,0,false,false,,false,0.00103483959986,true,true,true,eligible,,1784577600000,1784577600
day7-v1,WTI,145,2026-07-20T20:00:00+00:00,1784577600000,lab/data/lighter_rwa_raw/WTI_candles_1h.json,lab/data/lighter_rwa_raw/WTI_fundings_1h.json,candle_and_funding,train,pre_roll,unknown_from_public_candle_snapshot,82.444,82.551,82.374,82.441,1059.648,87338.747905,0.00032978,0.0004,long,true,true,1,1,false,0,false,false,,false,-3.63883363252e-05,true,true,true,eligible,,1784577600000,1784577600
day7-v1,BRENTOIL,159,2026-07-20T21:00:00+00:00,1784581200000,lab/data/lighter_rwa_raw/BRENTOIL_candles_1h.json,lab/data/lighter_rwa_raw/BRENTOIL_fundings_1h.json,candle_and_funding,train,pre_roll,unknown_from_public_candle_snapshot,87.06,87.06,86.83,86.96,1204.3762,104736.243826,0.00034804,0.0004,long,true,true,1,1,false,0,false,false,,false,-0.00114863312658,true,true,true,eligible,,1784581200000,1784581200
day7-v1,WTI,145,2026-07-20T21:00:00+00:00,1784581200000,lab/data/lighter_rwa_raw/WTI_candles_1h.json,lab/data/lighter_rwa_raw/WTI_fundings_1h.json,candle_and_funding,train,pre_roll,unknown_from_public_candle_snapshot,82.441,82.441,82.267,82.392,209.48700000000002,17256.374144,0.00032972,0.0004,long,true,true,1,1,false,0,false,false,,false,-0.00059436445458,true,true,true,eligible,,1784581200000,1784581200
day7-v1,BRENTOIL,159,2026-07-20T22:00:00+00:00,1784584800000,lab/data/lighter_rwa_raw/BRENTOIL_candles_1h.json,lab/data/lighter_rwa_raw/BRENTOIL_fundings_1h.json,candle_and_funding,train,pre_roll,unknown_from_public_candle_snapshot,86.96,87.2,86.96,87.14,4757.6687,414426.06464600004,0.00034748,0.0004,long,true,true,1,1,false,0,false,false,,false,0.00206991720331,true,true,true,eligible,,1784584800000,1784584800
day7-v1,WTI,145,2026-07-20T22:00:00+00:00,1784584800000,lab/data/lighter_rwa_raw/WTI_candles_1h.json,lab/data/lighter_rwa_raw/WTI_fundings_1h.json,candle_and_funding,train,pre_roll,unknown_from_public_candle_snapshot,82.392,82.66,82.392,82.654,1026.4759999999999,84760.386586,0.00032952,0.0004,long,true,true,1,1,false,0,false,false,,false,0.00317992038062,true,true,true,eligible,,1784584800000,1784584800
day7-v1,BRENTOIL,159,2026-07-20T23:00:00+00:00,1784588400000,lab/data/lighter_rwa_raw/BRENTOIL_candles_1h.json,lab/data/lighter_rwa_raw/BRENTOIL_fundings_1h.json,candle_and_funding,train,pre_roll,unknown_from_public_candle_snapshot,87.14,87.23,86.98,87,1483.2539,129196.80065,0.00034828,0.0004,long,true,true,1,1,false,0,false,false,,false,-0.00160661005279,true,true,true,eligible,,1784588400000,1784588400
day7-v1,WTI,145,2026-07-20T23:00:00+00:00,1784588400000,lab/data/lighter_rwa_raw/WTI_candles_1h.json,lab/data/lighter_rwa_raw/WTI_fundings_1h.json,candle_and_funding,train,pre_roll,unknown_from_public_candle_snapshot,82.654,82.73,82.459,82.487,432.988,35747.691556,0.00033054,0.0004,long,true,true,1,1,false,0,false,false,,false,-0.0020204708786,true,true,true,eligible,,1784588400000,1784588400
day7-v1,BRENTOIL,159,2026-07-21T00:00:00+00:00,1784592000000,lab/data/lighter_rwa_raw/BRENTOIL_candles_1h.json,lab/data/lighter_rwa_raw/BRENTOIL_fundings_1h.json,candle_and_funding,train,pre_roll,unknown_from_public_candle_snapshot,87,87.13,86.88,87.08,1488.1948,129477.417209,0.00034828,0.0004,long,true,true,1,1,false,0,false,false,,false,0.000919540229885,true,true,true,eligible,,1784592000000,1784592000
day7-v1,WTI,145,2026-07-21T00:00:00+00:00,1784592000000,lab/data/lighter_rwa_raw/WTI_candles_1h.json,lab/data/lighter_rwa_raw/WTI_fundings_1h.json,candle_and_funding,train,pre_roll,unknown_from_public_candle_snapshot,82.487,82.552,82.346,82.52,2137.795,176405.960851,0.00032992,0.0004,long,true,true,1,1,false,0,false,false,,false,0.000400063040237,true,true,true,eligible,,1784592000000,1784592000
day7-v1,BRENTOIL,159,2026-07-21T01:00:00+00:00,1784595600000,lab/data/lighter_rwa_raw/BRENTOIL_candles_1h.json,lab/data/lighter_rwa_raw/BRENTOIL_fundings_1h.json,candle_and_funding,train,pre_roll,unknown_from_public_candle_snapshot,87.08,87.11,86.46,86.89,959.9368,83196.943305,0.00034816,0.0004,long,true,true,1,1,false,0,false,false,,false,-0.00218190169959,true,true,true,eligible,,1784595600000,1784595600
day7-v1,WTI,145,2026-07-21T01:00:00+00:00,1784595600000,lab/data/lighter_rwa_raw/WTI_candles_1h.json,lab/data/lighter_rwa_raw/WTI_fundings_1h.json,candle_and_funding,train,pre_roll,unknown_from_public_candle_snapshot,82.52,82.52,81.988,82.422,1793.769,147266.43863000002,0.00033000,0.0004,long,true,true,1,1,false,0,false,false,,false,-0.00118759088706,true,true,true,eligible,,1784595600000,1784595600
day7-v1,BRENTOIL,159,2026-07-21T02:00:00+00:00,1784599200000,lab/data/lighter_rwa_raw/BRENTOIL_candles_1h.json,lab/data/lighter_rwa_raw/BRENTOIL_fundings_1h.json,candle_and_funding,train,pre_roll,unknown_from_public_candle_snapshot,86.89,86.96,86.63,86.66,172.2564,14969.965465,0.00034744,0.0004,long,true,true,1,1,false,0,false,false,,false,-0.00264702497411,true,true,true,eligible,,1784599200000,1784599200
day7-v1,WTI,145,2026-07-21T02:00:00+00:00,1784599200000,lab/data/lighter_rwa_raw/WTI_candles_1h.json,lab/data/lighter_rwa_raw/WTI_fundings_1h.json,candle_and_funding,train,pre_roll,unknown_from_public_candle_snapshot,82.422,82.512,82.143,82.164,180.821,14883.81191,0.00032966,0.0004,long,true,true,1,1,false,0,false,false,,false,-0.00313023221955,true,true,true,eligible,,1784599200000,1784599200
day7-v1,BRENTOIL,159,2026-07-21T03:00:00+00:00,1784602800000,lab/data/lighter_rwa_raw/BRENTOIL_candles_1h.json,lab/data/lighter_rwa_raw/BRENTOIL_fundings_1h.json,candle_and_funding,train,pre_roll,unknown_from_public_candle_snapshot,86.66,86.85,86.58,86.71,113.2514,9825.236307,0.00034668,0.0004,long,true,true,1,1,false,0,false,false,,false,0.000576967459035,true,true,true,eligible,,1784602800000,1784602800
day7-v1,WTI,145,2026-07-21T03:00:00+00:00,1784602800000,lab/data/lighter_rwa_raw/WTI_candles_1h.json,lab/data/lighter_rwa_raw/WTI_fundings_1h.json,candle_and_funding,train,pre_roll,unknown_from_public_candle_snapshot,82.164,82.38,82.107,82.18,1760.18,144689.157983,0.00032862,0.0004,long,true,true,1,1,false,0,false,false,,false,0.000194732486247,true,true,true,eligible,,1784602800000,1784602800
day7-v1,BRENTOIL,159,2026-07-21T04:00:00+00:00,1784606400000,lab/data/lighter_rwa_raw/BRENTOIL_candles_1h.json,lab/data/lighter_rwa_raw/BRENTOIL_fundings_1h.json,candle_and_funding,train,pre_roll,unknown_from_public_candle_snapshot,86.71,86.78,86.48,86.69,106.5488,9223.728503,0.00034676,0.0004,long,true,true,1,1,false,0,false,false,,false,-0.000230653903817,true,true,true,eligible,,1784606400000,1784606400
day7-v1,WTI,145,2026-07-21T04:00:00+00:00,1784606400000,lab/data/lighter_rwa_raw/WTI_candles_1h.json,lab/data/lighter_rwa_raw/WTI_fundings_1h.json,candle_and_funding,train,pre_roll,unknown_from_public_candle_snapshot,82.18,82.239,81.926,82.108,350.576,28775.873444,0.00032872,0.0004,long,true,true,1,1,false,0,false,false,,false,-0.000876125578,true,true,true,eligible,,1784606400000,1784606400
day7-v1,BRENTOIL,159,2026-07-21T05:00:00+00:00,1784610000000,lab/data/lighter_rwa_raw/BRENTOIL_candles_1h.json,lab/data/lighter_rwa_raw/BRENTOIL_fundings_1h.json,candle_and_funding,train,pre_roll,unknown_from_public_candle_snapshot,86.69,86.94,86.3,86.54,65.2182,5653.412623,0.00034668,0.0004,long,true,true,1,1,false,0,false,false,,false,-0.00173030337986,true,true,true,eligible,,1784610000000,1784610000
day7-v1,WTI,145,2026-07-21T05:00:00+00:00,1784610000000,lab/data/lighter_rwa_raw/WTI_candles_1h.json,lab/data/lighter_rwa_raw/WTI_fundings_1h.json,candle_and_funding,train,pre_roll,unknown_from_public_candle_snapshot,82.108,82.385,81.788,82.045,789.4879999999999,64832.651787999996,0.00032852,0.0004,long,true,true,1,1,false,0,false,false,,false,-0.000767282116237,true,true,true,eligible,,1784610000000,1784610000
day7-v1,BRENTOIL,159,2026-07-21T06:00:00+00:00,1784613600000,lab/data/lighter_rwa_raw/BRENTOIL_candles_1h.json,lab/data/lighter_rwa_raw/BRENTOIL_fundings_1h.json,candle_and_funding,train,pre_roll,unknown_from_public_candle_snapshot,86.54,86.81,86.43,86.8,78.4219,6786.423290000001,0.00034604,0.0004,long,true,true,1,1,false,0,false,false,,false,0.00300439103305,true,true,true,eligible,,1784613600000,1784613600
day7-v1,WTI,145,2026-07-21T06:00:00+00:00,1784613600000,lab/data/lighter_rwa_raw/WTI_candles_1h.json,lab/data/lighter_rwa_raw/WTI_fundings_1h.json,candle_and_funding,train,pre_roll,unknown_from_public_candle_snapshot,82.045,82.309,81.903,82.308,2581.605,211996.586588,0.00032820,0.0004,long,true,true,1,1,false,0,false,false,,false,0.00320555792553,true,true,true,eligible,,1784613600000,1784613600
day7-v1,BRENTOIL,159,2026-07-21T07:00:00+00:00,1784617200000,lab/data/lighter_rwa_raw/BRENTOIL_candles_1h.json,lab/data/lighter_rwa_raw/BRENTOIL_fundings_1h.json,candle_and_funding,train,pre_roll,unknown_from_public_candle_snapshot,86.8,87.49,86.5,86.5,209.2822,18217.493458,0.00034716,0.0004,long,true,true,1,1,false,0,false,false,,false,-0.00345622119816,true,true,true,eligible,,1784617200000,1784617200
day7-v1,WTI,145,2026-07-21T07:00:00+00:00,1784617200000,lab/data/lighter_rwa_raw/WTI_candles_1h.json,lab/data/lighter_rwa_raw/WTI_fundings_1h.json,candle_and_funding,train,pre_roll,unknown_from_public_candle_snapshot,82.308,83.017,81.925,81.937,2853.876,235491.936606,0.00032926,0.0004,long,true,true,1,1,false,0,false,false,,false,-0.0045074597852,true,true,true,eligible,,1784617200000,1784617200
day7-v1,BRENTOIL,159,2026-07-21T08:00:00+00:00,1784620800000,lab/data/lighter_rwa_raw/BRENTOIL_candles_1h.json,lab/data/lighter_rwa_raw/BRENTOIL_fundings_1h.json,candle_and_funding,train,pre_roll,unknown_from_public_candle_snapshot,86.5,87.06,86.06,86.88,1490.9565,128559.138401,0.00034596,0.0004,long,true,true,1,1,false,0,false,false,,false,0.00439306358381,true,true,true,eligible,,1784620800000,1784620800
day7-v1,WTI,145,2026-07-21T08:00:00+00:00,1784620800000,lab/data/lighter_rwa_raw/WTI_candles_1h.json,lab/data/lighter_rwa_raw/WTI_fundings_1h.json,candle_and_funding,train,pre_roll,unknown_from_public_candle_snapshot,81.937,82.429,81.426,82.235,4103.977,336836.082062,0.00032762,0.0004,long,true,true,1,1,false,0,false,false,,false,0.0036369405763,true,true,true,eligible,,1784620800000,1784620800
day7-v1,BRENTOIL,159,2026-07-21T09:00:00+00:00,1784624400000,lab/data/lighter_rwa_raw/BRENTOIL_candles_1h.json,lab/data/lighter_rwa_raw/BRENTOIL_fundings_1h.json,candle_and_funding,train,pre_roll,unknown_from_public_candle_snapshot,86.88,87.91,86.67,87.84,868.3168000000001,75777.36500599999,0.00034748,0.0004,long,true,true,1,1,false,0,false,false,,false,0.0110497237569,true,true,true,eligible,,1784624400000,1784624400
day7-v1,WTI,145,2026-07-21T09:00:00+00:00,1784624400000,lab/data/lighter_rwa_raw/WTI_candles_1h.json,lab/data/lighter_rwa_raw/WTI_fundings_1h.json,candle_and_funding,train,pre_roll,unknown_from_public_candle_snapshot,82.235,83.338,81.974,83.241,3509.197,290471.493026,0.00032894,0.0004,long,true,true,1,1,false,0,false,false,,false,0.0122332340244,true,true,true,eligible,,1784624400000,1784624400
day7-v1,BRENTOIL,159,2026-07-21T10:00:00+00:00,1784628000000,lab/data/lighter_rwa_raw/BRENTOIL_candles_1h.json,lab/data/lighter_rwa_raw/BRENTOIL_fundings_1h.json,candle_and_funding,train,pre_roll,unknown_from_public_candle_snapshot,87.84,87.95,86.97,87.87,7047.4885,618608.396945,0.00035148,0.0004,long,true,true,1,1,false,0,false,false,,false,0.000341530054645,true,true,true,eligible,,1784628000000,1784628000
day7-v1,WTI,145,2026-07-21T10:00:00+00:00,1784628000000,lab/data/lighter_rwa_raw/WTI_candles_1h.json,lab/data/lighter_rwa_raw/WTI_fundings_1h.json,candle_and_funding,train,pre_roll,unknown_from_public_candle_snapshot,83.241,83.343,82.315,83.265,4504.843,373443.814704,0.00033304,0.0004,long,true,true,1,1,false,0,false,false,,false,0.000288319457959,true,true,true,eligible,,1784628000000,1784628000
day7-v1,BRENTOIL,159,2026-07-21T11:00:00+00:00,1784631600000,lab/data/lighter_rwa_raw/BRENTOIL_candles_1h.json,lab/data/lighter_rwa_raw/BRENTOIL_fundings_1h.json,candle_and_funding,train,pre_roll,unknown_from_public_candle_snapshot,87.87,88.4,87.87,88.32,1718.2171,151486.512042,0.00035140,0.0004,long,true,true,1,1,false,0,false,false,,false,0.00512120177535,true,true,true,eligible,,1784631600000,1784631600
day7-v1,WTI,145,2026-07-21T11:00:00+00:00,1784631600000,lab/data/lighter_rwa_raw/WTI_candles_1h.json,lab/data/lighter_rwa_raw/WTI_fundings_1h.json,candle_and_funding,train,pre_roll,unknown_from_public_candle_snapshot,83.265,83.967,83.23,83.86,5697.884,475789.34564099996,0.00033306,0.0004,long,true,true,1,1,false,0,false,false,,false,0.00714585960488,true,true,true,eligible,,1784631600000,1784631600
day7-v1,BRENTOIL,159,2026-07-21T12:00:00+00:00,1784635200000,lab/data/lighter_rwa_raw/BRENTOIL_candles_1h.json,lab/data/lighter_rwa_raw/BRENTOIL_fundings_1h.json,candle_and_funding,train,pre_roll,unknown_from_public_candle_snapshot,88.32,88.6,87.79,88.39,3774.3884,332724.9366,0.00035300,0.0004,long,true,true,1,1,false,0,false,false,,false,0.000792572463768,true,true,true,eligible,,1784635200000,1784635200
day7-v1,WTI,145,2026-07-21T12:00:00+00:00,1784635200000,lab/data/lighter_rwa_raw/WTI_candles_1h.json,lab/data/lighter_rwa_raw/WTI_fundings_1h.json,candle_and_funding,train,pre_roll,unknown_from_public_candle_snapshot,83.86,84.385,83.351,84.095,7073.804,593071.843747,0.00033550,0.0004,long,true,true,1,1,false,0,false,false,,false,0.00280228953017,true,true,true,eligible,,1784635200000,1784635200
day7-v1,BRENTOIL,159,2026-07-21T13:00:00+00:00,1784638800000,lab/data/lighter_rwa_raw/BRENTOIL_candles_1h.json,lab/data/lighter_rwa_raw/BRENTOIL_fundings_1h.json,candle_and_funding,train,pre_roll,unknown_from_public_candle_snapshot,88.39,88.87,88.34,88.65,3951.2215,350087.693685,0.00035324,0.0004,long,true,true,1,1,false,0,false,false,,false,0.0029415092205,true,true,true,eligible,,1784638800000,1784638800
day7-v1,WTI,145,2026-07-21T13:00:00+00:00,1784638800000,lab/data/lighter_rwa_raw/WTI_candles_1h.json,lab/data/lighter_rwa_raw/WTI_fundings_1h.json,candle_and_funding,train,pre_roll,unknown_from_public_candle_snapshot,84.095,84.883,84.086,84.429,7361.75,621941.066891,0.00033649,0.0004,long,true,true,1,1,false,0,false,false,,false,0.00397169867412,true,true,true,eligible,,1784638800000,1784638800
day7-v1,BRENTOIL,159,2026-07-21T14:00:00+00:00,1784642400000,lab/data/lighter_rwa_raw/BRENTOIL_candles_1h.json,lab/data/lighter_rwa_raw/BRENTOIL_fundings_1h.json,candle_and_funding,train,pre_roll,unknown_from_public_candle_snapshot,88.65,89.12,88.3,88.83,1768.8022,156791.351171,0.00035440,0.0004,long,true,true,1,1,false,0,false,false,,false,0.00203045685279,true,true,true,eligible,,1784642400000,1784642400
day7-v1,WTI,145,2026-07-21T14:00:00+00:00,1784642400000,lab/data/lighter_rwa_raw/WTI_candles_1h.json,lab/data/lighter_rwa_raw/WTI_fundings_1h.json,candle_and_funding,train,pre_roll,unknown_from_public_candle_snapshot,84.429,84.98,84.14,84.697,7904.2390000000005,668536.705352,0.00033762,0.0004,long,true,true,1,1,false,0,false,false,,false,0.00317426476685,true,true,true,eligible,,1784642400000,1784642400
day7-v1,BRENTOIL,159,2026-07-21T15:00:00+00:00,1784646000000,lab/data/lighter_rwa_raw/BRENTOIL_candles_1h.json,lab/data/lighter_rwa_raw/BRENTOIL_fundings_1h.json,candle_and_funding,train,pre_roll,unknown_from_public_candle_snapshot,88.83,88.92,87.98,88.76,6745.603299999998,597207.8864820001,0.00035516,0.0004,long,true,true,1,1,false,0,false,false,,false,-0.000788022064618,true,true,true,eligible,,1784646000000,1784646000
day7-v1,WTI,145,2026-07-21T15:00:00+00:00,1784646000000,lab/data/lighter_rwa_raw/WTI_candles_1h.json,lab/data/lighter_rwa_raw/WTI_fundings_1h.json,candle_and_funding,train,pre_roll,unknown_from_public_candle_snapshot,84.697,84.818,83.826,84.508,11162.667000000001,942416.6770440001,0.00033884,0.0004,long,true,true,1,1,false,0,false,false,,false,-0.00223148399589,true,true,true,eligible,,1784646000000,1784646000
day7-v1,BRENTOIL,159,2026-07-21T16:00:00+00:00,1784649600000,lab/data/lighter_rwa_raw/BRENTOIL_candles_1h.json,lab/data/lighter_rwa_raw/BRENTOIL_fundings_1h.json,candle_and_funding,train,pre_roll,unknown_from_public_candle_snapshot,88.76,88.76,88.39,88.62,4007.7774999999997,354787.673549,0.00035476,0.0004,long,true,true,1,1,false,0,false,false,,false,-0.00157728706625,true,true,true,eligible,,1784649600000,1784649600
day7-v1,WTI,145,2026-07-21T16:00:00+00:00,1784649600000,lab/data/lighter_rwa_raw/WTI_candles_1h.json,lab/data/lighter_rwa_raw/WTI_fundings_1h.json,candle_and_funding,train,pre_roll,unknown_from_public_candle_snapshot,84.508,84.542,84.118,84.38,7923.436,667733.733637,0.00033806,0.0004,long,true,true,1,1,false,0,false,false,,false,-0.00151464950064,true,true,true,eligible,,1784649600000,1784649600
day7-v1,BRENTOIL,159,2026-07-21T17:00:00+00:00,1784653200000,lab/data/lighter_rwa_raw/BRENTOIL_candles_1h.json,lab/data/lighter_rwa_raw/BRENTOIL_fundings_1h.json,candle_and_funding,train,pre_roll,unknown_from_public_candle_snapshot,88.62,88.68,88.44,88.64,2249.6772,199188.520985,0.00035436,0.0004,long,true,true,1,1,false,0,false,false,,false,0.000225682690138,true,true,true,eligible,,1784653200000,1784653200
day7-v1,WTI,145,2026-07-21T17:00:00+00:00,1784653200000,lab/data/lighter_rwa_raw/WTI_candles_1h.json,lab/data/lighter_rwa_raw/WTI_fundings_1h.json,candle_and_funding,train,pre_roll,unknown_from_public_candle_snapshot,84.38,84.48,83.978,84.339,10748.363,904286.9442739999,0.00033754,0.0004,long,true,true,1,1,false,0,false,false,,false,-0.000485897132022,true,true,true,eligible,,1784653200000,1784653200
day7-v1,BRENTOIL,159,2026-07-21T18:00:00+00:00,1784656800000,lab/data/lighter_rwa_raw/BRENTOIL_candles_1h.json,lab/data/lighter_rwa_raw/BRENTOIL_fundings_1h.json,candle_and_funding,train,pre_roll,unknown_from_public_candle_snapshot,88.64,88.67,88.26,88.67,1333.6901999999995,118086.392565,0.00035432,0.0004,long,true,true,1,1,false,0,false,false,,false,0.00033844765343,true,true,true,eligible,,1784656800000,1784656800
day7-v1,WTI,145,2026-07-21T18:00:00+00:00,1784656800000,lab/data/lighter_rwa_raw/WTI_candles_1h.json,lab/data/lighter_rwa_raw/WTI_fundings_1h.json,candle_and_funding,train,pre_roll,unknown_from_public_candle_snapshot,84.339,84.532,83.998,84.493,1774.037,149555.302142,0.00033742,0.0004,long,true,true,1,1,false,0,false,false,,false,0.00182596426327,true,true,true,eligible,,1784656800000,1784656800
day7-v1,BRENTOIL,159,2026-07-21T19:00:00+00:00,1784660400000,lab/data/lighter_rwa_raw/BRENTOIL_candles_1h.json,lab/data/lighter_rwa_raw/BRENTOIL_fundings_1h.json,candle_and_funding,train,pre_roll,unknown_from_public_candle_snapshot,88.67,88.89,88.66,88.87,402.6066,35748.00141,0.00035448,0.0004,long,true,true,1,1,false,0,false,false,,false,0.00225555430247,true,true,true,eligible,,1784660400000,1784660400
day7-v1,WTI,145,2026-07-21T19:00:00+00:00,1784660400000,lab/data/lighter_rwa_raw/WTI_candles_1h.json,lab/data/lighter_rwa_raw/WTI_fundings_1h.json,candle_and_funding,train,pre_roll,unknown_from_public_candle_snapshot,84.493,84.711,84.461,84.658,1863.603,157610.051207,0.00033805,0.0004,long,true,true,1,1,false,0,false,false,,false,0.00195282449434,true,true,true,eligible,,1784660400000,1784660400
day7-v1,BRENTOIL,159,2026-07-21T20:00:00+00:00,1784664000000,lab/data/lighter_rwa_raw/BRENTOIL_candles_1h.json,lab/data/lighter_rwa_raw/BRENTOIL_fundings_1h.json,candle_and_funding,train,pre_roll,unknown_from_public_candle_snapshot,88.87,88.92,88.7,88.81,327.0931,29048.247963,0.00035536,0.0004,long,true,true,1,1,false,0,false,false,,false,-0.000675143467987,true,true,true,eligible,,1784664000000,1784664000
day7-v1,WTI,145,2026-07-21T20:00:00+00:00,1784664000000,lab/data/lighter_rwa_raw/WTI_candles_1h.json,lab/data/lighter_rwa_raw/WTI_fundings_1h.json,candle_and_funding,train,pre_roll,unknown_from_public_candle_snapshot,84.658,84.697,84.328,84.527,636.649,53776.57749,0.00033863,0.0004,long,true,true,1,1,false,0,false,false,,false,-0.00154740249002,true,true,true,eligible,,1784664000000,1784664000
day7-v1,BRENTOIL,159,2026-07-21T21:00:00+00:00,1784667600000,lab/data/lighter_rwa_raw/BRENTOIL_candles_1h.json,lab/data/lighter_rwa_raw/BRENTOIL_fundings_1h.json,candle_and_funding,train,pre_roll,unknown_from_public_candle_snapshot,88.81,88.92,88.7,88.87,392.9131,34909.280274,0.00035524,0.0004,long,true,true,1,1,false,0,false,false,,false,0.00067559959464,true,true,true,eligible,,1784667600000,1784667600
day7-v1,WTI,145,2026-07-21T21:00:00+00:00,1784667600000,lab/data/lighter_rwa_raw/WTI_candles_1h.json,lab/data/lighter_rwa_raw/WTI_fundings_1h.json,candle_and_funding,train,pre_roll,unknown_from_public_candle_snapshot,84.527,84.648,84.496,84.566,488.676,41334.621615,0.00033820,0.0004,long,true,true,1,1,false,0,false,false,,false,0.000461391034817,true,true,true,eligible,,1784667600000,1784667600
day7-v1,BRENTOIL,159,2026-07-21T22:00:00+00:00,1784671200000,lab/data/lighter_rwa_raw/BRENTOIL_candles_1h.json,lab/data/lighter_rwa_raw/BRENTOIL_fundings_1h.json,candle_and_funding,train,pre_roll,unknown_from_public_candle_snapshot,88.87,89.06,88.83,88.96,1397.6272,124369.502911,0.00035568,0.0004,long,true,true,1,1,false,0,false,false,,false,0.00101271520198,true,true,true,eligible,,1784671200000,1784671200
day7-v1,WTI,145,2026-07-21T22:00:00+00:00,1784671200000,lab/data/lighter_rwa_raw/WTI_candles_1h.json,lab/data/lighter_rwa_raw/WTI_fundings_1h.json,candle_and_funding,train,pre_roll,unknown_from_public_candle_snapshot,84.566,84.821,84.566,84.706,1428.327,121046.52045,0.00033834,0.0004,long,true,true,1,1,false,0,false,false,,false,0.00165551167136,true,true,true,eligible,,1784671200000,1784671200
day7-v1,BRENTOIL,159,2026-07-21T23:00:00+00:00,1784674800000,lab/data/lighter_rwa_raw/BRENTOIL_candles_1h.json,lab/data/lighter_rwa_raw/BRENTOIL_fundings_1h.json,candle_and_funding,train,pre_roll,unknown_from_public_candle_snapshot,88.96,89.14,88.94,89,383.4223,34142.250855,0.00035580,0.0004,long,true,true,1,1,false,0,false,false,,false,0.00044964028777,true,true,true,eligible,,1784674800000,1784674800
day7-v1,WTI,145,2026-07-21T23:00:00+00:00,1784674800000,lab/data/lighter_rwa_raw/WTI_candles_1h.json,lab/data/lighter_rwa_raw/WTI_fundings_1h.json,candle_and_funding,train,pre_roll,unknown_from_public_candle_snapshot,84.706,84.897,84.66,84.782,296.661,25148.85899,0.00033886,0.0004,long,true,true,1,1,false,0,false,false,,false,0.000897220976082,true,true,true,eligible,,1784674800000,1784674800
day7-v1,BRENTOIL,159,2026-07-22T00:00:00+00:00,1784678400000,lab/data/lighter_rwa_raw/BRENTOIL_candles_1h.json,lab/data/lighter_rwa_raw/BRENTOIL_fundings_1h.json,candle_and_funding,train,pre_roll,unknown_from_public_candle_snapshot,89,89,88.64,88.83,6970.558899999999,618232.309315,0.00035600,0.0004,long,true,true,1,1,false,0,false,false,,false,-0.00191011235955,true,true,true,eligible,,1784678400000,1784678400
day7-v1,WTI,145,2026-07-22T00:00:00+00:00,1784678400000,lab/data/lighter_rwa_raw/WTI_candles_1h.json,lab/data/lighter_rwa_raw/WTI_fundings_1h.json,candle_and_funding,train,pre_roll,unknown_from_public_candle_snapshot,84.782,84.782,84.508,84.62,1579.187,133728.44625,0.00033914,0.0004,long,true,true,1,1,false,0,false,false,,false,-0.00191078294921,true,true,true,eligible,,1784678400000,1784678400
day7-v1,BRENTOIL,159,2026-07-22T01:00:00+00:00,1784682000000,lab/data/lighter_rwa_raw/BRENTOIL_candles_1h.json,lab/data/lighter_rwa_raw/BRENTOIL_fundings_1h.json,candle_and_funding,train,pre_roll,unknown_from_public_candle_snapshot,88.83,89.77,88.76,89.58,6031.731200000001,540487.377227,0.00035524,0.0004,long,true,true,1,1,false,0,false,false,,false,0.00844309354948,true,true,true,eligible,,1784682000000,1784682000
day7-v1,WTI,145,2026-07-22T01:00:00+00:00,1784682000000,lab/data/lighter_rwa_raw/WTI_candles_1h.json,lab/data/lighter_rwa_raw/WTI_fundings_1h.json,candle_and_funding,train,pre_roll,unknown_from_public_candle_snapshot,84.62,85.711,84.543,85.572,4501.71,383321.709341,0.00033860,0.0004,long,true,true,1,1,false,0,false,false,,false,0.0112502954384,true,true,true,eligible,,1784682000000,1784682000
day7-v1,BRENTOIL,159,2026-07-22T02:00:00+00:00,1784685600000,lab/data/lighter_rwa_raw/BRENTOIL_candles_1h.json,lab/data/lighter_rwa_raw/BRENTOIL_fundings_1h.json,candle_and_funding,train,pre_roll,unknown_from_public_candle_snapshot,89.58,89.66,88.94,89.13,5386.069299999999,480754.26697899995,0.00035836,0.0004,long,true,true,1,1,false,0,false,false,,false,-0.00502344273275,true,true,true,eligible,,1784685600000,1784685600
day7-v1,WTI,145,2026-07-22T02:00:00+00:00,1784685600000,lab/data/lighter_rwa_raw/WTI_candles_1h.json,lab/data/lighter_rwa_raw/WTI_fundings_1h.json,candle_and_funding,train,pre_roll,unknown_from_public_candle_snapshot,85.572,85.618,84.927,85.047,1788.761,152407.245046,0.00034238,0.0004,long,true,true,1,1,false,0,false,false,,false,-0.00613518440611,true,true,true,eligible,,1784685600000,1784685600
day7-v1,BRENTOIL,159,2026-07-22T03:00:00+00:00,1784689200000,lab/data/lighter_rwa_raw/BRENTOIL_candles_1h.json,lab/data/lighter_rwa_raw/BRENTOIL_fundings_1h.json,candle_and_funding,train,pre_roll,unknown_from_public_candle_snapshot,89.13,89.34,89.05,89.34,403.6362,36025.175791,0.00035616,0.0004,long,true,true,1,1,false,0,false,false,,false,0.00235610905419,true,true,true,eligible,,1784689200000,1784689200
day7-v1,WTI,145,2026-07-22T03:00:00+00:00,1784689200000,lab/data/lighter_rwa_raw/WTI_candles_1h.json,lab/data/lighter_rwa_raw/WTI_fundings_1h.json,candle_and_funding,train,pre_roll,unknown_from_public_candle_snapshot,85.047,85.319,84.997,85.319,1765.4669999999999,150233.768969,0.00034024,0.0004,long,true,true,1,1,false,0,false,false,,false,0.00319823156608,true,true,true,eligible,,1784689200000,1784689200
day7-v1,BRENTOIL,159,2026-07-22T04:00:00+00:00,1784692800000,lab/data/lighter_rwa_raw/BRENTOIL_candles_1h.json,lab/data/lighter_rwa_raw/BRENTOIL_fundings_1h.json,candle_and_funding,train,pre_roll,unknown_from_public_candle_snapshot,89.34,89.4,89.26,89.38,1378.0261999999998,123117.22180400002,0.00035720,0.0004,long,true,true,1,1,false,0,false,false,,false,0.000447727781509,true,true,true,eligible,,1784692800000,1784692800
day7-v1,WTI,145,2026-07-22T04:00:00+00:00,1784692800000,lab/data/lighter_rwa_raw/WTI_candles_1h.json,lab/data/lighter_rwa_raw/WTI_fundings_1h.json,candle_and_funding,train,pre_roll,unknown_from_public_candle_snapshot,85.319,85.419,85.199,85.406,1301.916,111086.242766,0.00034140,0.0004,long,true,true,1,1,false,0,false,false,,false,0.00101970252816,true,true,true,eligible,,1784692800000,1784692800
day7-v1,BRENTOIL,159,2026-07-22T05:00:00+00:00,1784696400000,lab/data/lighter_rwa_raw/BRENTOIL_candles_1h.json,lab/data/lighter_rwa_raw/BRENTOIL_fundings_1h.json,candle_and_funding,train,pre_roll,unknown_from_public_candle_snapshot,89.38,89.49,89.01,89.12,471.4665,42100.452181,0.00035740,0.0004,long,true,true,1,1,false,0,false,false,,false,-0.00290892817185,true,true,true,eligible,,1784696400000,1784696400
day7-v1,WTI,145,2026-07-22T05:00:00+00:00,1784696400000,lab/data/lighter_rwa_raw/WTI_candles_1h.json,lab/data/lighter_rwa_raw/WTI_fundings_1h.json,candle_and_funding,train,pre_roll,unknown_from_public_candle_snapshot,85.406,85.504,85.026,85.126,1243.577,106129.244072,0.00034170,0.0004,long,true,true,1,1,false,0,false,false,,false,-0.00327845818795,true,true,true,eligible,,1784696400000,1784696400
day7-v1,BRENTOIL,159,2026-07-22T06:00:00+00:00,1784700000000,lab/data/lighter_rwa_raw/BRENTOIL_candles_1h.json,lab/data/lighter_rwa_raw/BRENTOIL_fundings_1h.json,candle_and_funding,train,pre_roll,unknown_from_public_candle_snapshot,89.12,90.04,89.11,89.95,2582.6326,231677.789147,0.00035648,0.0004,long,true,true,1,1,false,0,false,false,,false,0.00931328545781,true,true,true,eligible,,1784700000000,1784700000
day7-v1,WTI,145,2026-07-22T06:00:00+00:00,1784700000000,lab/data/lighter_rwa_raw/WTI_candles_1h.json,lab/data/lighter_rwa_raw/WTI_fundings_1h.json,candle_and_funding,train,pre_roll,unknown_from_public_candle_snapshot,85.126,86.334,85.052,86.112,6683.284,574408.144984,0.00034060,0.0004,long,true,true,1,1,false,0,false,false,,false,0.0115828301576,true,true,true,eligible,,1784700000000,1784700000
day7-v1,BRENTOIL,159,2026-07-22T07:00:00+00:00,1784703600000,lab/data/lighter_rwa_raw/BRENTOIL_candles_1h.json,lab/data/lighter_rwa_raw/BRENTOIL_fundings_1h.json,candle_and_funding,train,pre_roll,unknown_from_public_candle_snapshot,89.95,91.24,89.92,91.03,1626.0673,147507.48272,0.00035952,0.0004,long,true,true,1,1,false,0,false,false,,false,0.0120066703724,true,true,true,eligible,,1784703600000,1784703600
day7-v1,WTI,145,2026-07-22T07:00:00+00:00,1784703600000,lab/data/lighter_rwa_raw/WTI_candles_1h.json,lab/data/lighter_rwa_raw/WTI_fundings_1h.json,candle_and_funding,train,pre_roll,unknown_from_public_candle_snapshot,86.112,87.803,86.112,87.671,11448.872000000001,1000286.343023,0.00034452,0.0004,long,true,true,1,1,false,0,false,false,,false,0.0181043292456,true,true,true,eligible,,1784703600000,1784703600
day7-v1,BRENTOIL,159,2026-07-22T08:00:00+00:00,1784707200000,lab/data/lighter_rwa_raw/BRENTOIL_candles_1h.json,lab/data/lighter_rwa_raw/BRENTOIL_fundings_1h.json,candle_and_funding,train,pre_roll,unknown_from_public_candle_snapshot,91.03,91.03,90.31,90.57,1318.5735,119484.240832,0.00036384,0.0004,long,true,true,1,1,false,0,false,false,,false,-0.00505327913875,true,true,true,eligible,,1784707200000,1784707200
day7-v1,WTI,145,2026-07-22T08:00:00+00:00,1784707200000,lab/data/lighter_rwa_raw/WTI_candles_1h.json,lab/data/lighter_rwa_raw/WTI_fundings_1h.json,candle_and_funding,train,pre_roll,unknown_from_public_candle_snapshot,87.671,87.761,87.177,87.603,5756.661,503567.799832,0.00035078,0.0004,long,true,true,1,1,false,0,false,false,,false,-0.000775627060259,true,true,true,eligible,,1784707200000,1784707200
day7-v1,BRENTOIL,159,2026-07-22T09:00:00+00:00,1784710800000,lab/data/lighter_rwa_raw/BRENTOIL_candles_1h.json,lab/data/lighter_rwa_raw/BRENTOIL_fundings_1h.json,candle_and_funding,train,pre_roll,unknown_from_public_candle_snapshot,90.57,90.86,90.21,90.77,1916.4913,173421.608852,0.00036192,0.0004,long,true,true,1,1,false,0,false,false,,false,0.00220823672298,true,true,true,eligible,,1784710800000,1784710800
day7-v1,WTI,145,2026-07-22T09:00:00+00:00,1784710800000,lab/data/lighter_rwa_raw/WTI_candles_1h.json,lab/data/lighter_rwa_raw/WTI_fundings_1h.json,candle_and_funding,train,pre_roll,unknown_from_public_candle_snapshot,87.603,88.567,87.361,88.4,18883.865,1663305.852331,0.00035048,0.0004,long,true,true,1,1,false,0,false,false,,false,0.00909786194537,true,true,true,eligible,,1784710800000,1784710800
day7-v1,BRENTOIL,159,2026-07-22T10:00:00+00:00,1784714400000,lab/data/lighter_rwa_raw/BRENTOIL_candles_1h.json,lab/data/lighter_rwa_raw/BRENTOIL_fundings_1h.json,candle_and_funding,train,pre_roll,unknown_from_public_candle_snapshot,90.77,90.77,89.9,90.24,3622.3068,327111.282647,0.00036288,0.0004,long,true,true,1,1,false,0,false,false,,false,-0.00583893356836,true,true,true,eligible,,1784714400000,1784714400
day7-v1,WTI,145,2026-07-22T10:00:00+00:00,1784714400000,lab/data/lighter_rwa_raw/WTI_candles_1h.json,lab/data/lighter_rwa_raw/WTI_fundings_1h.json,candle_and_funding,train,pre_roll,unknown_from_public_candle_snapshot,88.4,88.407,86.924,87.177,21004.402,1840212.846321,0.00035378,0.0004,long,true,true,1,1,false,0,false,false,,false,-0.013834841629,true,true,true,eligible,,1784714400000,1784714400
day7-v1,BRENTOIL,159,2026-07-22T11:00:00+00:00,1784718000000,lab/data/lighter_rwa_raw/BRENTOIL_candles_1h.json,lab/data/lighter_rwa_raw/BRENTOIL_fundings_1h.json,candle_and_funding,train,pre_roll,unknown_from_public_candle_snapshot,90.24,90.83,90.19,90.49,2410.7878,218110.172636,0.00036076,0.0004,long,true,true,1,1,false,0,false,false,,false,0.00277039007092,true,true,true,eligible,,1784718000000,1784718000
day7-v1,WTI,145,2026-07-22T11:00:00+00:00,1784718000000,lab/data/lighter_rwa_raw/WTI_candles_1h.json,lab/data/lighter_rwa_raw/WTI_fundings_1h.json,candle_and_funding,train,pre_roll,unknown_from_public_candle_snapshot,87.177,87.809,87.054,87.354,13104.295999999998,1144988.607484,0.00034873,0.0004,long,true,true,1,1,false,0,false,false,,false,0.0020303520424,true,true,true,eligible,,1784718000000,1784718000
day7-v1,BRENTOIL,159,2026-07-22T12:00:00+00:00,1784721600000,lab/data/lighter_rwa_raw/BRENTOIL_candles_1h.json,lab/data/lighter_rwa_raw/BRENTOIL_fundings_1h.json,candle_and_funding,train,pre_roll,unknown_from_public_candle_snapshot,90.49,90.69,89.83,90.31,1073.548,96919.353859,0.00036192,0.0004,long,true,true,1,1,false,0,false,false,,false,-0.00198917007404,true,true,true,eligible,,1784721600000,1784721600
day7-v1,WTI,145,2026-07-22T12:00:00+00:00,1784721600000,lab/data/lighter_rwa_raw/WTI_candles_1h.json,lab/data/lighter_rwa_raw/WTI_fundings_1h.json,candle_and_funding,train,pre_roll,unknown_from_public_candle_snapshot,87.354,87.527,86.584,87.236,15000.100999999999,1307664.132722,0.00034940,0.0004,long,true,true,1,1,false,0,false,false,,false,-0.0013508253772,true,true,true,eligible,,1784721600000,1784721600
day7-v1,BRENTOIL,159,2026-07-22T13:00:00+00:00,1784725200000,lab/data/lighter_rwa_raw/BRENTOIL_candles_1h.json,lab/data/lighter_rwa_raw/BRENTOIL_fundings_1h.json,candle_and_funding,train,pre_roll,unknown_from_public_candle_snapshot,90.31,90.5,89.57,90.18,890.2858,80139.274863,0.00036160,0.0004,long,true,true,1,1,false,0,false,false,,false,-0.00143948621415,true,true,true,eligible,,1784725200000,1784725200
day7-v1,WTI,145,2026-07-22T13:00:00+00:00,1784725200000,lab/data/lighter_rwa_raw/WTI_candles_1h.json,lab/data/lighter_rwa_raw/WTI_fundings_1h.json,candle_and_funding,train,pre_roll,unknown_from_public_candle_snapshot,87.236,87.361,86.173,86.951,6776.534,587224.255699,0.00034872,0.0004,long,true,true,1,1,false,0,false,false,,false,-0.00326699986244,true,true,true,eligible,,1784725200000,1784725200
day7-v1,BRENTOIL,159,2026-07-22T14:00:00+00:00,1784728800000,lab/data/lighter_rwa_raw/BRENTOIL_candles_1h.json,lab/data/lighter_rwa_raw/BRENTOIL_fundings_1h.json,candle_and_funding,train,pre_roll,unknown_from_public_candle_snapshot,90.18,90.46,89.99,90.09,772.1974,69667.47336799999,0.00036072,0.0004,long,true,true,1,1,false,0,false,false,,false,-0.000998003992016,true,true,true,eligible,,1784728800000,1784728800
day7-v1,WTI,145,2026-07-22T14:00:00+00:00,1784728800000,lab/data/lighter_rwa_raw/WTI_candles_1h.json,lab/data/lighter_rwa_raw/WTI_fundings_1h.json,candle_and_funding,train,pre_roll,unknown_from_public_candle_snapshot,86.951,87.159,86.463,86.715,2605.702,226374.696888,0.00034782,0.0004,long,true,true,1,1,false,0,false,false,,false,-0.00271417234994,true,true,true,eligible,,1784728800000,1784728800
day7-v1,BRENTOIL,159,2026-07-22T15:00:00+00:00,1784732400000,lab/data/lighter_rwa_raw/BRENTOIL_candles_1h.json,lab/data/lighter_rwa_raw/BRENTOIL_fundings_1h.json,candle_and_funding,train,pre_roll,unknown_from_public_candle_snapshot,90.09,90.48,89.3,89.6,1474.1063,132164.511838,0.00036016,0.0004,long,true,true,1,1,false,0,false,false,,false,-0.00543900543901,true,true,true,eligible,,1784732400000,1784732400
day7-v1,WTI,145,2026-07-22T15:00:00+00:00,1784732400000,lab/data/lighter_rwa_raw/WTI_candles_1h.json,lab/data/lighter_rwa_raw/WTI_fundings_1h.json,candle_and_funding,train,pre_roll,unknown_from_public_candle_snapshot,86.715,87.281,85.826,86.059,2753.854,238155.675711,0.00034681,0.0004,long,true,true,1,1,false,0,false,false,,false,-0.00756501182033,true,true,true,eligible,,1784732400000,1784732400
day7-v1,BRENTOIL,159,2026-07-22T16:00:00+00:00,1784736000000,lab/data/lighter_rwa_raw/BRENTOIL_candles_1h.json,lab/data/lighter_rwa_raw/BRENTOIL_fundings_1h.json,candle_and_funding,train,pre_roll,unknown_from_public_candle_snapshot,89.6,89.97,89.41,89.75,259.6905,23337.493274,0.00035772,0.0004,long,true,true,1,1,false,0,false,false,,false,0.00167410714286,true,true,true,eligible,,1784736000000,1784736000
day7-v1,WTI,145,2026-07-22T16:00:00+00:00,1784736000000,lab/data/lighter_rwa_raw/WTI_candles_1h.json,lab/data/lighter_rwa_raw/WTI_fundings_1h.json,candle_and_funding,train,pre_roll,unknown_from_public_candle_snapshot,86.059,86.533,85.978,86.33,913.263,78828.753192,0.00034408,0.0004,long,true,true,1,1,false,0,false,false,,false,0.00314900242857,true,true,true,eligible,,1784736000000,1784736000
day7-v1,BRENTOIL,159,2026-07-22T17:00:00+00:00,1784739600000,lab/data/lighter_rwa_raw/BRENTOIL_candles_1h.json,lab/data/lighter_rwa_raw/BRENTOIL_fundings_1h.json,candle_and_funding,train,pre_roll,unknown_from_public_candle_snapshot,89.75,90.33,89.75,90.2,818.0564,73766.734107,0.00035924,0.0004,long,true,true,1,1,false,0,false,false,,false,0.0050139275766,true,true,true,eligible,,1784739600000,1784739600
day7-v1,WTI,145,2026-07-22T17:00:00+00:00,1784739600000,lab/data/lighter_rwa_raw/WTI_candles_1h.json,lab/data/lighter_rwa_raw/WTI_fundings_1h.json,candle_and_funding,train,pre_roll,unknown_from_public_candle_snapshot,86.33,86.924,86.33,86.824,1880.5089999999998,163132.40616100002,0.00034524,0.0004,long,true,true,1,1,false,0,false,false,,false,0.00572222865748,true,true,true,eligible,,1784739600000,1784739600
day7-v1,BRENTOIL,159,2026-07-22T18:00:00+00:00,1784743200000,lab/data/lighter_rwa_raw/BRENTOIL_candles_1h.json,lab/data/lighter_rwa_raw/BRENTOIL_fundings_1h.json,candle_and_funding,train,pre_roll,unknown_from_public_candle_snapshot,90.2,90.41,90.12,90.41,328.8619,29663.407339,0.00036080,0.0004,long,true,true,1,1,false,0,false,false,,false,0.00232815964523,true,true,true,eligible,,1784743200000,1784743200
day7-v1,WTI,145,2026-07-22T18:00:00+00:00,1784743200000,lab/data/lighter_rwa_raw/WTI_candles_1h.json,lab/data/lighter_rwa_raw/WTI_fundings_1h.json,candle_and_funding,train,pre_roll,unknown_from_public_candle_snapshot,86.824,87.139,86.66,87.073,23732.771999999997,2064093.401186,0.00034724,0.0004,long,true,true,1,1,false,0,false,false,,false,0.00286787063485,true,true,true,eligible,,1784743200000,1784743200
day7-v1,BRENTOIL,159,2026-07-22T19:00:00+00:00,1784746800000,lab/data/lighter_rwa_raw/BRENTOIL_candles_1h.json,lab/data/lighter_rwa_raw/BRENTOIL_fundings_1h.json,candle_and_funding,train,pre_roll,unknown_from_public_candle_snapshot,90.41,90.44,90.02,90.02,846.747,76421.955647,0.00036152,0.0004,long,true,true,1,1,false,0,false,false,,false,-0.00431368211481,true,true,true,eligible,,1784746800000,1784746800
day7-v1,WTI,145,2026-07-22T19:00:00+00:00,1784746800000,lab/data/lighter_rwa_raw/WTI_candles_1h.json,lab/data/lighter_rwa_raw/WTI_fundings_1h.json,candle_and_funding,train,pre_roll,unknown_from_public_candle_snapshot,87.073,87.15,86.482,86.523,4977.385,432352.472422,0.00034826,0.0004,long,true,true,1,1,false,0,false,false,,false,-0.00631653899601,true,true,true,eligible,,1784746800000,1784746800
day7-v1,BRENTOIL,159,2026-07-22T20:00:00+00:00,1784750400000,lab/data/lighter_rwa_raw/BRENTOIL_candles_1h.json,lab/data/lighter_rwa_raw/BRENTOIL_fundings_1h.json,candle_and_funding,train,pre_roll,unknown_from_public_candle_snapshot,90.02,90.15,89.83,89.95,780.078,70181.901599,0.00036016,0.0004,long,true,true,1,1,false,0,false,false,,false,-0.000777604976672,true,true,true,eligible,,1784750400000,1784750400
day7-v1,WTI,145,2026-07-22T20:00:00+00:00,1784750400000,lab/data/lighter_rwa_raw/WTI_candles_1h.json,lab/data/lighter_rwa_raw/WTI_fundings_1h.json,candle_and_funding,train,pre_roll,unknown_from_public_candle_snapshot,86.523,86.743,86.249,86.501,7583.975,655885.830654,0.00034606,0.0004,long,true,true,1,1,false,0,false,false,,false,-0.000254267651376,true,true,true,eligible,,1784750400000,1784750400
day7-v1,BRENTOIL,159,2026-07-22T21:00:00+00:00,1784754000000,lab/data/lighter_rwa_raw/BRENTOIL_candles_1h.json,lab/data/lighter_rwa_raw/BRENTOIL_fundings_1h.json,candle_and_funding,train,pre_roll,unknown_from_public_candle_snapshot,89.95,90.83,89.95,90.83,3035.1874,274989.954542,0.00036000,0.0004,long,true,true,1,1,false,0,false,false,,false,0.00978321289605,true,true,true,eligible,,1784754000000,1784754000
day7-v1,WTI,145,2026-07-22T21:00:00+00:00,1784754000000,lab/data/lighter_rwa_raw/WTI_candles_1h.json,lab/data/lighter_rwa_raw/WTI_fundings_1h.json,candle_and_funding,train,pre_roll,unknown_from_public_candle_snapshot,86.501,87.273,86.501,87.225,3476.839,302048.980934,0.00034586,0.0004,long,true,true,1,1,false,0,false,false,,false,0.00836984543531,true,true,true,eligible,,1784754000000,1784754000
day7-v1,BRENTOIL,159,2026-07-22T22:00:00+00:00,1784757600000,lab/data/lighter_rwa_raw/BRENTOIL_candles_1h.json,lab/data/lighter_rwa_raw/BRENTOIL_fundings_1h.json,candle_and_funding,train,pre_roll,unknown_from_public_candle_snapshot,90.83,91.61,90.71,91.11,18611.1123,1698184.4339619998,0.00036376,0.0004,long,true,true,1,1,false,0,false,false,,false,0.00308268193328,true,true,true,eligible,,1784757600000,1784757600
day7-v1,WTI,145,2026-07-22T22:00:00+00:00,1784757600000,lab/data/lighter_rwa_raw/WTI_candles_1h.json,lab/data/lighter_rwa_raw/WTI_fundings_1h.json,candle_and_funding,train,pre_roll,unknown_from_public_candle_snapshot,87.225,88.343,87.225,87.923,27171.869,2391116.894174,0.00826016,0.0095,long,true,true,1,1,false,0,false,false,,false,0.00800229292061,true,true,true,eligible,,1784757600000,1784757600
day7-v1,BRENTOIL,159,2026-07-22T23:00:00+00:00,1784761200000,lab/data/lighter_rwa_raw/BRENTOIL_candles_1h.json,lab/data/lighter_rwa_raw/BRENTOIL_fundings_1h.json,candle_and_funding,train,pre_roll,unknown_from_public_candle_snapshot,91.11,91.21,90.91,90.95,1532.7547,139598.84137,0.00072936,0.0008,long,true,true,1,1,false,0,false,false,,false,-0.00175611897706,true,true,true,eligible,,1784761200000,1784761200
day7-v1,WTI,145,2026-07-22T23:00:00+00:00,1784761200000,lab/data/lighter_rwa_raw/WTI_candles_1h.json,lab/data/lighter_rwa_raw/WTI_fundings_1h.json,candle_and_funding,train,pre_roll,unknown_from_public_candle_snapshot,87.923,87.982,87.713,87.769,2311.576,203078.187909,0.00035178,0.0004,long,true,true,1,1,false,0,false,false,,false,-0.00175153259102,true,true,true,eligible,,1784761200000,1784761200
day7-v1,BRENTOIL,159,2026-07-23T00:00:00+00:00,1784764800000,lab/data/lighter_rwa_raw/BRENTOIL_candles_1h.json,lab/data/lighter_rwa_raw/BRENTOIL_fundings_1h.json,candle_and_funding,train,pre_roll,unknown_from_public_candle_snapshot,90.95,91.5,90.64,91.11,2153.8388999999997,196465.164907,0.00036420,0.0004,long,true,true,1,1,false,0,false,false,,false,0.00175920835624,true,true,true,eligible,,1784764800000,1784764800
day7-v1,WTI,145,2026-07-23T00:00:00+00:00,1784764800000,lab/data/lighter_rwa_raw/WTI_candles_1h.json,lab/data/lighter_rwa_raw/WTI_fundings_1h.json,candle_and_funding,train,pre_roll,unknown_from_public_candle_snapshot,87.769,88.333,87.362,87.991,4208.559,370318.754935,0.00035128,0.0004,long,true,true,1,1,false,0,false,false,,false,0.00252936686074,true,true,true,eligible,,1784764800000,1784764800
day7-v1,BRENTOIL,159,2026-07-23T01:00:00+00:00,1784768400000,lab/data/lighter_rwa_raw/BRENTOIL_candles_1h.json,lab/data/lighter_rwa_raw/BRENTOIL_fundings_1h.json,candle_and_funding,train,pre_roll,unknown_from_public_candle_snapshot,91.11,91.74,91.05,91.34,1267.7073,115819.244997,0.00036460,0.0004,long,true,true,1,1,false,0,false,false,,false,0.00252442102952,true,true,true,eligible,,1784768400000,1784768400
day7-v1,WTI,145,2026-07-23T01:00:00+00:00,1784768400000,lab/data/lighter_rwa_raw/WTI_candles_1h.json,lab/data/lighter_rwa_raw/WTI_fundings_1h.json,candle_and_funding,train,pre_roll,unknown_from_public_candle_snapshot,87.991,88.593,87.809,88.115,4475.959,395082.541367,0.00035188,0.0004,long,true,true,1,1,false,0,false,false,,false,0.0014092350354,true,true,true,eligible,,1784768400000,1784768400
day7-v1,BRENTOIL,159,2026-07-23T02:00:00+00:00,1784772000000,lab/data/lighter_rwa_raw/BRENTOIL_candles_1h.json,lab/data/lighter_rwa_raw/BRENTOIL_fundings_1h.json,candle_and_funding,train,pre_roll,unknown_from_public_candle_snapshot,91.34,91.6,91.25,91.46,1771.2139,161894.49603799998,0.00036520,0.0004,long,true,true,1,1,false,0,false,false,,false,0.00131377271732,true,true,true,eligible,,1784772000000,1784772000
day7-v1,WTI,145,2026-07-23T02:00:00+00:00,1784772000000,lab/data/lighter_rwa_raw/WTI_candles_1h.json,lab/data/lighter_rwa_raw/WTI_fundings_1h.json,candle_and_funding,train,pre_roll,unknown_from_public_candle_snapshot,88.115,88.432,88.066,88.225,1837.954,162162.856528,0.00035244,0.0004,long,true,true,1,1,false,0,false,false,,false,0.0012483686092,true,true,true,eligible,,1784772000000,1784772000
day7-v1,BRENTOIL,159,2026-07-23T03:00:00+00:00,1784775600000,lab/data/lighter_rwa_raw/BRENTOIL_candles_1h.json,lab/data/lighter_rwa_raw/BRENTOIL_fundings_1h.json,candle_and_funding,train,pre_roll,unknown_from_public_candle_snapshot,91.46,91.79,91.42,91.54,299.0481,27384.152904,0.00036588,0.0004,long,true,true,1,1,false,0,false,false,,false,0.000874699322108,true,true,true,eligible,,1784775600000,1784775600
day7-v1,WTI,145,2026-07-23T03:00:00+00:00,1784775600000,lab/data/lighter_rwa_raw/WTI_candles_1h.json,lab/data/lighter_rwa_raw/WTI_fundings_1h.json,candle_and_funding,train,pre_roll,unknown_from_public_candle_snapshot,88.225,88.629,88.192,88.39,2194.279,194104.882924,0.00035300,0.0004,long,true,true,1,1,false,0,false,false,,false,0.00187021819212,true,true,true,eligible,,1784775600000,1784775600
day7-v1,BRENTOIL,159,2026-07-23T04:00:00+00:00,1784779200000,lab/data/lighter_rwa_raw/BRENTOIL_candles_1h.json,lab/data/lighter_rwa_raw/BRENTOIL_fundings_1h.json,candle_and_funding,train,pre_roll,unknown_from_public_candle_snapshot,91.54,91.64,91.29,91.47,1744.6875,159561.318087,0.00036628,0.0004,long,true,true,1,1,false,0,false,false,,false,-0.000764693030369,true,true,true,eligible,,1784779200000,1784779200
day7-v1,WTI,145,2026-07-23T04:00:00+00:00,1784779200000,lab/data/lighter_rwa_raw/WTI_candles_1h.json,lab/data/lighter_rwa_raw/WTI_fundings_1h.json,candle_and_funding,train,pre_roll,unknown_from_public_candle_snapshot,88.39,88.443,87.924,88.077,2188.453,192793.869427,0.00035360,0.0004,long,true,true,1,1,false,0,false,false,,false,-0.0035411245616,true,true,true,eligible,,1784779200000,1784779200
day7-v1,BRENTOIL,159,2026-07-23T05:00:00+00:00,1784782800000,lab/data/lighter_rwa_raw/BRENTOIL_candles_1h.json,lab/data/lighter_rwa_raw/BRENTOIL_fundings_1h.json,candle_and_funding,train,pre_roll,unknown_from_public_candle_snapshot,91.47,91.66,91.13,91.64,687.8557,62898.266642,0.00036596,0.0004,long,true,true,1,1,false,0,false,false,,false,0.0018585328523,true,true,true,eligible,,1784782800000,1784782800
day7-v1,WTI,145,2026-07-23T05:00:00+00:00,1784782800000,lab/data/lighter_rwa_raw/WTI_candles_1h.json,lab/data/lighter_rwa_raw/WTI_fundings_1h.json,candle_and_funding,train,pre_roll,unknown_from_public_candle_snapshot,88.077,88.364,87.648,88.295,4086.71,359932.423353,0.00035252,0.0004,long,true,true,1,1,false,0,false,false,,false,0.00247510700864,true,true,true,eligible,,1784782800000,1784782800
day7-v1,BRENTOIL,159,2026-07-23T06:00:00+00:00,1784786400000,lab/data/lighter_rwa_raw/BRENTOIL_candles_1h.json,lab/data/lighter_rwa_raw/BRENTOIL_fundings_1h.json,candle_and_funding,train,pre_roll,unknown_from_public_candle_snapshot,91.64,92.01,91.38,91.98,1126.2842,103280.400248,0.00036672,0.0004,long,true,true,1,1,false,0,false,false,,false,0.00371017023134,true,true,true,eligible,,1784786400000,1784786400
day7-v1,WTI,145,2026-07-23T06:00:00+00:00,1784786400000,lab/data/lighter_rwa_raw/WTI_candles_1h.json,lab/data/lighter_rwa_raw/WTI_fundings_1h.json,candle_and_funding,train,pre_roll,unknown_from_public_candle_snapshot,88.295,88.756,87.956,88.624,2550.5069999999996,225721.915775,0.00035316,0.0004,long,true,true,1,1,false,0,false,false,,false,0.00372614530834,true,true,true,eligible,,1784786400000,1784786400
day7-v1,BRENTOIL,159,2026-07-23T07:00:00+00:00,1784790000000,lab/data/lighter_rwa_raw/BRENTOIL_candles_1h.json,lab/data/lighter_rwa_raw/BRENTOIL_fundings_1h.json,candle_and_funding,train,pre_roll,unknown_from_public_candle_snapshot,91.98,92.78,91.95,92.28,5977.7839,551692.770669,0.00036756,0.0004,long,true,true,1,1,false,0,false,false,,false,0.00326157860404,true,true,true,eligible,,1784790000000,1784790000
day7-v1,WTI,145,2026-07-23T07:00:00+00:00,1784790000000,lab/data/lighter_rwa_raw/WTI_candles_1h.json,lab/data/lighter_rwa_raw/WTI_fundings_1h.json,candle_and_funding,train,pre_roll,unknown_from_public_candle_snapshot,88.624,89.805,88.6,89.285,13569.762,1213340.294859,0.00035455,0.0004,long,true,true,1,1,false,0,false,false,,false,0.00745847625925,true,true,true,eligible,,1784790000000,1784790000
day7-v1,BRENTOIL,159,2026-07-23T08:00:00+00:00,1784793600000,lab/data/lighter_rwa_raw/BRENTOIL_candles_1h.json,lab/data/lighter_rwa_raw/BRENTOIL_fundings_1h.json,candle_and_funding,train,pre_roll,unknown_from_public_candle_snapshot,92.28,92.79,92.06,92.54,1014.6418,93745.684042,0.00036936,0.0004,long,true,true,1,1,false,0,false,false,,false,0.00281751192024,true,true,true,eligible,,1784793600000,1784793600
day7-v1,WTI,145,2026-07-23T08:00:00+00:00,1784793600000,lab/data/lighter_rwa_raw/WTI_candles_1h.json,lab/data/lighter_rwa_raw/WTI_fundings_1h.json,candle_and_funding,train,pre_roll,unknown_from_public_candle_snapshot,89.285,89.705,88.916,89.459,39125.083999999995,3496970.231197,0.00035722,0.0004,long,true,true,1,1,false,0,false,false,,false,0.00194881559052,true,true,true,eligible,,1784793600000,1784793600
day7-v1,BRENTOIL,159,2026-07-23T09:00:00+00:00,1784797200000,lab/data/lighter_rwa_raw/BRENTOIL_candles_1h.json,lab/data/lighter_rwa_raw/BRENTOIL_fundings_1h.json,candle_and_funding,train,pre_roll,unknown_from_public_candle_snapshot,92.54,93.19,92.31,92.93,932.8788000000001,86684.67647,0.00037000,0.0004,long,true,true,1,1,false,0,false,false,,false,0.00421439377566,true,true,true,eligible,,1784797200000,1784797200
day7-v1,WTI,145,2026-07-23T09:00:00+00:00,1784797200000,lab/data/lighter_rwa_raw/WTI_candles_1h.json,lab/data/lighter_rwa_raw/WTI_fundings_1h.json,candle_and_funding,train,pre_roll,unknown_from_public_candle_snapshot,89.459,90.33,89.247,90.172,23620.310999999998,2121477.215415,0.00035804,0.0004,long,true,true,1,1,false,0,false,false,,false,0.00797013156865,true,true,true,eligible,,1784797200000,1784797200
day7-v1,BRENTOIL,159,2026-07-23T10:00:00+00:00,1784800800000,lab/data/lighter_rwa_raw/BRENTOIL_candles_1h.json,lab/data/lighter_rwa_raw/BRENTOIL_fundings_1h.json,candle_and_funding,train,pre_roll,unknown_from_public_candle_snapshot,92.93,93.16,92.57,92.7,2950.984,274017.93649500003,0.00037112,0.0004,long,true,true,1,1,false,0,false,false,,false,-0.00247498116862,true,true,true,eligible,,1784800800000,1784800800
day7-v1,WTI,145,2026-07-23T10:00:00+00:00,1784800800000,lab/data/lighter_rwa_raw/WTI_candles_1h.json,lab/data/lighter_rwa_raw/WTI_fundings_1h.json,candle_and_funding,train,pre_roll,unknown_from_public_candle_snapshot,90.172,90.651,89.846,90.061,29986.022999999994,2705134.662044,0.00036092,0.0004,long,true,true,1,1,false,0,false,false,,false,-0.00123098079226,true,true,true,eligible,,1784800800000,1784800800
day7-v1,BRENTOIL,159,2026-07-23T11:00:00+00:00,1784804400000,lab/data/lighter_rwa_raw/BRENTOIL_candles_1h.json,lab/data/lighter_rwa_raw/BRENTOIL_fundings_1h.json,candle_and_funding,train,pre_roll,unknown_from_public_candle_snapshot,92.7,93.39,92.68,93,1074.3199,100046.090205,0.00037056,0.0004,long,true,true,1,1,false,0,false,false,,false,0.00323624595469,true,true,true,eligible,,1784804400000,1784804400
day7-v1,WTI,145,2026-07-23T11:00:00+00:00,1784804400000,lab/data/lighter_rwa_raw/WTI_candles_1h.json,lab/data/lighter_rwa_raw/WTI_fundings_1h.json,candle_and_funding,train,pre_roll,unknown_from_public_candle_snapshot,90.061,91.085,90.047,90.619,17295.367,1564476.549445,0.00036050,0.0004,long,true,true,1,1,false,0,false,false,,false,0.00619580062402,true,true,true,eligible,,1784804400000,1784804400
day7-v1,BRENTOIL,159,2026-07-23T12:00:00+00:00,1784808000000,lab/data/lighter_rwa_raw/BRENTOIL_candles_1h.json,lab/data/lighter_rwa_raw/BRENTOIL_fundings_1h.json,candle_and_funding,train,pre_roll,unknown_from_public_candle_snapshot,93,93.87,92.92,93.53,2554.8303,238964.504171,0.00037204,0.0004,long,true,true,1,1,false,0,false,false,,false,0.00569892473118,true,true,true,eligible,,1784808000000,1784808000
day7-v1,WTI,145,2026-07-23T12:00:00+00:00,1784808000000,lab/data/lighter_rwa_raw/WTI_candles_1h.json,lab/data/lighter_rwa_raw/WTI_fundings_1h.json,candle_and_funding,train,pre_roll,unknown_from_public_candle_snapshot,90.619,91.304,90.398,90.759,14343.017000000002,1299938.3049410002,0.00036274,0.0004,long,true,true,1,1,false,0,false,false,,false,0.00154492987122,true,true,true,eligible,,1784808000000,1784808000
day7-v1,BRENTOIL,159,2026-07-23T13:00:00+00:00,1784811600000,lab/data/lighter_rwa_raw/BRENTOIL_candles_1h.json,lab/data/lighter_rwa_raw/BRENTOIL_fundings_1h.json,candle_and_funding,train,pre_roll,unknown_from_public_candle_snapshot,93.53,94.39,93.31,94.34,2824.6347,264932.215347,0.00037416,0.0004,long,true,true,1,1,false,0,false,false,,false,0.00866032289105,true,true,true,eligible,,1784811600000,1784811600
day7-v1,WTI,145,2026-07-23T13:00:00+00:00,1784811600000,lab/data/lighter_rwa_raw/WTI_candles_1h.json,lab/data/lighter_rwa_raw/WTI_fundings_1h.json,candle_and_funding,train,pre_roll,unknown_from_public_candle_snapshot,90.759,91.837,90.618,91.713,17492.621,1591769.939012,0.00036332,0.0004,long,true,true,1,1,false,0,false,false,,false,0.0105113542459,true,true,true,eligible,,1784811600000,1784811600
day7-v1,BRENTOIL,159,2026-07-23T14:00:00+00:00,1784815200000,lab/data/lighter_rwa_raw/BRENTOIL_candles_1h.json,lab/data/lighter_rwa_raw/BRENTOIL_fundings_1h.json,candle_and_funding,train,pre_roll,unknown_from_public_candle_snapshot,94.34,94.56,93.79,94.27,1713.1075,161454.039547,0.00037712,0.0004,long,true,true,1,1,false,0,false,false,,false,-0.000741997032012,true,true,true,eligible,,1784815200000,1784815200
day7-v1,WTI,145,2026-07-23T14:00:00+00:00,1784815200000,lab/data/lighter_rwa_raw/WTI_candles_1h.json,lab/data/lighter_rwa_raw/WTI_fundings_1h.json,candle_and_funding,train,pre_roll,unknown_from_public_candle_snapshot,91.713,92.054,90.963,91.763,56341.639,5166687.152741,0.00036698,0.0004,long,true,true,1,1,false,0,false,false,,false,0.00054517898226,true,true,true,eligible,,1784815200000,1784815200
day7-v1,BRENTOIL,159,2026-07-23T15:00:00+00:00,1784818800000,lab/data/lighter_rwa_raw/BRENTOIL_candles_1h.json,lab/data/lighter_rwa_raw/BRENTOIL_fundings_1h.json,candle_and_funding,train,pre_roll,unknown_from_public_candle_snapshot,94.27,94.64,94.1,94.18,2593.0897,244843.50378,0.00037680,0.0004,long,true,true,1,1,false,0,false,false,,false,-0.000954704571974,true,true,true,eligible,,1784818800000,1784818800
day7-v1,WTI,145,2026-07-23T15:00:00+00:00,1784818800000,lab/data/lighter_rwa_raw/WTI_candles_1h.json,lab/data/lighter_rwa_raw/WTI_fundings_1h.json,candle_and_funding,train,pre_roll,unknown_from_public_candle_snapshot,91.763,92.759,91.694,91.818,29355.666,2709319.415284,0.00036758,0.0004,long,true,true,1,1,false,0,false,false,,false,0.000599370116496,true,true,true,eligible,,1784818800000,1784818800
day7-v1,BRENTOIL,159,2026-07-23T16:00:00+00:00,1784822400000,lab/data/lighter_rwa_raw/BRENTOIL_candles_1h.json,lab/data/lighter_rwa_raw/BRENTOIL_fundings_1h.json,candle_and_funding,train,pre_roll,unknown_from_public_candle_snapshot,94.18,94.44,93.88,94.36,1504.1345,141651.582161,0.00037628,0.0004,long,true,true,1,1,false,0,false,false,,false,0.0019112338076,true,true,true,eligible,,1784822400000,1784822400
day7-v1,WTI,145,2026-07-23T16:00:00+00:00,1784822400000,lab/data/lighter_rwa_raw/WTI_candles_1h.json,lab/data/lighter_rwa_raw/WTI_fundings_1h.json,candle_and_funding,train,pre_roll,unknown_from_public_candle_snapshot,91.818,92.521,91.585,92.331,25324.896,2330312.624125,0.00036734,0.0004,long,true,true,1,1,false,0,false,false,,false,0.00558713977651,true,true,true,eligible,,1784822400000,1784822400
day7-v1,BRENTOIL,159,2026-07-23T17:00:00+00:00,1784826000000,lab/data/lighter_rwa_raw/BRENTOIL_candles_1h.json,lab/data/lighter_rwa_raw/BRENTOIL_fundings_1h.json,candle_and_funding,train,pre_roll,unknown_from_public_candle_snapshot,94.36,95.24,94.34,95.19,2860.4849,271315.16767500003,0.00037732,0.0004,long,true,true,1,1,false,0,false,false,,false,0.00879610004239,true,true,true,eligible,,1784826000000,1784826000
day7-v1,WTI,145,2026-07-23T17:00:00+00:00,1784826000000,lab/data/lighter_rwa_raw/WTI_candles_1h.json,lab/data/lighter_rwa_raw/WTI_fundings_1h.json,candle_and_funding,train,pre_roll,unknown_from_public_candle_snapshot,92.331,93.241,92.331,93.23,6047.951,560918.142592,0.00036932,0.0004,long,true,true,1,1,false,0,false,false,,false,0.00973670814786,true,true,true,eligible,,1784826000000,1784826000
day7-v1,BRENTOIL,159,2026-07-23T18:00:00+00:00,1784829600000,lab/data/lighter_rwa_raw/BRENTOIL_candles_1h.json,lab/data/lighter_rwa_raw/BRENTOIL_fundings_1h.json,candle_and_funding,train,pre_roll,unknown_from_public_candle_snapshot,95.19,95.3,94.14,94.17,1994.0197,188923.097267,0.00038064,0.0004,long,true,true,1,1,false,0,false,false,,false,-0.0107154112827,true,true,true,eligible,,1784829600000,1784829600
day7-v1,WTI,145,2026-07-23T18:00:00+00:00,1784829600000,lab/data/lighter_rwa_raw/WTI_candles_1h.json,lab/data/lighter_rwa_raw/WTI_fundings_1h.json,candle_and_funding,train,pre_roll,unknown_from_public_candle_snapshot,93.23,93.427,91.949,92.029,27151.882999999998,2517291.264518,0.00037296,0.0004,long,true,true,1,1,false,0,false,false,,false,-0.0128821194894,true,true,true,eligible,,1784829600000,1784829600
day7-v1,BRENTOIL,159,2026-07-23T19:00:00+00:00,1784833200000,lab/data/lighter_rwa_raw/BRENTOIL_candles_1h.json,lab/data/lighter_rwa_raw/BRENTOIL_fundings_1h.json,candle_and_funding,train,pre_roll,unknown_from_public_candle_snapshot,94.17,94.17,93.32,93.64,3797.7767,355469.399451,0.00037648,0.0004,long,true,true,1,1,false,0,false,false,,false,-0.00562811935861,true,true,true,eligible,,1784833200000,1784833200
day7-v1,WTI,145,2026-07-23T19:00:00+00:00,1784833200000,lab/data/lighter_rwa_raw/WTI_candles_1h.json,lab/data/lighter_rwa_raw/WTI_fundings_1h.json,candle_and_funding,train,pre_roll,unknown_from_public_candle_snapshot,92.029,92.029,91.184,91.531,35878.873,3282296.110043,0.00036816,0.0004,long,true,true,1,1,false,0,false,false,,false,-0.0054113377305,true,true,true,eligible,,1784833200000,1784833200
day7-v1,BRENTOIL,159,2026-07-23T20:00:00+00:00,1784836800000,lab/data/lighter_rwa_raw/BRENTOIL_candles_1h.json,lab/data/lighter_rwa_raw/BRENTOIL_fundings_1h.json,candle_and_funding,train,pre_roll,unknown_from_public_candle_snapshot,93.64,94.19,93.59,94.12,1049.6476,98554.451781,0.00037460,0.0004,long,true,true,1,1,false,0,false,false,,false,0.00512601452371,true,true,true,eligible,,1784836800000,1784836800
day7-v1,WTI,145,2026-07-23T20:00:00+00:00,1784836800000,lab/data/lighter_rwa_raw/WTI_candles_1h.json,lab/data/lighter_rwa_raw/WTI_fundings_1h.json,candle_and_funding,train,pre_roll,unknown_from_public_candle_snapshot,91.531,92.349,91.392,92.288,21474.695,1970919.8558999998,0.00036636,0.0004,long,true,true,1,1,false,0,false,false,,false,0.00827042204281,true,true,true,eligible,,1784836800000,1784836800
day7-v1,BRENTOIL,159,2026-07-23T21:00:00+00:00,1784840400000,lab/data/lighter_rwa_raw/BRENTOIL_candles_1h.json,lab/data/lighter_rwa_raw/BRENTOIL_fundings_1h.json,candle_and_funding,train,pre_roll,unknown_from_public_candle_snapshot,94.12,94.75,94.09,94.75,2479.5758,233748.584423,0.00037604,0.0004,long,true,true,1,1,false,0,false,false,,false,0.00669358266043,true,true,true,eligible,,1784840400000,1784840400
day7-v1,WTI,145,2026-07-23T21:00:00+00:00,1784840400000,lab/data/lighter_rwa_raw/WTI_candles_1h.json,lab/data/lighter_rwa_raw/WTI_fundings_1h.json,candle_and_funding,train,pre_roll,unknown_from_public_candle_snapshot,92.288,92.609,92.023,92.6,3850.051,355123.91088,0.00036948,0.0004,long,true,true,1,1,false,0,false,false,,false,0.00338072122053,true,true,true,eligible,,1784840400000,1784840400
day7-v1,BRENTOIL,159,2026-07-23T22:00:00+00:00,1784844000000,lab/data/lighter_rwa_raw/BRENTOIL_candles_1h.json,lab/data/lighter_rwa_raw/BRENTOIL_fundings_1h.json,candle_and_funding,train,pre_roll,unknown_from_public_candle_snapshot,94.75,94.75,94.06,94.13,868.8987,81966.69166,0.00037816,0.0004,long,true,true,1,1,false,0,false,false,,false,-0.00654353562005,true,true,true,eligible,,1784844000000,1784844000
day7-v1,WTI,145,2026-07-23T22:00:00+00:00,1784844000000,lab/data/lighter_rwa_raw/WTI_candles_1h.json,lab/data/lighter_rwa_raw/WTI_fundings_1h.json,candle_and_funding,train,pre_roll,unknown_from_public_candle_snapshot,92.6,92.6,91.982,92.062,9853.597999999998,908187.340685,0.00036896,0.0004,long,true,true,1,1,false,0,false,false,,false,-0.00580993520518,true,true,true,eligible,,1784844000000,1784844000
day7-v1,BRENTOIL,159,2026-07-23T23:00:00+00:00,1784847600000,lab/data/lighter_rwa_raw/BRENTOIL_candles_1h.json,lab/data/lighter_rwa_raw/BRENTOIL_fundings_1h.json,candle_and_funding,train,pre_roll,unknown_from_public_candle_snapshot,94.13,94.3,93.99,94.18,1506.8259,141874.85839500002,0.00197862,0.0021,short,true,true,1,1,false,0,false,false,,false,0.000531180282588,true,true,true,eligible,,1784847600000,1784847600
day7-v1,WTI,145,2026-07-23T23:00:00+00:00,1784847600000,lab/data/lighter_rwa_raw/WTI_candles_1h.json,lab/data/lighter_rwa_raw/WTI_fundings_1h.json,candle_and_funding,train,pre_roll,unknown_from_public_candle_snapshot,92.062,92.428,92.029,92.265,1772.951,163341.596378,0.00036837,0.0004,long,true,true,1,1,false,0,false,false,,false,0.00220503573679,true,true,true,eligible,,1784847600000,1784847600
day7-v1,BRENTOIL,159,2026-07-24T00:00:00+00:00,1784851200000,lab/data/lighter_rwa_raw/BRENTOIL_candles_1h.json,lab/data/lighter_rwa_raw/BRENTOIL_fundings_1h.json,candle_and_funding,train,pre_roll,unknown_from_public_candle_snapshot,94.18,94.56,93.88,93.88,2292.7593,216043.571072,0.00037652,0.0004,long,true,true,1,1,false,0,false,false,,false,-0.00318538967934,true,true,true,eligible,,1784851200000,1784851200
day7-v1,WTI,145,2026-07-24T00:00:00+00:00,1784851200000,lab/data/lighter_rwa_raw/WTI_candles_1h.json,lab/data/lighter_rwa_raw/WTI_fundings_1h.json,candle_and_funding,train,pre_roll,unknown_from_public_candle_snapshot,92.265,92.782,91.876,91.885,2472.477,228330.367086,0.00036912,0.0004,long,true,true,1,1,false,0,false,false,,false,-0.00411857150599,true,true,true,eligible,,1784851200000,1784851200
day7-v1,BRENTOIL,159,2026-07-24T01:00:00+00:00,1784854800000,lab/data/lighter_rwa_raw/BRENTOIL_candles_1h.json,lab/data/lighter_rwa_raw/BRENTOIL_fundings_1h.json,candle_and_funding,train,pre_roll,unknown_from_public_candle_snapshot,93.88,93.88,93.19,93.71,10947.1134,1024118.574034,0.00037540,0.0004,long,true,true,1,1,false,0,false,false,,false,-0.00181082232637,true,true,true,eligible,,1784854800000,1784854800
day7-v1,WTI,145,2026-07-24T01:00:00+00:00,1784854800000,lab/data/lighter_rwa_raw/WTI_candles_1h.json,lab/data/lighter_rwa_raw/WTI_fundings_1h.json,candle_and_funding,train,pre_roll,unknown_from_public_candle_snapshot,91.885,91.885,91.121,91.613,4524.489,413726.942079,0.00036762,0.0004,long,true,true,1,1,false,0,false,false,,false,-0.00296022201665,true,true,true,eligible,,1784854800000,1784854800
day7-v1,BRENTOIL,159,2026-07-24T02:00:00+00:00,1784858400000,lab/data/lighter_rwa_raw/BRENTOIL_candles_1h.json,lab/data/lighter_rwa_raw/BRENTOIL_fundings_1h.json,candle_and_funding,train,pre_roll,unknown_from_public_candle_snapshot,93.71,93.95,93.68,93.87,1395.8955,130829.683555,0.00037468,0.0004,long,true,true,1,1,false,0,false,false,,false,0.00170739515527,true,true,true,eligible,,1784858400000,1784858400
day7-v1,WTI,145,2026-07-24T02:00:00+00:00,1784858400000,lab/data/lighter_rwa_raw/WTI_candles_1h.json,lab/data/lighter_rwa_raw/WTI_fundings_1h.json,candle_and_funding,train,pre_roll,unknown_from_public_candle_snapshot,91.613,92.019,91.562,91.905,13039.335,1198270.201835,0.00036663,0.0004,long,true,true,1,1,false,0,false,false,,false,0.00318732057677,true,true,true,eligible,,1784858400000,1784858400
day7-v1,BRENTOIL,159,2026-07-24T03:00:00+00:00,1784862000000,lab/data/lighter_rwa_raw/BRENTOIL_candles_1h.json,lab/data/lighter_rwa_raw/BRENTOIL_fundings_1h.json,candle_and_funding,train,pre_roll,unknown_from_public_candle_snapshot,93.87,94.3,93.82,93.93,1970.3049,185320.499103,0.00037548,0.0004,long,true,true,1,1,false,0,false,false,,false,0.000639181847236,true,true,true,eligible,,1784862000000,1784862000
day7-v1,WTI,145,2026-07-24T03:00:00+00:00,1784862000000,lab/data/lighter_rwa_raw/WTI_candles_1h.json,lab/data/lighter_rwa_raw/WTI_fundings_1h.json,candle_and_funding,train,pre_roll,unknown_from_public_candle_snapshot,91.905,92.386,91.862,91.909,2424.469,223195.65458,0.00036764,0.0004,long,true,true,1,1,false,0,false,false,,false,4.35232033078e-05,true,true,true,eligible,,1784862000000,1784862000
day7-v1,BRENTOIL,159,2026-07-24T04:00:00+00:00,1784865600000,lab/data/lighter_rwa_raw/BRENTOIL_candles_1h.json,lab/data/lighter_rwa_raw/BRENTOIL_fundings_1h.json,candle_and_funding,train,pre_roll,unknown_from_public_candle_snapshot,93.93,93.99,93.7,93.78,1622.0519,152307.896958,0.00037564,0.0004,long,true,true,1,1,false,0,false,false,,false,-0.00159693388694,true,true,true,eligible,,1784865600000,1784865600
day7-v1,WTI,145,2026-07-24T04:00:00+00:00,1784865600000,lab/data/lighter_rwa_raw/WTI_candles_1h.json,lab/data/lighter_rwa_raw/WTI_fundings_1h.json,candle_and_funding,train,pre_roll,unknown_from_public_candle_snapshot,91.909,91.95,91.523,91.654,3673.0149999999994,336869.20804199995,0.00036762,0.0004,long,true,true,1,1,false,0,false,false,,false,-0.00277448345646,true,true,true,eligible,,1784865600000,1784865600
day7-v1,BRENTOIL,159,2026-07-24T05:00:00+00:00,1784869200000,lab/data/lighter_rwa_raw/BRENTOIL_candles_1h.json,lab/data/lighter_rwa_raw/BRENTOIL_fundings_1h.json,candle_and_funding,train,pre_roll,unknown_from_public_candle_snapshot,93.78,93.91,93.38,93.54,203.76749999999998,19105.589177,0.00037512,0.0004,long,true,true,1,1,false,0,false,false,,false,-0.00255918106206,true,true,true,eligible,,1784869200000,1784869200
day7-v1,WTI,145,2026-07-24T05:00:00+00:00,1784869200000,lab/data/lighter_rwa_raw/WTI_candles_1h.json,lab/data/lighter_rwa_raw/WTI_fundings_1h.json,candle_and_funding,train,pre_roll,unknown_from_public_candle_snapshot,91.654,91.834,91.151,91.451,15875.262999999999,1449802.63816,0.00036664,0.0004,long,true,true,1,1,false,0,false,false,,false,-0.00221485150675,true,true,true,eligible,,1784869200000,1784869200
day7-v1,BRENTOIL,159,2026-07-24T06:00:00+00:00,1784872800000,lab/data/lighter_rwa_raw/BRENTOIL_candles_1h.json,lab/data/lighter_rwa_raw/BRENTOIL_fundings_1h.json,candle_and_funding,train,pre_roll,unknown_from_public_candle_snapshot,93.54,93.73,92.85,92.86,2356.006,219665.82323500002,0.00037432,0.0004,long,true,true,1,1,false,0,false,false,,false,-0.00726961727603,true,true,true,eligible,,1784872800000,1784872800
day7-v1,WTI,145,2026-07-24T06:00:00+00:00,1784872800000,lab/data/lighter_rwa_raw/WTI_candles_1h.json,lab/data/lighter_rwa_raw/WTI_fundings_1h.json,candle_and_funding,train,pre_roll,unknown_from_public_candle_snapshot,91.451,91.577,90.475,90.536,6929.57,632004.6610569999,0.00036598,0.0004,long,true,true,1,1,false,0,false,false,,false,-0.0100053580606,true,true,true,eligible,,1784872800000,1784872800
day7-v1,BRENTOIL,159,2026-07-24T07:00:00+00:00,1784876400000,lab/data/lighter_rwa_raw/BRENTOIL_candles_1h.json,lab/data/lighter_rwa_raw/BRENTOIL_fundings_1h.json,candle_and_funding,train,pre_roll,unknown_from_public_candle_snapshot,92.86,93.06,92.32,92.5,3865.3589,358210.670394,0.00037164,0.0004,long,true,true,1,1,false,0,false,false,,false,-0.00387680379065,true,true,true,eligible,,1784876400000,1784876400
day7-v1,WTI,145,2026-07-24T07:00:00+00:00,1784876400000,lab/data/lighter_rwa_raw/WTI_candles_1h.json,lab/data/lighter_rwa_raw/WTI_fundings_1h.json,candle_and_funding,train,pre_roll,unknown_from_public_candle_snapshot,90.536,90.719,90.147,90.405,6443.26,582897.930535,0.00036233,0.0004,long,true,true,1,1,false,0,false,false,,false,-0.00144693823451,true,true,true,eligible,,1784876400000,1784876400
day7-v1,BRENTOIL,159,2026-07-24T08:00:00+00:00,1784880000000,lab/data/lighter_rwa_raw/BRENTOIL_candles_1h.json,lab/data/lighter_rwa_raw/BRENTOIL_fundings_1h.json,candle_and_funding,train,pre_roll,unknown_from_public_candle_snapshot,92.5,92.73,91.53,91.64,1479.4279,136106.569215,0.00036988,0.0004,long,true,true,1,1,false,0,false,false,,false,-0.0092972972973,true,true,true,eligible,,1784880000000,1784880000
day7-v1,WTI,145,2026-07-24T08:00:00+00:00,1784880000000,lab/data/lighter_rwa_raw/WTI_candles_1h.json,lab/data/lighter_rwa_raw/WTI_fundings_1h.json,candle_and_funding,train,pre_roll,unknown_from_public_candle_snapshot,90.405,90.765,89.415,89.52,20057.788,1800533.4349280002,0.00036178,0.0004,long,true,true,1,1,false,0,false,false,,false,-0.00978928156629,true,true,true,eligible,,1784880000000,1784880000
day7-v1,BRENTOIL,159,2026-07-24T09:00:00+00:00,1784883600000,lab/data/lighter_rwa_raw/BRENTOIL_candles_1h.json,lab/data/lighter_rwa_raw/BRENTOIL_fundings_1h.json,candle_and_funding,train,pre_roll,unknown_from_public_candle_snapshot,91.64,91.7,91.06,91.4,3088.7441000000003,282243.625769,0.00036672,0.0004,long,true,true,1,1,false,0,false,false,,false,-0.00261894369271,true,true,true,eligible,,1784883600000,1784883600
day7-v1,WTI,145,2026-07-24T09:00:00+00:00,1784883600000,lab/data/lighter_rwa_raw/WTI_candles_1h.json,lab/data/lighter_rwa_raw/WTI_fundings_1h.json,candle_and_funding,train,pre_roll,unknown_from_public_candle_snapshot,89.52,89.571,88.705,88.975,42576.487,3786583.951549,0.00035836,0.0004,long,true,true,1,1,false,0,false,false,,false,-0.00608802502234,true,true,true,eligible,,1784883600000,1784883600
day7-v1,BRENTOIL,159,2026-07-24T10:00:00+00:00,1784887200000,lab/data/lighter_rwa_raw/BRENTOIL_candles_1h.json,lab/data/lighter_rwa_raw/BRENTOIL_fundings_1h.json,candle_and_funding,train,pre_roll,unknown_from_public_candle_snapshot,91.4,92.35,91.35,92.17,2890.3529,265727.56128900003,0.00036572,0.0004,long,true,true,1,1,false,0,false,false,,false,0.00842450765864,true,true,true,eligible,,1784887200000,1784887200
day7-v1,WTI,145,2026-07-24T10:00:00+00:00,1784887200000,lab/data/lighter_rwa_raw/WTI_candles_1h.json,lab/data/lighter_rwa_raw/WTI_fundings_1h.json,candle_and_funding,train,pre_roll,unknown_from_public_candle_snapshot,88.975,90.157,88.859,89.922,29789.093999999997,2662792.030654,0.00035608,0.0004,long,true,true,1,1,false,0,false,false,,false,0.0106434391683,true,true,true,eligible,,1784887200000,1784887200
day7-v1,BRENTOIL,159,2026-07-24T11:00:00+00:00,1784890800000,lab/data/lighter_rwa_raw/BRENTOIL_candles_1h.json,lab/data/lighter_rwa_raw/BRENTOIL_fundings_1h.json,candle_and_funding,train,pre_roll,unknown_from_public_candle_snapshot,92.17,92.17,91.3,91.53,2742.6318,251858.21976200002,0.00036840,0.0004,long,true,true,1,1,false,0,false,false,,false,-0.00694369100575,true,true,true,eligible,,1784890800000,1784890800
day7-v1,WTI,145,2026-07-24T11:00:00+00:00,1784890800000,lab/data/lighter_rwa_raw/WTI_candles_1h.json,lab/data/lighter_rwa_raw/WTI_fundings_1h.json,candle_and_funding,train,pre_roll,unknown_from_public_candle_snapshot,89.922,90.065,89.004,89.336,14874.514000000001,1332189.2691000002,0.00035962,0.0004,long,true,true,1,1,false,0,false,false,,false,-0.00651675896888,true,true,true,eligible,,1784890800000,1784890800
day7-v1,BRENTOIL,159,2026-07-24T12:00:00+00:00,1784894400000,lab/data/lighter_rwa_raw/BRENTOIL_candles_1h.json,lab/data/lighter_rwa_raw/BRENTOIL_fundings_1h.json,candle_and_funding,train,pre_roll,unknown_from_public_candle_snapshot,91.53,92.12,91.38,91.61,518.5438,47612.744128,0.00036668,0.0004,long,true,true,1,1,false,0,false,false,,false,0.000874030372555,true,true,true,eligible,,1784894400000,1784894400
day7-v1,WTI,145,2026-07-24T12:00:00+00:00,1784894400000,lab/data/lighter_rwa_raw/WTI_candles_1h.json,lab/data/lighter_rwa_raw/WTI_fundings_1h.json,candle_and_funding,train,pre_roll,unknown_from_public_candle_snapshot,89.336,89.999,88.988,89.371,19759.631,1768161.1037799998,0.00035756,0.0004,long,true,true,1,1,false,0,false,false,,false,0.00039177934987,true,true,true,eligible,,1784894400000,1784894400
day7-v1,BRENTOIL,159,2026-07-24T13:00:00+00:00,1784898000000,lab/data/lighter_rwa_raw/BRENTOIL_candles_1h.json,lab/data/lighter_rwa_raw/BRENTOIL_fundings_1h.json,candle_and_funding,validation,pre_roll,unknown_from_public_candle_snapshot,91.61,92.31,91.46,91.94,2066.7882,190331.976508,0.00036628,0.0004,long,true,true,1,1,false,0,false,false,,false,0.00360222683113,true,true,true,eligible,,1784898000000,1784898000
day7-v1,WTI,145,2026-07-24T13:00:00+00:00,1784898000000,lab/data/lighter_rwa_raw/WTI_candles_1h.json,lab/data/lighter_rwa_raw/WTI_fundings_1h.json,candle_and_funding,validation,pre_roll,unknown_from_public_candle_snapshot,89.371,90.552,89.192,89.899,23115.44,2082792.222427,0.00035752,0.0004,long,true,true,1,1,false,0,false,false,,false,0.00590795671974,true,true,true,eligible,,1784898000000,1784898000
day7-v1,BRENTOIL,159,2026-07-24T14:00:00+00:00,1784901600000,lab/data/lighter_rwa_raw/BRENTOIL_candles_1h.json,lab/data/lighter_rwa_raw/BRENTOIL_fundings_1h.json,candle_and_funding,validation,pre_roll,unknown_from_public_candle_snapshot,91.94,92.04,91.33,91.75,6907.3155,633616.882081,0.00036748,0.0004,long,true,true,1,1,false,0,false,false,,false,-0.00206656515119,true,true,true,eligible,,1784901600000,1784901600
day7-v1,WTI,145,2026-07-24T14:00:00+00:00,1784901600000,lab/data/lighter_rwa_raw/WTI_candles_1h.json,lab/data/lighter_rwa_raw/WTI_fundings_1h.json,candle_and_funding,validation,pre_roll,unknown_from_public_candle_snapshot,89.899,89.994,89.342,89.69,2743.732,245781.59467,0.00035972,0.0004,long,true,true,1,1,false,0,false,false,,false,-0.00232483119946,true,true,true,eligible,,1784901600000,1784901600
day7-v1,BRENTOIL,159,2026-07-24T15:00:00+00:00,1784905200000,lab/data/lighter_rwa_raw/BRENTOIL_candles_1h.json,lab/data/lighter_rwa_raw/BRENTOIL_fundings_1h.json,candle_and_funding,validation,pre_roll,unknown_from_public_candle_snapshot,91.75,92.03,90.34,91.03,7594.9126,690818.719104,0.00036700,0.0004,long,true,true,1,1,false,0,false,false,,false,-0.00784741144414,true,true,true,eligible,,1784905200000,1784905200
day7-v1,WTI,145,2026-07-24T15:00:00+00:00,1784905200000,lab/data/lighter_rwa_raw/WTI_candles_1h.json,lab/data/lighter_rwa_raw/WTI_fundings_1h.json,candle_and_funding,validation,pre_roll,unknown_from_public_candle_snapshot,89.69,89.988,87.721,88.394,48398.911,4292700.809154,0.00035870,0.0004,long,true,true,1,1,false,0,false,false,,false,-0.0144497714349,true,true,true,eligible,,1784905200000,1784905200
day7-v1,BRENTOIL,159,2026-07-24T16:00:00+00:00,1784908800000,lab/data/lighter_rwa_raw/BRENTOIL_candles_1h.json,lab/data/lighter_rwa_raw/BRENTOIL_fundings_1h.json,candle_and_funding,validation,pre_roll,unknown_from_public_candle_snapshot,91.03,91.29,90.79,91.04,1664.6583,151464.62205,0.00036428,0.0004,long,true,true,1,1,false,0,false,false,,false,0.00010985389432,true,true,true,eligible,,1784908800000,1784908800
day7-v1,WTI,145,2026-07-24T16:00:00+00:00,1784908800000,lab/data/lighter_rwa_raw/WTI_candles_1h.json,lab/data/lighter_rwa_raw/WTI_fundings_1h.json,candle_and_funding,validation,pre_roll,unknown_from_public_candle_snapshot,88.394,88.671,88.15,88.469,41357.606,3659731.550121,0.00035361,0.0004,long,true,true,1,1,false,0,false,false,,false,0.000848473878317,true,true,true,eligible,,1784908800000,1784908800
day7-v1,BRENTOIL,159,2026-07-24T17:00:00+00:00,1784912400000,lab/data/lighter_rwa_raw/BRENTOIL_candles_1h.json,lab/data/lighter_rwa_raw/BRENTOIL_fundings_1h.json,candle_and_funding,validation,pre_roll,unknown_from_public_candle_snapshot,91.04,91.38,90.9,91.32,904.5423999999999,82545.50137499999,0.00036408,0.0004,long,true,true,1,1,false,0,false,false,,false,0.0030755711775,true,true,true,eligible,,1784912400000,1784912400
day7-v1,WTI,145,2026-07-24T17:00:00+00:00,1784912400000,lab/data/lighter_rwa_raw/WTI_candles_1h.json,lab/data/lighter_rwa_raw/WTI_fundings_1h.json,candle_and_funding,validation,pre_roll,unknown_from_public_candle_snapshot,88.469,89.178,88.25,89.132,9377.76,834846.7017460001,0.00035352,0.0004,long,true,true,1,1,false,0,false,false,,false,0.00749415049339,true,true,true,eligible,,1784912400000,1784912400
day7-v1,BRENTOIL,159,2026-07-24T18:00:00+00:00,1784916000000,lab/data/lighter_rwa_raw/BRENTOIL_candles_1h.json,lab/data/lighter_rwa_raw/BRENTOIL_fundings_1h.json,candle_and_funding,validation,pre_roll,unknown_from_public_candle_snapshot,91.32,91.81,91.06,91.73,1652.0674,151043.373522,0.00036504,0.0004,long,true,true,1,1,false,0,false,false,,false,0.0044897065265,true,true,true,eligible,,1784916000000,1784916000
day7-v1,WTI,145,2026-07-24T18:00:00+00:00,1784916000000,lab/data/lighter_rwa_raw/WTI_candles_1h.json,lab/data/lighter_rwa_raw/WTI_fundings_1h.json,candle_and_funding,validation,pre_roll,unknown_from_public_candle_snapshot,89.132,89.416,88.644,89.416,10460.545,932215.514186,0.00035628,0.0004,long,true,true,1,1,false,0,false,false,,false,0.00318628550913,true,true,true,eligible,,1784916000000,1784916000
day7-v1,BRENTOIL,159,2026-07-24T19:00:00+00:00,1784919600000,lab/data/lighter_rwa_raw/BRENTOIL_candles_1h.json,lab/data/lighter_rwa_raw/BRENTOIL_fundings_1h.json,candle_and_funding,validation,pre_roll,unknown_from_public_candle_snapshot,91.73,92.07,91.32,92.05,3781.9647,346602.96209,0.00036684,0.0004,long,true,true,1,1,false,0,false,false,,false,0.00348849885534,true,true,true,eligible,,1784919600000,1784919600
day7-v1,WTI,145,2026-07-24T19:00:00+00:00,1784919600000,lab/data/lighter_rwa_raw/WTI_candles_1h.json,lab/data/lighter_rwa_raw/WTI_fundings_1h.json,candle_and_funding,validation,pre_roll,unknown_from_public_candle_snapshot,89.416,89.814,89.004,89.756,4908.391,438958.801682,0.00035742,0.0004,long,true,true,1,1,false,0,false,false,,false,0.00380245146283,true,true,true,eligible,,1784919600000,1784919600
day7-v1,BRENTOIL,159,2026-07-24T20:00:00+00:00,1784923200000,lab/data/lighter_rwa_raw/BRENTOIL_candles_1h.json,lab/data/lighter_rwa_raw/BRENTOIL_fundings_1h.json,candle_and_funding,validation,pre_roll,unknown_from_public_candle_snapshot,92.05,92.8,92.05,92.68,2079.2327,192341.127566,0.00036824,0.0004,long,true,true,1,1,false,0,false,false,,false,0.00684410646388,true,true,true,eligible,,1784923200000,1784923200
day7-v1,WTI,145,2026-07-24T20:00:00+00:00,1784923200000,lab/data/lighter_rwa_raw/WTI_candles_1h.json,lab/data/lighter_rwa_raw/WTI_fundings_1h.json,candle_and_funding,validation,pre_roll,unknown_from_public_candle_snapshot,89.756,90.756,89.756,90.612,12584.485,1135502.4776269998,0.00035912,0.0004,long,true,true,1,1,false,0,false,false,,false,0.00953696688801,true,true,true,eligible,,1784923200000,1784923200
day7-v1,BRENTOIL,159,2026-07-24T21:00:00+00:00,1784926800000,lab/data/lighter_rwa_raw/BRENTOIL_candles_1h.json,lab/data/lighter_rwa_raw/BRENTOIL_fundings_1h.json,candle_and_funding,validation,pre_roll,unknown_from_public_candle_snapshot,92.68,93.09,92.67,92.92,1700.4354,158045.36287,0.00037060,0.0004,long,true,true,1,1,false,0,false,false,,false,0.00258955545965,true,true,true,eligible,,1784926800000,1784926800
day7-v1,WTI,145,2026-07-24T21:00:00+00:00,1784926800000,lab/data/lighter_rwa_raw/WTI_candles_1h.json,lab/data/lighter_rwa_raw/WTI_fundings_1h.json,candle_and_funding,validation,pre_roll,unknown_from_public_candle_snapshot,90.612,91.113,90.562,90.8,15941.809,1448469.390855,0.00036188,0.0004,long,true,true,1,1,false,0,false,false,,false,0.00207478038229,true,true,true,eligible,,1784926800000,1784926800
day7-v1,BRENTOIL,159,2026-07-24T22:00:00+00:00,1784930400000,lab/data/lighter_rwa_raw/BRENTOIL_candles_1h.json,lab/data/lighter_rwa_raw/BRENTOIL_fundings_1h.json,candle_and_funding,validation,pre_roll,unknown_from_public_candle_snapshot,92.92,92.92,92.46,92.48,3936.6007,364350.890347,0.00037136,0.0004,long,true,true,1,1,false,0,false,false,,false,-0.00473525613431,true,true,true,eligible,,1784930400000,1784930400
day7-v1,WTI,145,2026-07-24T22:00:00+00:00,1784930400000,lab/data/lighter_rwa_raw/WTI_candles_1h.json,lab/data/lighter_rwa_raw/WTI_fundings_1h.json,candle_and_funding,validation,pre_roll,unknown_from_public_candle_snapshot,90.8,90.8,90.184,90.299,24824.802,2245944.467914,0.00499675,0.0055,long,true,true,1,1,false,0,false,false,,false,-0.00551762114537,true,true,true,eligible,,1784930400000,1784930400
day7-v1,BRENTOIL,159,2026-07-24T23:00:00+00:00,1784934000000,lab/data/lighter_rwa_raw/BRENTOIL_candles_1h.json,lab/data/lighter_rwa_raw/BRENTOIL_fundings_1h.json,candle_and_funding,validation,pre_roll,unknown_from_public_candle_snapshot,92.48,92.66,92.4,92.42,3079.6212,285189.67642,0.00027777,0.0003,long,true,true,1,1,false,0,false,false,,false,-0.000648788927336,true,true,true,eligible,,1784934000000,1784934000
day7-v1,WTI,145,2026-07-24T23:00:00+00:00,1784934000000,lab/data/lighter_rwa_raw/WTI_candles_1h.json,lab/data/lighter_rwa_raw/WTI_fundings_1h.json,candle_and_funding,validation,pre_roll,unknown_from_public_candle_snapshot,90.299,90.38,90.151,90.167,5274.146,475876.304475,0.00515576,0.0057,short,true,true,1,1,false,0,false,false,,false,-0.00146181020831,true,true,true,eligible,,1784934000000,1784934000
day7-v1,BRENTOIL,159,2026-07-25T00:00:00+00:00,1784937600000,lab/data/lighter_rwa_raw/BRENTOIL_candles_1h.json,lab/data/lighter_rwa_raw/BRENTOIL_fundings_1h.json,candle_and_funding,validation,pre_roll,unknown_from_public_candle_snapshot,92.42,92.66,91.87,92.4,6326.0165,584093.284899,0.00037012,0.0004,long,true,true,1,1,false,0,false,false,,false,-0.000216403375893,true,true,true,eligible,,1784937600000,1784937600
day7-v1,WTI,145,2026-07-25T00:00:00+00:00,1784937600000,lab/data/lighter_rwa_raw/WTI_candles_1h.json,lab/data/lighter_rwa_raw/WTI_fundings_1h.json,candle_and_funding,validation,pre_roll,unknown_from_public_candle_snapshot,90.167,90.374,89.637,90.154,2973.921,267462.973281,0.00036116,0.0004,long,true,true,1,1,false,0,false,false,,false,-0.000144176916167,true,true,true,eligible,,1784937600000,1784937600
day7-v1,BRENTOIL,159,2026-07-25T01:00:00+00:00,1784941200000,lab/data/lighter_rwa_raw/BRENTOIL_candles_1h.json,lab/data/lighter_rwa_raw/BRENTOIL_fundings_1h.json,candle_and_funding,validation,pre_roll,unknown_from_public_candle_snapshot,92.4,92.65,92.19,92.54,366.7066,33895.240283,0.00000000,0.0000,long,true,true,1,1,false,0,false,false,funding:value|rate,false,0.00151515151515,true,true,true,eligible,,1784941200000,1784941200
day7-v1,WTI,145,2026-07-25T01:00:00+00:00,1784941200000,lab/data/lighter_rwa_raw/WTI_candles_1h.json,lab/data/lighter_rwa_raw/WTI_fundings_1h.json,candle_and_funding,validation,pre_roll,unknown_from_public_candle_snapshot,90.154,90.286,89.936,90.234,2021.41,182227.758894,0.00000000,0.0000,long,true,true,1,1,false,0,false,false,funding:value|rate,false,0.000887370499368,true,true,true,eligible,,1784941200000,1784941200
day7-v1,BRENTOIL,159,2026-07-25T02:00:00+00:00,1784944800000,lab/data/lighter_rwa_raw/BRENTOIL_candles_1h.json,lab/data/lighter_rwa_raw/BRENTOIL_fundings_1h.json,candle_and_funding,validation,pre_roll,unknown_from_public_candle_snapshot,92.54,92.61,91.83,92.02,4624.2412,426617.497258,0.00036992,0.0004,long,true,true,1,1,false,0,false,false,,false,-0.00561919170089,true,true,true,eligible,,1784944800000,1784944800
day7-v1,WTI,145,2026-07-25T02:00:00+00:00,1784944800000,lab/data/lighter_rwa_raw/WTI_candles_1h.json,lab/data/lighter_rwa_raw/WTI_fundings_1h.json,candle_and_funding,validation,pre_roll,unknown_from_public_candle_snapshot,90.234,90.284,89.502,89.755,3330.231,299205.07070000004,0.00036073,0.0004,long,true,true,1,1,false,0,false,false,,false,-0.00530842032937,true,true,true,eligible,,1784944800000,1784944800
day7-v1,BRENTOIL,159,2026-07-25T03:00:00+00:00,1784948400000,lab/data/lighter_rwa_raw/BRENTOIL_candles_1h.json,lab/data/lighter_rwa_raw/BRENTOIL_fundings_1h.json,candle_and_funding,validation,pre_roll,unknown_from_public_candle_snapshot,92.02,92.11,91.38,91.81,2586.3188,237227.097274,0.00211968,0.0023,short,true,true,1,1,false,0,false,false,,false,-0.00228211258422,true,true,true,eligible,,1784948400000,1784948400
day7-v1,WTI,145,2026-07-25T03:00:00+00:00,1784948400000,lab/data/lighter_rwa_raw/WTI_candles_1h.json,lab/data/lighter_rwa_raw/WTI_fundings_1h.json,candle_and_funding,validation,pre_roll,unknown_from_public_candle_snapshot,89.755,89.828,89.108,89.42,3424.275,306315.620579,0.00305551,0.0034,short,true,true,1,1,false,0,false,false,,false,-0.00373238259707,true,true,true,eligible,,1784948400000,1784948400
day7-v1,BRENTOIL,159,2026-07-25T04:00:00+00:00,1784952000000,lab/data/lighter_rwa_raw/BRENTOIL_candles_1h.json,lab/data/lighter_rwa_raw/BRENTOIL_fundings_1h.json,candle_and_funding,validation,pre_roll,unknown_from_public_candle_snapshot,91.81,91.91,91.59,91.79,627.2949,57590.011859,0.00202092,0.0022,short,true,true,1,1,false,0,false,false,,false,-0.00021784119377,true,true,true,eligible,,1784952000000,1784952000
day7-v1,WTI,145,2026-07-25T04:00:00+00:00,1784952000000,lab/data/lighter_rwa_raw/WTI_candles_1h.json,lab/data/lighter_rwa_raw/WTI_fundings_1h.json,candle_and_funding,validation,pre_roll,unknown_from_public_candle_snapshot,89.42,89.687,89.255,89.417,916.979,82048.201191,0.00367102,0.0041,short,true,true,1,1,false,0,false,false,,false,-3.35495414896e-05,true,true,true,eligible,,1784952000000,1784952000
day7-v1,BRENTOIL,159,2026-07-25T05:00:00+00:00,1784955600000,lab/data/lighter_rwa_raw/BRENTOIL_candles_1h.json,lab/data/lighter_rwa_raw/BRENTOIL_fundings_1h.json,candle_and_funding,validation,pre_roll,unknown_from_public_candle_snapshot,91.79,91.96,91.78,91.93,492.9876,45275.815151,0.00036728,0.0004,long,true,true,1,1,false,0,false,false,,false,0.00152522061227,true,true,true,eligible,,1784955600000,1784955600
day7-v1,WTI,145,2026-07-25T05:00:00+00:00,1784955600000,lab/data/lighter_rwa_raw/WTI_candles_1h.json,lab/data/lighter_rwa_raw/WTI_fundings_1h.json,candle_and_funding,validation,pre_roll,unknown_from_public_candle_snapshot,89.417,89.621,89.417,89.519,1305.593,116877.646575,0.00035798,0.0004,long,true,true,1,1,false,0,false,false,,false,0.00114072268137,true,true,true,eligible,,1784955600000,1784955600
day7-v1,BRENTOIL,159,2026-07-25T06:00:00+00:00,1784959200000,lab/data/lighter_rwa_raw/BRENTOIL_candles_1h.json,lab/data/lighter_rwa_raw/BRENTOIL_fundings_1h.json,candle_and_funding,validation,pre_roll,unknown_from_public_candle_snapshot,91.93,92.01,91.83,91.89,2744.8899,252197.04385699998,0.00036752,0.0004,long,true,true,1,1,false,0,false,false,,false,-0.000435113673447,true,true,true,eligible,,1784959200000,1784959200
day7-v1,WTI,145,2026-07-25T06:00:00+00:00,1784959200000,lab/data/lighter_rwa_raw/WTI_candles_1h.json,lab/data/lighter_rwa_raw/WTI_fundings_1h.json,candle_and_funding,validation,pre_roll,unknown_from_public_candle_snapshot,89.519,89.595,89.439,89.477,288.869,25860.773398999998,0.00035819,0.0004,long,true,true,1,1,false,0,false,false,,false,-0.000469174141802,true,true,true,eligible,,1784959200000,1784959200
day7-v1,BRENTOIL,159,2026-07-25T07:00:00+00:00,1784962800000,lab/data/lighter_rwa_raw/BRENTOIL_candles_1h.json,lab/data/lighter_rwa_raw/BRENTOIL_fundings_1h.json,candle_and_funding,validation,pre_roll,unknown_from_public_candle_snapshot,91.89,92.15,91.89,92.09,2749.9309,253235.06959199999,0.00036760,0.0004,long,true,true,1,1,false,0,false,false,,false,0.00217651539885,true,true,true,eligible,,1784962800000,1784962800
day7-v1,WTI,145,2026-07-25T07:00:00+00:00,1784962800000,lab/data/lighter_rwa_raw/WTI_candles_1h.json,lab/data/lighter_rwa_raw/WTI_fundings_1h.json,candle_and_funding,validation,pre_roll,unknown_from_public_candle_snapshot,89.477,89.638,89.477,89.63,1370.1589999999999,122721.754156,0.00035804,0.0004,long,true,true,1,1,false,0,false,false,,false,0.00170993663176,true,true,true,eligible,,1784962800000,1784962800
day7-v1,BRENTOIL,159,2026-07-25T08:00:00+00:00,1784966400000,lab/data/lighter_rwa_raw/BRENTOIL_candles_1h.json,lab/data/lighter_rwa_raw/BRENTOIL_fundings_1h.json,candle_and_funding,validation,pre_roll,unknown_from_public_candle_snapshot,92.09,92.15,91.99,92.15,617.2663,56828.172329,0.00036804,0.0004,long,true,true,1,1,false,0,false,false,,false,0.000651536540341,true,true,true,eligible,,1784966400000,1784966400
day7-v1,WTI,145,2026-07-25T08:00:00+00:00,1784966400000,lab/data/lighter_rwa_raw/WTI_candles_1h.json,lab/data/lighter_rwa_raw/WTI_fundings_1h.json,candle_and_funding,validation,pre_roll,unknown_from_public_candle_snapshot,89.63,89.681,89.547,89.668,903.171,80925.612658,0.00035826,0.0004,long,true,true,1,1,false,0,false,false,,false,0.000423965190227,true,true,true,eligible,,1784966400000,1784966400
day7-v1,BRENTOIL,159,2026-07-25T09:00:00+00:00,1784970000000,lab/data/lighter_rwa_raw/BRENTOIL_candles_1h.json,lab/data/lighter_rwa_raw/BRENTOIL_fundings_1h.json,candle_and_funding,validation,pre_roll,unknown_from_public_candle_snapshot,92.15,92.23,92.01,92.09,816.5631,75262.91561899999,0.00036820,0.0004,long,true,true,1,1,false,0,false,false,,false,-0.000651112316875,true,true,true,eligible,,1784970000000,1784970000
day7-v1,WTI,145,2026-07-25T09:00:00+00:00,1784970000000,lab/data/lighter_rwa_raw/WTI_candles_1h.json,lab/data/lighter_rwa_raw/WTI_fundings_1h.json,candle_and_funding,validation,pre_roll,unknown_from_public_candle_snapshot,89.668,89.845,89.525,89.567,6535.328,586714.920854,0.00035848,0.0004,long,true,true,1,1,false,0,false,false,,false,-0.00112637730294,true,true,true,eligible,,1784970000000,1784970000
day7-v1,BRENTOIL,159,2026-07-25T10:00:00+00:00,1784973600000,lab/data/lighter_rwa_raw/BRENTOIL_candles_1h.json,lab/data/lighter_rwa_raw/BRENTOIL_fundings_1h.json,candle_and_funding,validation,pre_roll,unknown_from_public_candle_snapshot,92.09,92.09,91.81,91.9,2499.8689,229770.840862,0.00036852,0.0004,long,true,true,1,1,false,0,false,false,,false,-0.00206319904441,true,true,true,eligible,,1784973600000,1784973600
day7-v1,WTI,145,2026-07-25T10:00:00+00:00,1784973600000,lab/data/lighter_rwa_raw/WTI_candles_1h.json,lab/data/lighter_rwa_raw/WTI_fundings_1h.json,candle_and_funding,validation,pre_roll,unknown_from_public_candle_snapshot,89.567,89.637,89.281,89.39,4340.457,387895.463554,0.00035877,0.0004,long,true,true,1,1,false,0,false,false,,false,-0.00197617426061,true,true,true,eligible,,1784973600000,1784973600
day7-v1,BRENTOIL,159,2026-07-25T11:00:00+00:00,1784977200000,lab/data/lighter_rwa_raw/BRENTOIL_candles_1h.json,lab/data/lighter_rwa_raw/BRENTOIL_fundings_1h.json,candle_and_funding,validation,pre_roll,unknown_from_public_candle_snapshot,91.9,92.06,91.68,91.75,2610.5303,239659.495513,0.00036800,0.0004,long,true,true,1,1,false,0,false,false,,false,-0.00163220892274,true,true,true,eligible,,1784977200000,1784977200
day7-v1,WTI,145,2026-07-25T11:00:00+00:00,1784977200000,lab/data/lighter_rwa_raw/WTI_candles_1h.json,lab/data/lighter_rwa_raw/WTI_fundings_1h.json,candle_and_funding,validation,pre_roll,unknown_from_public_candle_snapshot,89.39,89.398,89.1,89.11,15058.288999999999,1344198.468443,0.00035811,0.0004,long,true,true,1,1,false,0,false,false,,false,-0.00313234142522,true,true,true,eligible,,1784977200000,1784977200
day7-v1,BRENTOIL,159,2026-07-25T12:00:00+00:00,1784980800000,lab/data/lighter_rwa_raw/BRENTOIL_candles_1h.json,lab/data/lighter_rwa_raw/BRENTOIL_fundings_1h.json,candle_and_funding,validation,pre_roll,unknown_from_public_candle_snapshot,91.75,91.83,91.65,91.73,1384.1568,126958.286267,0.00036744,0.0004,long,true,true,1,1,false,0,false,false,,false,-0.000217983651226,true,true,true,eligible,,1784980800000,1784980800
day7-v1,WTI,145,2026-07-25T12:00:00+00:00,1784980800000,lab/data/lighter_rwa_raw/WTI_candles_1h.json,lab/data/lighter_rwa_raw/WTI_fundings_1h.json,candle_and_funding,validation,pre_roll,unknown_from_public_candle_snapshot,89.11,89.3,89.072,89.214,3547.518,316551.541543,0.00133886,0.0015,short,true,true,1,1,false,0,false,false,,false,0.00116709684659,true,true,true,eligible,,1784980800000,1784980800
day7-v1,BRENTOIL,159,2026-07-25T13:00:00+00:00,1784984400000,lab/data/lighter_rwa_raw/BRENTOIL_candles_1h.json,lab/data/lighter_rwa_raw/BRENTOIL_fundings_1h.json,candle_and_funding,validation,pre_roll,unknown_from_public_candle_snapshot,91.73,91.76,88.07,89.79,6967.9257,623734.62512,0.00036688,0.0004,long,true,true,1,1,false,0,false,false,,false,-0.0211490243105,true,true,true,eligible,,1784984400000,1784984400
day7-v1,WTI,145,2026-07-25T13:00:00+00:00,1784984400000,lab/data/lighter_rwa_raw/WTI_candles_1h.json,lab/data/lighter_rwa_raw/WTI_fundings_1h.json,candle_and_funding,validation,pre_roll,unknown_from_public_candle_snapshot,89.214,89.3,85.719,87.192,24700.805,2147037.344908,0.00035690,0.0004,long,true,true,1,1,false,0,false,false,,false,-0.0226646042101,true,true,true,eligible,,1784984400000,1784984400
day7-v1,BRENTOIL,159,2026-07-25T14:00:00+00:00,1784988000000,lab/data/lighter_rwa_raw/BRENTOIL_candles_1h.json,lab/data/lighter_rwa_raw/BRENTOIL_fundings_1h.json,candle_and_funding,validation,pre_roll,unknown_from_public_candle_snapshot,89.79,90.25,89.75,90.08,2197.3286,197833.712808,0.02879808,0.0318,short,true,true,1,1,false,0,false,false,,false,0.00322975832498,true,true,true,eligible,,1784988000000,1784988000
day7-v1,WTI,145,2026-07-25T14:00:00+00:00,1784988000000,lab/data/lighter_rwa_raw/WTI_candles_1h.json,lab/data/lighter_rwa_raw/WTI_fundings_1h.json,candle_and_funding,validation,pre_roll,unknown_from_public_candle_snapshot,87.192,87.588,87.04,87.337,14580.715,1274078.2939,0.02915845,0.0331,short,true,true,1,1,false,0,false,false,,false,0.00166299660519,true,true,true,eligible,,1784988000000,1784988000
day7-v1,BRENTOIL,159,2026-07-25T15:00:00+00:00,1784991600000,lab/data/lighter_rwa_raw/BRENTOIL_candles_1h.json,lab/data/lighter_rwa_raw/BRENTOIL_fundings_1h.json,candle_and_funding,validation,pre_roll,unknown_from_public_candle_snapshot,90.08,90.17,89.72,90.04,1665.0668,149862.367508,0.00495770,0.0055,short,true,true,1,1,false,0,false,false,,false,-0.00044404973357,true,true,true,eligible,,1784991600000,1784991600
day7-v1,WTI,145,2026-07-25T15:00:00+00:00,1784991600000,lab/data/lighter_rwa_raw/WTI_candles_1h.json,lab/data/lighter_rwa_raw/WTI_fundings_1h.json,candle_and_funding,validation,pre_roll,unknown_from_public_candle_snapshot,87.337,87.422,86.868,87.329,4175.227,364080.348736,0.01259654,0.0144,short,true,true,1,1,false,0,false,false,,false,-9.1599207667e-05,true,true,true,eligible,,1784991600000,1784991600
day7-v1,BRENTOIL,159,2026-07-25T16:00:00+00:00,1784995200000,lab/data/lighter_rwa_raw/BRENTOIL_candles_1h.json,lab/data/lighter_rwa_raw/BRENTOIL_fundings_1h.json,candle_and_funding,validation,pre_roll,unknown_from_public_candle_snapshot,90.04,90.26,89.86,89.91,931.0222,83874.405249,0.00035996,0.0004,long,true,true,1,1,false,0,false,false,,false,-0.00144380275433,true,true,true,eligible,,1784995200000,1784995200
day7-v1,WTI,145,2026-07-25T16:00:00+00:00,1784995200000,lab/data/lighter_rwa_raw/WTI_candles_1h.json,lab/data/lighter_rwa_raw/WTI_fundings_1h.json,candle_and_funding,validation,pre_roll,unknown_from_public_candle_snapshot,87.329,87.397,86.936,87.023,6297.363,549375.6019209999,0.00017450,0.0002,short,true,true,1,1,false,0,false,false,,false,-0.00350399065602,true,true,true,eligible,,1784995200000,1784995200
day7-v1,BRENTOIL,159,2026-07-25T17:00:00+00:00,1784998800000,lab/data/lighter_rwa_raw/BRENTOIL_candles_1h.json,lab/data/lighter_rwa_raw/BRENTOIL_fundings_1h.json,candle_and_funding,validation,pre_roll,unknown_from_public_candle_snapshot,89.91,90.23,89.43,89.5,976.2184,87644.04187,0.00036016,0.0004,long,true,true,1,1,false,0,false,false,,false,-0.00456011567123,true,true,true,eligible,,1784998800000,1784998800
day7-v1,WTI,145,2026-07-25T17:00:00+00:00,1784998800000,lab/data/lighter_rwa_raw/WTI_candles_1h.json,lab/data/lighter_rwa_raw/WTI_fundings_1h.json,candle_and_funding,validation,pre_roll,unknown_from_public_candle_snapshot,87.023,87.392,86.45,86.624,3468.1259999999997,301749.186471,0.00034893,0.0004,long,true,true,1,1,false,0,false,false,,false,-0.0045849947715,true,true,true,eligible,,1784998800000,1784998800
day7-v1,BRENTOIL,159,2026-07-25T18:00:00+00:00,1785002400000,lab/data/lighter_rwa_raw/BRENTOIL_candles_1h.json,lab/data/lighter_rwa_raw/BRENTOIL_fundings_1h.json,candle_and_funding,validation,pre_roll,unknown_from_public_candle_snapshot,89.5,91,89.5,90.24,2603.2484,234064.606476,0.00062867,0.0007,short,true,true,1,1,false,0,false,false,,false,0.00826815642458,true,true,true,eligible,,1785002400000,1785002400
day7-v1,WTI,145,2026-07-25T18:00:00+00:00,1785002400000,lab/data/lighter_rwa_raw/WTI_candles_1h.json,lab/data/lighter_rwa_raw/WTI_fundings_1h.json,candle_and_funding,validation,pre_roll,unknown_from_public_candle_snapshot,86.624,87.766,86.584,87.267,8618.648,751838.941351,0.00243477,0.0028,short,true,true,1,1,false,0,false,false,,false,0.00742288511267,true,true,true,eligible,,1785002400000,1785002400
day7-v1,BRENTOIL,159,2026-07-25T19:00:00+00:00,1785006000000,lab/data/lighter_rwa_raw/BRENTOIL_candles_1h.json,lab/data/lighter_rwa_raw/BRENTOIL_fundings_1h.json,candle_and_funding,validation,pre_roll,unknown_from_public_candle_snapshot,90.24,90.24,89.7,89.88,338.0627,30380.578385,0.00225175,0.0025,long,true,true,1,1,false,0,false,false,,false,-0.00398936170213,true,true,true,eligible,,1785006000000,1785006000
day7-v1,WTI,145,2026-07-25T19:00:00+00:00,1785006000000,lab/data/lighter_rwa_raw/WTI_candles_1h.json,lab/data/lighter_rwa_raw/WTI_fundings_1h.json,candle_and_funding,validation,pre_roll,unknown_from_public_candle_snapshot,87.267,87.292,86.918,87.047,1206.965,105024.999847,0.00078447,0.0009,long,true,true,1,1,false,0,false,false,,false,-0.00252099877388,true,true,true,eligible,,1785006000000,1785006000
day7-v1,BRENTOIL,159,2026-07-25T20:00:00+00:00,1785009600000,lab/data/lighter_rwa_raw/BRENTOIL_candles_1h.json,lab/data/lighter_rwa_raw/BRENTOIL_fundings_1h.json,candle_and_funding,validation,pre_roll,unknown_from_public_candle_snapshot,89.88,90.02,89.76,89.83,667.4157,60001.627364,0.00035960,0.0004,long,true,true,1,1,false,0,false,false,,false,-0.000556297285269,true,true,true,eligible,,1785009600000,1785009600
day7-v1,WTI,145,2026-07-25T20:00:00+00:00,1785009600000,lab/data/lighter_rwa_raw/WTI_candles_1h.json,lab/data/lighter_rwa_raw/WTI_fundings_1h.json,candle_and_funding,validation,pre_roll,unknown_from_public_candle_snapshot,87.047,87.139,86.904,87.046,1103.3609999999999,96019.834097,0.00034832,0.0004,long,true,true,1,1,false,0,false,false,,false,-1.14880466873e-05,true,true,true,eligible,,1785009600000,1785009600
day7-v1,BRENTOIL,159,2026-07-25T21:00:00+00:00,1785013200000,lab/data/lighter_rwa_raw/BRENTOIL_candles_1h.json,lab/data/lighter_rwa_raw/BRENTOIL_fundings_1h.json,candle_and_funding,validation,pre_roll,unknown_from_public_candle_snapshot,89.83,90.29,89.79,90.12,695.1318,62668.995341,0.00035952,0.0004,long,true,true,1,1,false,0,false,false,,false,0.0032283201603,true,true,true,eligible,,1785013200000,1785013200
day7-v1,WTI,145,2026-07-25T21:00:00+00:00,1785013200000,lab/data/lighter_rwa_raw/WTI_candles_1h.json,lab/data/lighter_rwa_raw/WTI_fundings_1h.json,candle_and_funding,validation,pre_roll,unknown_from_public_candle_snapshot,87.046,87.433,86.976,87.265,4509.8859999999995,393467.38638599997,0.00034818,0.0004,long,true,true,1,1,false,0,false,false,,false,0.00251591112745,true,true,true,eligible,,1785013200000,1785013200
day7-v1,BRENTOIL,159,2026-07-25T22:00:00+00:00,1785016800000,lab/data/lighter_rwa_raw/BRENTOIL_candles_1h.json,lab/data/lighter_rwa_raw/BRENTOIL_fundings_1h.json,candle_and_funding,validation,pre_roll,unknown_from_public_candle_snapshot,90.12,90.15,89.51,89.76,593.0762,53245.035111,0.00036032,0.0004,long,true,true,1,1,false,0,false,false,,false,-0.00399467376831,true,true,true,eligible,,1785016800000,1785016800
day7-v1,WTI,145,2026-07-25T22:00:00+00:00,1785016800000,lab/data/lighter_rwa_raw/WTI_candles_1h.json,lab/data/lighter_rwa_raw/WTI_fundings_1h.json,candle_and_funding,validation,pre_roll,unknown_from_public_candle_snapshot,87.265,87.265,86.655,86.857,8625.602,749907.583352,0.00034888,0.0004,long,true,true,1,1,false,0,false,false,,false,-0.00467541396895,true,true,true,eligible,,1785016800000,1785016800
day7-v1,BRENTOIL,159,2026-07-25T23:00:00+00:00,1785020400000,lab/data/lighter_rwa_raw/BRENTOIL_candles_1h.json,lab/data/lighter_rwa_raw/BRENTOIL_fundings_1h.json,candle_and_funding,validation,pre_roll,unknown_from_public_candle_snapshot,89.76,89.77,89.54,89.61,631.1276,56565.71891,0.00143648,0.0016,short,true,true,1,1,false,0,false,false,,false,-0.00167112299465,true,true,true,eligible,,1785020400000,1785020400
day7-v1,WTI,145,2026-07-25T23:00:00+00:00,1785020400000,lab/data/lighter_rwa_raw/WTI_candles_1h.json,lab/data/lighter_rwa_raw/WTI_fundings_1h.json,candle_and_funding,validation,pre_roll,unknown_from_public_candle_snapshot,86.857,86.88,86.734,86.849,2448.585,212565.410026,0.00191239,0.0022,short,true,true,1,1,false,0,false,false,,false,-9.2105414647e-05,true,true,true,eligible,,1785020400000,1785020400
day7-v1,BRENTOIL,159,2026-07-26T00:00:00+00:00,1785024000000,lab/data/lighter_rwa_raw/BRENTOIL_candles_1h.json,lab/data/lighter_rwa_raw/BRENTOIL_fundings_1h.json,candle_and_funding,validation,pre_roll,unknown_from_public_candle_snapshot,89.61,89.67,89.4,89.51,291.4054,26085.369725,0.00035852,0.0004,long,true,true,1,1,false,0,false,false,,false,-0.00111594688093,true,true,true,eligible,,1785024000000,1785024000
day7-v1,WTI,145,2026-07-26T00:00:00+00:00,1785024000000,lab/data/lighter_rwa_raw/WTI_candles_1h.json,lab/data/lighter_rwa_raw/WTI_fundings_1h.json,candle_and_funding,validation,pre_roll,unknown_from_public_candle_snapshot,86.849,86.902,86.51,86.602,1533.533,133073.148873,0.00034728,0.0004,long,true,true,1,1,false,0,false,false,,false,-0.00284401662656,true,true,true,eligible,,1785024000000,1785024000
day7-v1,BRENTOIL,159,2026-07-26T01:00:00+00:00,1785027600000,lab/data/lighter_rwa_raw/BRENTOIL_candles_1h.json,lab/data/lighter_rwa_raw/BRENTOIL_fundings_1h.json,candle_and_funding,validation,pre_roll,unknown_from_public_candle_snapshot,89.51,89.75,89.46,89.7,197.264,17683.414507,0.00035816,0.0004,long,true,true,1,1,false,0,false,false,,false,0.00212266785834,true,true,true,eligible,,1785027600000,1785027600
day7-v1,WTI,145,2026-07-26T01:00:00+00:00,1785027600000,lab/data/lighter_rwa_raw/WTI_candles_1h.json,lab/data/lighter_rwa_raw/WTI_fundings_1h.json,candle_and_funding,validation,pre_roll,unknown_from_public_candle_snapshot,86.602,86.946,86.576,86.936,5479.179,475681.787175,0.00034682,0.0004,long,true,true,1,1,false,0,false,false,,false,0.00385672386319,true,true,true,eligible,,1785027600000,1785027600
day7-v1,BRENTOIL,159,2026-07-26T02:00:00+00:00,1785031200000,lab/data/lighter_rwa_raw/BRENTOIL_candles_1h.json,lab/data/lighter_rwa_raw/BRENTOIL_fundings_1h.json,candle_and_funding,validation,pre_roll,unknown_from_public_candle_snapshot,89.7,89.83,89.55,89.59,578.3335,51867.668154,0.00035840,0.0004,long,true,true,1,1,false,0,false,false,,false,-0.00122630992196,true,true,true,eligible,,1785031200000,1785031200
day7-v1,WTI,145,2026-07-26T02:00:00+00:00,1785031200000,lab/data/lighter_rwa_raw/WTI_candles_1h.json,lab/data/lighter_rwa_raw/WTI_fundings_1h.json,candle_and_funding,validation,pre_roll,unknown_from_public_candle_snapshot,86.936,87.046,86.842,86.878,2024.687,175999.93708899998,0.00034726,0.0004,long,true,true,1,1,false,0,false,false,,false,-0.000667157449158,true,true,true,eligible,,1785031200000,1785031200
day7-v1,BRENTOIL,159,2026-07-26T03:00:00+00:00,1785034800000,lab/data/lighter_rwa_raw/BRENTOIL_candles_1h.json,lab/data/lighter_rwa_raw/BRENTOIL_fundings_1h.json,candle_and_funding,validation,pre_roll,unknown_from_public_candle_snapshot,89.59,89.65,89.44,89.47,613.414,54911.639766,0.00035860,0.0004,long,true,true,1,1,false,0,false,false,,false,-0.00133943520482,true,true,true,eligible,,1785034800000,1785034800
day7-v1,WTI,145,2026-07-26T03:00:00+00:00,1785034800000,lab/data/lighter_rwa_raw/WTI_candles_1h.json,lab/data/lighter_rwa_raw/WTI_fundings_1h.json,candle_and_funding,validation,pre_roll,unknown_from_public_candle_snapshot,86.878,86.89,86.705,86.754,747.79,64911.913264,0.00034763,0.0004,long,true,true,1,1,false,0,false,false,,false,-0.00142728884182,true,true,true,eligible,,1785034800000,1785034800
day7-v1,BRENTOIL,159,2026-07-26T04:00:00+00:00,1785038400000,lab/data/lighter_rwa_raw/BRENTOIL_candles_1h.json,lab/data/lighter_rwa_raw/BRENTOIL_fundings_1h.json,candle_and_funding,validation,pre_roll,unknown_from_public_candle_snapshot,89.47,89.5,89.11,89.15,485.4604,43389.205947,0.00035804,0.0004,long,true,true,1,1,false,0,false,false,,false,-0.00357661786074,true,true,true,eligible,,1785038400000,1785038400
day7-v1,WTI,145,2026-07-26T04:00:00+00:00,1785038400000,lab/data/lighter_rwa_raw/WTI_candles_1h.json,lab/data/lighter_rwa_raw/WTI_fundings_1h.json,candle_and_funding,validation,pre_roll,unknown_from_public_candle_snapshot,86.754,86.822,86.474,86.531,1194.069,103363.403982,0.00034713,0.0004,long,true,true,1,1,false,0,false,false,,false,-0.00257048666344,true,true,true,eligible,,1785038400000,1785038400
day7-v1,BRENTOIL,159,2026-07-26T05:00:00+00:00,1785042000000,lab/data/lighter_rwa_raw/BRENTOIL_candles_1h.json,lab/data/lighter_rwa_raw/BRENTOIL_fundings_1h.json,candle_and_funding,validation,pre_roll,unknown_from_public_candle_snapshot,89.15,89.29,88.98,88.98,675.2791,60205.664519,0.00035716,0.0004,long,true,true,1,1,false,0,false,false,,false,-0.0019068984857,true,true,true,eligible,,1785042000000,1785042000
day7-v1,WTI,145,2026-07-26T05:00:00+00:00,1785042000000,lab/data/lighter_rwa_raw/WTI_candles_1h.json,lab/data/lighter_rwa_raw/WTI_fundings_1h.json,candle_and_funding,validation,pre_roll,unknown_from_public_candle_snapshot,86.531,86.576,86.361,86.361,660.654,57152.410375,0.00034642,0.0004,long,true,true,1,1,false,0,false,false,,false,-0.00196461383782,true,true,true,eligible,,1785042000000,1785042000
day7-v1,BRENTOIL,159,2026-07-26T06:00:00+00:00,1785045600000,lab/data/lighter_rwa_raw/BRENTOIL_candles_1h.json,lab/data/lighter_rwa_raw/BRENTOIL_fundings_1h.json,candle_and_funding,validation,pre_roll,unknown_from_public_candle_snapshot,88.98,89.84,88.96,89.84,1040.2445,93067.929124,0.00035668,0.0004,long,true,true,1,1,false,0,false,false,,false,0.00966509327939,true,true,true,eligible,,1785045600000,1785045600
day7-v1,WTI,145,2026-07-26T06:00:00+00:00,1785045600000,lab/data/lighter_rwa_raw/WTI_candles_1h.json,lab/data/lighter_rwa_raw/WTI_fundings_1h.json,candle_and_funding,validation,pre_roll,unknown_from_public_candle_snapshot,86.361,87.294,86.358,87.209,1820.676,158271.663078,0.00034605,0.0004,long,true,true,1,1,false,0,false,false,,false,0.00981924711386,true,true,true,eligible,,1785045600000,1785045600
day7-v1,BRENTOIL,159,2026-07-26T07:00:00+00:00,1785049200000,lab/data/lighter_rwa_raw/BRENTOIL_candles_1h.json,lab/data/lighter_rwa_raw/BRENTOIL_fundings_1h.json,candle_and_funding,validation,pre_roll,unknown_from_public_candle_snapshot,89.84,89.85,88.6,88.96,2372.535,211057.884539,0.00348933,0.0039,long,true,true,1,1,false,0,false,false,,false,-0.00979519145147,true,true,true,eligible,,1785049200000,1785049200
day7-v1,WTI,145,2026-07-26T07:00:00+00:00,1785049200000,lab/data/lighter_rwa_raw/WTI_candles_1h.json,lab/data/lighter_rwa_raw/WTI_fundings_1h.json,candle_and_funding,validation,pre_roll,unknown_from_public_candle_snapshot,87.209,87.289,86.521,86.735,2124.912,184503.27063800002,0.00495148,0.0057,long,true,true,1,1,false,0,false,false,,false,-0.00543521884209,true,true,true,eligible,,1785049200000,1785049200
day7-v1,BRENTOIL,159,2026-07-26T08:00:00+00:00,1785052800000,lab/data/lighter_rwa_raw/BRENTOIL_candles_1h.json,lab/data/lighter_rwa_raw/BRENTOIL_fundings_1h.json,candle_and_funding,validation,pre_roll,unknown_from_public_candle_snapshot,88.96,89.01,88.52,88.57,397.0804,35233.315515,0.00702942,0.0079,short,true,true,1,1,false,0,false,false,,false,-0.00438399280576,true,true,true,eligible,,1785052800000,1785052800
day7-v1,WTI,145,2026-07-26T08:00:00+00:00,1785052800000,lab/data/lighter_rwa_raw/WTI_candles_1h.json,lab/data/lighter_rwa_raw/WTI_fundings_1h.json,candle_and_funding,validation,pre_roll,unknown_from_public_candle_snapshot,86.735,86.759,86.421,86.438,1335.603,115620.079321,0.00034689,0.0004,long,true,true,1,1,false,0,false,false,,false,-0.00342422320862,true,true,true,eligible,,1785052800000,1785052800
day7-v1,BRENTOIL,159,2026-07-26T09:00:00+00:00,1785056400000,lab/data/lighter_rwa_raw/BRENTOIL_candles_1h.json,lab/data/lighter_rwa_raw/BRENTOIL_fundings_1h.json,candle_and_funding,validation,pre_roll,unknown_from_public_candle_snapshot,88.57,88.69,87.43,87.65,3355.6901,295495.22766699997,0.00097581,0.0011,short,true,true,1,1,false,0,false,false,,false,-0.0103872643107,true,true,true,eligible,,1785056400000,1785056400
day7-v1,WTI,145,2026-07-26T09:00:00+00:00,1785056400000,lab/data/lighter_rwa_raw/WTI_candles_1h.json,lab/data/lighter_rwa_raw/WTI_fundings_1h.json,candle_and_funding,validation,pre_roll,unknown_from_public_candle_snapshot,86.438,86.552,85.457,85.598,8143.658,700885.063752,0.00034626,0.0004,long,true,true,1,1,false,0,false,false,,false,-0.00971794812467,true,true,true,eligible,,1785056400000,1785056400
day7-v1,BRENTOIL,159,2026-07-26T10:00:00+00:00,1785060000000,lab/data/lighter_rwa_raw/BRENTOIL_candles_1h.json,lab/data/lighter_rwa_raw/BRENTOIL_fundings_1h.json,candle_and_funding,validation,pre_roll,unknown_from_public_candle_snapshot,87.65,87.65,86.95,87.51,6662.8659,581359.2076,0.00300424,0.0034,short,true,true,1,1,false,0,false,false,,false,-0.00159726183685,true,true,true,eligible,,1785060000000,1785060000
day7-v1,WTI,145,2026-07-26T10:00:00+00:00,1785060000000,lab/data/lighter_rwa_raw/WTI_candles_1h.json,lab/data/lighter_rwa_raw/WTI_fundings_1h.json,candle_and_funding,validation,pre_roll,unknown_from_public_candle_snapshot,85.598,85.598,85,85.35,13781.576,1174861.527172,0.00387995,0.0045,short,true,true,1,1,false,0,false,false,,false,-0.00289726395477,true,true,true,eligible,,1785060000000,1785060000
day7-v1,BRENTOIL,159,2026-07-26T11:00:00+00:00,1785063600000,lab/data/lighter_rwa_raw/BRENTOIL_candles_1h.json,lab/data/lighter_rwa_raw/BRENTOIL_fundings_1h.json,candle_and_funding,validation,pre_roll,unknown_from_public_candle_snapshot,87.51,87.51,86.99,87.44,703.8211,61400.223339000004,0.01785204,0.0204,short,true,true,1,1,false,0,false,false,,false,-0.000799908581876,true,true,true,eligible,,1785063600000,1785063600
day7-v1,WTI,145,2026-07-26T11:00:00+00:00,1785063600000,lab/data/lighter_rwa_raw/WTI_candles_1h.json,lab/data/lighter_rwa_raw/WTI_fundings_1h.json,candle_and_funding,validation,pre_roll,unknown_from_public_candle_snapshot,85.35,85.388,84.806,85.283,11443.786,973965.965507,0.01861938,0.0218,short,true,true,1,1,false,0,false,false,,false,-0.000785002929115,true,true,true,eligible,,1785063600000,1785063600
day7-v1,BRENTOIL,159,2026-07-26T12:00:00+00:00,1785067200000,lab/data/lighter_rwa_raw/BRENTOIL_candles_1h.json,lab/data/lighter_rwa_raw/BRENTOIL_fundings_1h.json,candle_and_funding,validation,pre_roll,unknown_from_public_candle_snapshot,87.44,87.49,87.17,87.48,948.3252,82843.640325,0.00034916,0.0004,long,true,true,1,1,false,0,false,false,,false,0.000457456541629,true,true,true,eligible,,1785067200000,1785067200
day7-v1,WTI,145,2026-07-26T12:00:00+00:00,1785067200000,lab/data/lighter_rwa_raw/WTI_candles_1h.json,lab/data/lighter_rwa_raw/WTI_fundings_1h.json,candle_and_funding,validation,pre_roll,unknown_from_public_candle_snapshot,85.283,85.335,84.983,85.265,5520.851,470191.81566900003,0.00076640,0.0009,short,true,true,1,1,false,0,false,false,,false,-0.000211061993598,true,true,true,eligible,,1785067200000,1785067200
day7-v1,BRENTOIL,159,2026-07-26T13:00:00+00:00,1785070800000,lab/data/lighter_rwa_raw/BRENTOIL_candles_1h.json,lab/data/lighter_rwa_raw/BRENTOIL_fundings_1h.json,candle_and_funding,validation,pre_roll,unknown_from_public_candle_snapshot,87.48,87.73,87.42,87.62,844.2737,73973.031587,0.00034932,0.0004,long,true,true,1,1,false,0,false,false,,false,0.0016003657979,true,true,true,eligible,,1785070800000,1785070800
day7-v1,WTI,145,2026-07-26T13:00:00+00:00,1785070800000,lab/data/lighter_rwa_raw/WTI_candles_1h.json,lab/data/lighter_rwa_raw/WTI_fundings_1h.json,candle_and_funding,validation,pre_roll,unknown_from_public_candle_snapshot,85.265,85.462,85.235,85.294,5056.847,431735.973878,0.00034056,0.0004,long,true,true,1,1,false,0,false,false,,false,0.000340116108603,true,true,true,eligible,,1785070800000,1785070800
day7-v1,BRENTOIL,159,2026-07-26T14:00:00+00:00,1785074400000,lab/data/lighter_rwa_raw/BRENTOIL_candles_1h.json,lab/data/lighter_rwa_raw/BRENTOIL_fundings_1h.json,candle_and_funding,validation,pre_roll,unknown_from_public_candle_snapshot,87.62,87.72,87.03,87.26,1464.7004,127954.713671,0.00166440,0.0019,long,true,true,1,1,false,0,false,false,,false,-0.00410865099292,true,true,true,eligible,,1785074400000,1785074400
day7-v1,WTI,145,2026-07-26T14:00:00+00:00,1785074400000,lab/data/lighter_rwa_raw/WTI_candles_1h.json,lab/data/lighter_rwa_raw/WTI_fundings_1h.json,candle_and_funding,validation,pre_roll,unknown_from_public_candle_snapshot,85.294,85.47,84.884,84.964,2509.506,213992.242824,0.00034127,0.0004,long,true,true,1,1,false,0,false,false,,false,-0.00386897085375,true,true,true,eligible,,1785074400000,1785074400
day7-v1,BRENTOIL,159,2026-07-26T15:00:00+00:00,1785078000000,lab/data/lighter_rwa_raw/BRENTOIL_candles_1h.json,lab/data/lighter_rwa_raw/BRENTOIL_fundings_1h.json,candle_and_funding,validation,pre_roll,unknown_from_public_candle_snapshot,87.26,87.39,87.15,87.2,1047.7197,91424.778458,0.00034984,0.0004,long,true,true,1,1,false,0,false,false,,false,-0.00068760027504,true,true,true,eligible,,1785078000000,1785078000
day7-v1,WTI,145,2026-07-26T15:00:00+00:00,1785078000000,lab/data/lighter_rwa_raw/WTI_candles_1h.json,lab/data/lighter_rwa_raw/WTI_fundings_1h.json,candle_and_funding,validation,pre_roll,unknown_from_public_candle_snapshot,84.964,85.273,84.875,85.12,17415.399,1481231.154939,0.00034084,0.0004,long,true,true,1,1,false,0,false,false,,false,0.00183607174803,true,true,true,eligible,,1785078000000,1785078000
day7-v1,BRENTOIL,159,2026-07-26T16:00:00+00:00,1785081600000,lab/data/lighter_rwa_raw/BRENTOIL_candles_1h.json,lab/data/lighter_rwa_raw/BRENTOIL_fundings_1h.json,candle_and_funding,validation,pre_roll,unknown_from_public_candle_snapshot,87.2,87.48,87.18,87.34,935.8105,81743.533226,0.00034924,0.0004,long,true,true,1,1,false,0,false,false,,false,0.00160550458716,true,true,true,eligible,,1785081600000,1785081600
day7-v1,WTI,145,2026-07-26T16:00:00+00:00,1785081600000,lab/data/lighter_rwa_raw/WTI_candles_1h.json,lab/data/lighter_rwa_raw/WTI_fundings_1h.json,candle_and_funding,validation,pre_roll,unknown_from_public_candle_snapshot,85.12,85.368,85.082,85.301,1757.932,149914.55015199998,0.00034054,0.0004,long,true,true,1,1,false,0,false,false,,false,0.00212640977444,true,true,true,eligible,,1785081600000,1785081600
day7-v1,BRENTOIL,159,2026-07-26T17:00:00+00:00,1785085200000,lab/data/lighter_rwa_raw/BRENTOIL_candles_1h.json,lab/data/lighter_rwa_raw/BRENTOIL_fundings_1h.json,candle_and_funding,validation,pre_roll,unknown_from_public_candle_snapshot,87.34,87.51,87.32,87.34,977.2631999999999,85431.534651,0.00034944,0.0004,long,true,true,1,1,false,0,false,false,,false,0,true,true,true,eligible,,1785085200000,1785085200
day7-v1,WTI,145,2026-07-26T17:00:00+00:00,1785085200000,lab/data/lighter_rwa_raw/WTI_candles_1h.json,lab/data/lighter_rwa_raw/WTI_fundings_1h.json,candle_and_funding,validation,pre_roll,unknown_from_public_candle_snapshot,85.301,85.462,85.221,85.223,1047.628,89437.11490100001,0.00034102,0.0004,long,true,true,1,1,false,0,false,false,,false,-0.000914408975276,true,true,true,eligible,,1785085200000,1785085200
day7-v1,BRENTOIL,159,2026-07-26T18:00:00+00:00,1785088800000,lab/data/lighter_rwa_raw/BRENTOIL_candles_1h.json,lab/data/lighter_rwa_raw/BRENTOIL_fundings_1h.json,candle_and_funding,validation,pre_roll,unknown_from_public_candle_snapshot,87.34,87.95,87.34,87.78,1043.2151,91396.06381800001,0.00034960,0.0004,long,true,true,1,1,false,0,false,false,,false,0.00503778337531,true,true,true,eligible,,1785088800000,1785088800
day7-v1,WTI,145,2026-07-26T18:00:00+00:00,1785088800000,lab/data/lighter_rwa_raw/WTI_candles_1h.json,lab/data/lighter_rwa_raw/WTI_fundings_1h.json,candle_and_funding,validation,pre_roll,unknown_from_public_candle_snapshot,85.223,85.958,85.221,85.716,17913.258,1535751.846231,0.00034126,0.0004,long,true,true,1,1,false,0,false,false,,false,0.00578482334581,true,true,true,eligible,,1785088800000,1785088800
day7-v1,BRENTOIL,159,2026-07-26T19:00:00+00:00,1785092400000,lab/data/lighter_rwa_raw/BRENTOIL_candles_1h.json,lab/data/lighter_rwa_raw/BRENTOIL_fundings_1h.json,candle_and_funding,validation,pre_roll,unknown_from_public_candle_snapshot,87.78,88.41,87.73,88.18,1113.2478999999998,98276.573571,0.00219225,0.0025,long,true,true,1,1,false,0,false,false,,false,0.00455684666211,true,true,true,eligible,,1785092400000,1785092400
day7-v1,WTI,145,2026-07-26T19:00:00+00:00,1785092400000,lab/data/lighter_rwa_raw/WTI_candles_1h.json,lab/data/lighter_rwa_raw/WTI_fundings_1h.json,candle_and_funding,validation,pre_roll,unknown_from_public_candle_snapshot,85.716,86.485,85.715,86.201,15719.675,1355726.5159,0.00265385,0.0031,long,true,true,1,1,false,0,false,false,,false,0.00565822016893,true,true,true,eligible,,1785092400000,1785092400
day7-v1,BRENTOIL,159,2026-07-26T20:00:00+00:00,1785096000000,lab/data/lighter_rwa_raw/BRENTOIL_candles_1h.json,lab/data/lighter_rwa_raw/BRENTOIL_fundings_1h.json,candle_and_funding,validation,pre_roll,unknown_from_public_candle_snapshot,88.18,88.58,88.12,88.38,1033.9573,91456.6059,0.00722748,0.0082,long,true,true,1,1,false,0,false,false,,false,0.00226808800181,true,true,true,eligible,,1785096000000,1785096000
day7-v1,WTI,145,2026-07-26T20:00:00+00:00,1785096000000,lab/data/lighter_rwa_raw/WTI_candles_1h.json,lab/data/lighter_rwa_raw/WTI_fundings_1h.json,candle_and_funding,validation,pre_roll,unknown_from_public_candle_snapshot,86.201,86.416,86.181,86.242,2861.085,246883.933497,0.01033692,0.0120,long,true,true,1,1,false,0,false,false,,false,0.000475632533265,true,true,true,eligible,,1785096000000,1785096000
day7-v1,BRENTOIL,159,2026-07-26T21:00:00+00:00,1785099600000,lab/data/lighter_rwa_raw/BRENTOIL_candles_1h.json,lab/data/lighter_rwa_raw/BRENTOIL_fundings_1h.json,candle_and_funding,validation,pre_roll,unknown_from_public_candle_snapshot,88.38,88.91,87.82,88.33,3533.8173,312831.447035,0.00053022,0.0006,long,true,true,1,1,false,0,false,false,,false,-0.000565738854944,true,true,true,eligible,,1785099600000,1785099600
day7-v1,WTI,145,2026-07-26T21:00:00+00:00,1785099600000,lab/data/lighter_rwa_raw/WTI_candles_1h.json,lab/data/lighter_rwa_raw/WTI_fundings_1h.json,candle_and_funding,validation,pre_roll,unknown_from_public_candle_snapshot,86.242,86.773,85.647,86.187,13076.873,1126302.807064,0.00034512,0.0004,long,true,true,1,1,false,0,false,false,,false,-0.000637740312145,true,true,true,eligible,,1785099600000,1785099600
day7-v1,BRENTOIL,159,2026-07-26T22:00:00+00:00,1785103200000,lab/data/lighter_rwa_raw/BRENTOIL_candles_1h.json,lab/data/lighter_rwa_raw/BRENTOIL_fundings_1h.json,candle_and_funding,validation,pre_roll,unknown_from_public_candle_snapshot,88.33,88.6,85.82,87.41,5651.2116000000005,491026.85599999997,0.00035288,0.0004,long,true,true,1,1,false,0,false,false,,false,-0.0104154873769,true,true,true,eligible,,1785103200000,1785103200
day7-v1,WTI,145,2026-07-26T22:00:00+00:00,1785103200000,lab/data/lighter_rwa_raw/WTI_candles_1h.json,lab/data/lighter_rwa_raw/WTI_fundings_1h.json,candle_and_funding,validation,pre_roll,unknown_from_public_candle_snapshot,86.187,86.187,83.175,84.797,34408.177,2903136.480444,0.00129098,0.0015,short,true,true,1,1,false,0,false,false,,false,-0.0161277222783,true,true,true,eligible,,1785103200000,1785103200
day7-v1,BRENTOIL,159,2026-07-26T23:00:00+00:00,1785106800000,lab/data/lighter_rwa_raw/BRENTOIL_candles_1h.json,lab/data/lighter_rwa_raw/BRENTOIL_fundings_1h.json,candle_and_funding,validation,pre_roll,unknown_from_public_candle_snapshot,87.41,87.82,87.27,87.38,1071.4408,93811.219304,0.00034996,0.0004,long,true,true,1,1,false,0,false,false,,false,-0.000343210159021,true,true,true,eligible,,1785106800000,1785106800
day7-v1,WTI,145,2026-07-26T23:00:00+00:00,1785106800000,lab/data/lighter_rwa_raw/WTI_candles_1h.json,lab/data/lighter_rwa_raw/WTI_fundings_1h.json,candle_and_funding,validation,pre_roll,unknown_from_public_candle_snapshot,84.797,85.131,84.51,84.581,3892.266,330185.662815,0.00033926,0.0004,long,true,true,1,1,false,0,false,false,,false,-0.00254725992665,true,true,true,eligible,,1785106800000,1785106800
day7-v1,BRENTOIL,159,2026-07-27T00:00:00+00:00,1785110400000,lab/data/lighter_rwa_raw/BRENTOIL_candles_1h.json,lab/data/lighter_rwa_raw/BRENTOIL_fundings_1h.json,candle_and_funding,validation,pre_roll,unknown_from_public_candle_snapshot,87.38,87.74,86.95,87.61,853.3205,74588.444764,0.00034992,0.0004,long,true,true,1,1,false,0,false,false,,false,0.00263218127718,true,true,true,eligible,,1785110400000,1785110400
day7-v1,WTI,145,2026-07-27T00:00:00+00:00,1785110400000,lab/data/lighter_rwa_raw/WTI_candles_1h.json,lab/data/lighter_rwa_raw/WTI_fundings_1h.json,candle_and_funding,validation,pre_roll,unknown_from_public_candle_snapshot,84.581,84.927,84.013,84.763,7968.095,672043.477884,0.00033844,0.0004,long,true,true,1,1,false,0,false,false,,false,0.00215178349748,true,true,true,eligible,,1785110400000,1785110400
day7-v1,BRENTOIL,159,2026-07-27T01:00:00+00:00,1785114000000,lab/data/lighter_rwa_raw/BRENTOIL_candles_1h.json,lab/data/lighter_rwa_raw/BRENTOIL_fundings_1h.json,candle_and_funding,validation,pre_roll,unknown_from_public_candle_snapshot,87.61,88.19,87.49,88.06,799.16,70145.164412,0.00035072,0.0004,long,true,true,1,1,false,0,false,false,,false,0.00513639995434,true,true,true,eligible,,1785114000000,1785114000
day7-v1,WTI,145,2026-07-27T01:00:00+00:00,1785114000000,lab/data/lighter_rwa_raw/WTI_candles_1h.json,lab/data/lighter_rwa_raw/WTI_fundings_1h.json,candle_and_funding,validation,pre_roll,unknown_from_public_candle_snapshot,84.763,85.432,84.594,85.266,3834.754,326529.089939,0.00033916,0.0004,long,true,true,1,1,false,0,false,false,,false,0.00593419298515,true,true,true,eligible,,1785114000000,1785114000
day7-v1,BRENTOIL,159,2026-07-27T02:00:00+00:00,1785117600000,lab/data/lighter_rwa_raw/BRENTOIL_candles_1h.json,lab/data/lighter_rwa_raw/BRENTOIL_fundings_1h.json,candle_and_funding,validation,pre_roll,unknown_from_public_candle_snapshot,88.06,88.53,87.98,88.34,505.3075,44601.096885,0.00035232,0.0004,long,true,true,1,1,false,0,false,false,,false,0.00317965023847,true,true,true,eligible,,1785117600000,1785117600
day7-v1,WTI,145,2026-07-27T02:00:00+00:00,1785117600000,lab/data/lighter_rwa_raw/WTI_candles_1h.json,lab/data/lighter_rwa_raw/WTI_fundings_1h.json,candle_and_funding,validation,pre_roll,unknown_from_public_candle_snapshot,85.266,85.64,85.175,85.519,3451.985,295244.068709,0.00034108,0.0004,long,true,true,1,1,false,0,false,false,,false,0.00296718504445,true,true,true,eligible,,1785117600000,1785117600
day7-v1,BRENTOIL,159,2026-07-27T03:00:00+00:00,1785121200000,lab/data/lighter_rwa_raw/BRENTOIL_candles_1h.json,lab/data/lighter_rwa_raw/BRENTOIL_fundings_1h.json,candle_and_funding,validation,pre_roll,unknown_from_public_candle_snapshot,88.34,88.34,87.88,87.99,219.3626,19329.365363,0.00035356,0.0004,long,true,true,1,1,false,0,false,false,,false,-0.00396196513471,true,true,true,eligible,,1785121200000,1785121200
day7-v1,WTI,145,2026-07-27T03:00:00+00:00,1785121200000,lab/data/lighter_rwa_raw/WTI_candles_1h.json,lab/data/lighter_rwa_raw/WTI_fundings_1h.json,candle_and_funding,validation,pre_roll,unknown_from_public_candle_snapshot,85.519,85.519,85.036,85.213,1834.75,156363.605842,0.00034230,0.0004,long,true,true,1,1,false,0,false,false,,false,-0.00357815222348,true,true,true,eligible,,1785121200000,1785121200
day7-v1,BRENTOIL,159,2026-07-27T04:00:00+00:00,1785124800000,lab/data/lighter_rwa_raw/BRENTOIL_candles_1h.json,lab/data/lighter_rwa_raw/BRENTOIL_fundings_1h.json,candle_and_funding,validation,pre_roll,unknown_from_public_candle_snapshot,87.99,87.99,87.29,87.6,642.823,56353.911266,0.00035204,0.0004,long,true,true,1,1,false,0,false,false,,false,-0.00443232185476,true,true,true,eligible,,1785124800000,1785124800
day7-v1,WTI,145,2026-07-27T04:00:00+00:00,1785124800000,lab/data/lighter_rwa_raw/WTI_candles_1h.json,lab/data/lighter_rwa_raw/WTI_fundings_1h.json,candle_and_funding,validation,pre_roll,unknown_from_public_candle_snapshot,85.213,85.22,84.498,84.847,1108.584,94044.976239,0.00034084,0.0004,long,true,true,1,1,false,0,false,false,,false,-0.00429511928931,true,true,true,eligible,,1785124800000,1785124800
day7-v1,BRENTOIL,159,2026-07-27T05:00:00+00:00,1785128400000,lab/data/lighter_rwa_raw/BRENTOIL_candles_1h.json,lab/data/lighter_rwa_raw/BRENTOIL_fundings_1h.json,candle_and_funding,validation,pre_roll,unknown_from_public_candle_snapshot,87.6,87.68,87.04,87.23,538.0807,46969.847066,0.00035040,0.0004,long,true,true,1,1,false,0,false,false,,false,-0.00422374429224,true,true,true,eligible,,1785128400000,1785128400
day7-v1,WTI,145,2026-07-27T05:00:00+00:00,1785128400000,lab/data/lighter_rwa_raw/WTI_candles_1h.json,lab/data/lighter_rwa_raw/WTI_fundings_1h.json,candle_and_funding,validation,pre_roll,unknown_from_public_candle_snapshot,84.847,84.953,84.335,84.512,12419.645999999999,1050960.034217,0.00033938,0.0004,long,true,true,1,1,false,0,false,false,,false,-0.00394828338067,true,true,true,eligible,,1785128400000,1785128400
day7-v1,BRENTOIL,159,2026-07-27T06:00:00+00:00,1785132000000,lab/data/lighter_rwa_raw/BRENTOIL_candles_1h.json,lab/data/lighter_rwa_raw/BRENTOIL_fundings_1h.json,candle_and_funding,validation,pre_roll,unknown_from_public_candle_snapshot,87.23,87.23,86.25,86.29,1077.3481,93287.184271,0.00034880,0.0004,long,true,true,1,1,false,0,false,false,,false,-0.0107761091368,true,true,true,eligible,,1785132000000,1785132000
day7-v1,WTI,145,2026-07-27T06:00:00+00:00,1785132000000,lab/data/lighter_rwa_raw/WTI_candles_1h.json,lab/data/lighter_rwa_raw/WTI_fundings_1h.json,candle_and_funding,validation,pre_roll,unknown_from_public_candle_snapshot,84.512,84.56,83.4,83.429,11970.391,1001219.509307,0.00033826,0.0004,long,true,true,1,1,false,0,false,false,,false,-0.0128147482014,true,true,true,eligible,,1785132000000,1785132000
day7-v1,BRENTOIL,159,2026-07-27T07:00:00+00:00,1785135600000,lab/data/lighter_rwa_raw/BRENTOIL_candles_1h.json,lab/data/lighter_rwa_raw/BRENTOIL_fundings_1h.json,candle_and_funding,validation,pre_roll,unknown_from_public_candle_snapshot,86.29,87.21,86.16,87.21,364.0124,31529.650518000002,0.00034532,0.0004,long,true,true,1,1,false,0,false,false,,false,0.0106617220999,true,true,true,eligible,,1785135600000,1785135600
day7-v1,WTI,145,2026-07-27T07:00:00+00:00,1785135600000,lab/data/lighter_rwa_raw/WTI_candles_1h.json,lab/data/lighter_rwa_raw/WTI_fundings_1h.json,candle_and_funding,validation,pre_roll,unknown_from_public_candle_snapshot,83.429,84.519,83.336,84.519,13448.915,1131788.916653,0.00033394,0.0004,long,true,true,1,1,false,0,false,false,,false,0.0130650013784,true,true,true,eligible,,1785135600000,1785135600
day7-v1,BRENTOIL,159,2026-07-27T08:00:00+00:00,1785139200000,lab/data/lighter_rwa_raw/BRENTOIL_candles_1h.json,lab/data/lighter_rwa_raw/BRENTOIL_fundings_1h.json,candle_and_funding,validation,pre_roll,unknown_from_public_candle_snapshot,87.21,87.51,85.29,85.39,983.2905000000001,84834.553893,0.00034880,0.0004,long,true,true,1,1,false,0,false,false,,false,-0.02086916638,true,true,true,eligible,,1785139200000,1785139200
day7-v1,WTI,145,2026-07-27T08:00:00+00:00,1785139200000,lab/data/lighter_rwa_raw/WTI_candles_1h.json,lab/data/lighter_rwa_raw/WTI_fundings_1h.json,candle_and_funding,validation,pre_roll,unknown_from_public_candle_snapshot,84.519,84.806,82.882,82.965,3676.389,307508.263349,0.00033826,0.0004,long,true,true,1,1,false,0,false,false,,false,-0.0183863983246,true,true,true,eligible,,1785139200000,1785139200
day7-v1,BRENTOIL,159,2026-07-27T09:00:00+00:00,1785142800000,lab/data/lighter_rwa_raw/BRENTOIL_candles_1h.json,lab/data/lighter_rwa_raw/BRENTOIL_fundings_1h.json,candle_and_funding,validation,pre_roll,unknown_from_public_candle_snapshot,85.39,85.73,84.63,84.76,889.3648,75678.63931999999,0.00034160,0.0004,long,true,true,1,1,false,0,false,false,,false,-0.00737791310458,true,true,true,eligible,,1785142800000,1785142800
day7-v1,WTI,145,2026-07-27T09:00:00+00:00,1785142800000,lab/data/lighter_rwa_raw/WTI_candles_1h.json,lab/data/lighter_rwa_raw/WTI_fundings_1h.json,candle_and_funding,validation,pre_roll,unknown_from_public_candle_snapshot,82.965,83.26,82.144,82.287,11603.482,960667.094966,0.00033176,0.0004,long,true,true,1,1,false,0,false,false,,false,-0.00817212077382,true,true,true,eligible,,1785142800000,1785142800
day7-v1,BRENTOIL,159,2026-07-27T10:00:00+00:00,1785146400000,lab/data/lighter_rwa_raw/BRENTOIL_candles_1h.json,lab/data/lighter_rwa_raw/BRENTOIL_fundings_1h.json,candle_and_funding,validation,pre_roll,unknown_from_public_candle_snapshot,84.76,85.75,84.76,85.74,904.885,77373.552753,0.00033936,0.0004,long,true,true,1,1,false,0,false,false,,false,0.0115620575743,true,true,true,eligible,,1785146400000,1785146400
day7-v1,WTI,145,2026-07-27T10:00:00+00:00,1785146400000,lab/data/lighter_rwa_raw/WTI_candles_1h.json,lab/data/lighter_rwa_raw/WTI_fundings_1h.json,candle_and_funding,validation,pre_roll,unknown_from_public_candle_snapshot,82.287,83.488,82.287,83.267,32623.876,2707525.72947,0.00032938,0.0004,long,true,true,1,1,false,0,false,false,,false,0.0119095361357,true,true,true,eligible,,1785146400000,1785146400
day7-v1,BRENTOIL,159,2026-07-27T11:00:00+00:00,1785150000000,lab/data/lighter_rwa_raw/BRENTOIL_candles_1h.json,lab/data/lighter_rwa_raw/BRENTOIL_fundings_1h.json,candle_and_funding,validation,pre_roll,unknown_from_public_candle_snapshot,85.74,86.4,85.67,85.99,998.0788,85710.432435,0.00034300,0.0004,long,true,true,1,1,false,0,false,false,,false,0.00291579192909,true,true,true,eligible,,1785150000000,1785150000
day7-v1,WTI,145,2026-07-27T11:00:00+00:00,1785150000000,lab/data/lighter_rwa_raw/WTI_candles_1h.json,lab/data/lighter_rwa_raw/WTI_fundings_1h.json,candle_and_funding,validation,pre_roll,unknown_from_public_candle_snapshot,83.267,83.854,83.041,83.379,18742.563,1561272.76228,0.00033308,0.0004,long,true,true,1,1,false,0,false,false,,false,0.00134507067626,true,true,true,eligible,,1785150000000,1785150000
day7-v1,BRENTOIL,159,2026-07-27T12:00:00+00:00,1785153600000,lab/data/lighter_rwa_raw/BRENTOIL_candles_1h.json,lab/data/lighter_rwa_raw/BRENTOIL_fundings_1h.json,candle_and_funding,validation,pre_roll,unknown_from_public_candle_snapshot,85.99,87.22,85.99,87.04,1186.1204,102971.264711,0.00034396,0.0004,long,true,true,1,1,false,0,false,false,,false,0.012210722177,true,true,true,eligible,,1785153600000,1785153600
day7-v1,WTI,145,2026-07-27T12:00:00+00:00,1785153600000,lab/data/lighter_rwa_raw/WTI_candles_1h.json,lab/data/lighter_rwa_raw/WTI_fundings_1h.json,candle_and_funding,validation,pre_roll,unknown_from_public_candle_snapshot,83.379,84.344,83.373,84.07,37839.275,3176307.969423,0.00033342,0.0004,long,true,true,1,1,false,0,false,false,,false,0.00828745847276,true,true,true,eligible,,1785153600000,1785153600
day7-v1,BRENTOIL,159,2026-07-27T13:00:00+00:00,1785157200000,lab/data/lighter_rwa_raw/BRENTOIL_candles_1h.json,lab/data/lighter_rwa_raw/BRENTOIL_fundings_1h.json,candle_and_funding,validation,pre_roll,unknown_from_public_candle_snapshot,87.04,87.32,86.68,86.98,288.5709,25104.459459,0.00034792,0.0004,long,true,true,1,1,false,0,false,false,,false,-0.000689338235294,true,true,true,eligible,,1785157200000,1785157200
day7-v1,WTI,145,2026-07-27T13:00:00+00:00,1785157200000,lab/data/lighter_rwa_raw/WTI_candles_1h.json,lab/data/lighter_rwa_raw/WTI_fundings_1h.json,candle_and_funding,validation,pre_roll,unknown_from_public_candle_snapshot,84.07,84.541,83.696,84.213,28256.992,2376878.885719,0.00033604,0.0004,long,true,true,1,1,false,0,false,false,,false,0.00170096348281,true,true,true,eligible,,1785157200000,1785157200
day7-v1,BRENTOIL,159,2026-07-27T14:00:00+00:00,1785160800000,lab/data/lighter_rwa_raw/BRENTOIL_candles_1h.json,lab/data/lighter_rwa_raw/BRENTOIL_fundings_1h.json,candle_and_funding,validation,pre_roll,unknown_from_public_candle_snapshot,86.98,87.01,86.4,86.42,375.4527,32527.249633,0.00034800,0.0004,long,true,true,1,1,false,0,false,false,,false,-0.00643826166935,true,true,true,eligible,,1785160800000,1785160800
day7-v1,WTI,145,2026-07-27T14:00:00+00:00,1785160800000,lab/data/lighter_rwa_raw/WTI_candles_1h.json,lab/data/lighter_rwa_raw/WTI_fundings_1h.json,candle_and_funding,validation,pre_roll,unknown_from_public_candle_snapshot,84.213,84.265,83.464,83.533,13227.537,1106866.293943,0.00033688,0.0004,long,true,true,1,1,false,0,false,false,,false,-0.00807476280384,true,true,true,eligible,,1785160800000,1785160800
day7-v1,BRENTOIL,159,2026-07-27T15:00:00+00:00,1785164400000,lab/data/lighter_rwa_raw/BRENTOIL_candles_1h.json,lab/data/lighter_rwa_raw/BRENTOIL_fundings_1h.json,candle_and_funding,validation,pre_roll,unknown_from_public_candle_snapshot,86.42,86.63,86.03,86.53,1272.4832,109793.752989,0.00034572,0.0004,long,true,true,1,1,false,0,false,false,,false,0.00127285350613,true,true,true,eligible,,1785164400000,1785164400
day7-v1,WTI,145,2026-07-27T15:00:00+00:00,1785164400000,lab/data/lighter_rwa_raw/WTI_candles_1h.json,lab/data/lighter_rwa_raw/WTI_fundings_1h.json,candle_and_funding,validation,pre_roll,unknown_from_public_candle_snapshot,83.533,83.843,83.027,83.43,4467.992,372456.537813,0.00033420,0.0004,long,true,true,1,1,false,0,false,false,,false,-0.00123304562269,true,true,true,eligible,,1785164400000,1785164400
day7-v1,BRENTOIL,159,2026-07-27T16:00:00+00:00,1785168000000,lab/data/lighter_rwa_raw/BRENTOIL_candles_1h.json,lab/data/lighter_rwa_raw/BRENTOIL_fundings_1h.json,candle_and_funding,validation,pre_roll,unknown_from_public_candle_snapshot,86.53,86.9,85.63,86.05,1689.1229,145752.959886,0.00034652,0.0004,long,true,true,1,1,false,0,false,false,,false,-0.00554720906044,true,true,true,eligible,,1785168000000,1785168000
day7-v1,WTI,145,2026-07-27T16:00:00+00:00,1785168000000,lab/data/lighter_rwa_raw/WTI_candles_1h.json,lab/data/lighter_rwa_raw/WTI_fundings_1h.json,candle_and_funding,validation,pre_roll,unknown_from_public_candle_snapshot,83.43,83.79,82.375,82.859,13148.421,1095914.517967,0.00033363,0.0004,long,true,true,1,1,false,0,false,false,,false,-0.00684406088937,true,true,true,eligible,,1785168000000,1785168000
day7-v1,BRENTOIL,159,2026-07-27T17:00:00+00:00,1785171600000,lab/data/lighter_rwa_raw/BRENTOIL_candles_1h.json,lab/data/lighter_rwa_raw/BRENTOIL_fundings_1h.json,candle_and_funding,validation,pre_roll,unknown_from_public_candle_snapshot,86.05,86.13,85.8,85.87,568.384,48875.03951,0.00034436,0.0004,long,true,true,1,1,false,0,false,false,,false,-0.0020918070889,true,true,true,eligible,,1785171600000,1785171600
day7-v1,WTI,145,2026-07-27T17:00:00+00:00,1785171600000,lab/data/lighter_rwa_raw/WTI_candles_1h.json,lab/data/lighter_rwa_raw/WTI_fundings_1h.json,candle_and_funding,validation,pre_roll,unknown_from_public_candle_snapshot,82.859,82.999,82.55,82.645,3256.455,269567.624438,0.00033138,0.0004,long,true,true,1,1,false,0,false,false,,false,-0.00258270073257,true,true,true,eligible,,1785171600000,1785171600
day7-v1,BRENTOIL,159,2026-07-27T18:00:00+00:00,1785175200000,lab/data/lighter_rwa_raw/BRENTOIL_candles_1h.json,lab/data/lighter_rwa_raw/BRENTOIL_fundings_1h.json,candle_and_funding,validation,pre_roll,unknown_from_public_candle_snapshot,85.87,86.13,85.38,85.45,1535.5006,131593.82131200001,0.00034332,0.0004,long,true,true,1,1,false,0,false,false,,false,-0.00489111447537,true,true,true,eligible,,1785175200000,1785175200
day7-v1,WTI,145,2026-07-27T18:00:00+00:00,1785175200000,lab/data/lighter_rwa_raw/WTI_candles_1h.json,lab/data/lighter_rwa_raw/WTI_fundings_1h.json,candle_and_funding,validation,pre_roll,unknown_from_public_candle_snapshot,82.645,82.985,82.028,82.184,11771.663999999999,972575.719204,0.00033044,0.0004,long,true,true,1,1,false,0,false,false,,false,-0.00557807489866,true,true,true,eligible,,1785175200000,1785175200
day7-v1,BRENTOIL,159,2026-07-27T19:00:00+00:00,1785178800000,lab/data/lighter_rwa_raw/BRENTOIL_candles_1h.json,lab/data/lighter_rwa_raw/BRENTOIL_fundings_1h.json,candle_and_funding,validation,pre_roll,unknown_from_public_candle_snapshot,85.45,85.72,85.27,85.28,721.3903,61579.959174999996,0.00034204,0.0004,long,true,true,1,1,false,0,false,false,,false,-0.00198946752487,true,true,true,eligible,,1785178800000,1785178800
day7-v1,WTI,145,2026-07-27T19:00:00+00:00,1785178800000,lab/data/lighter_rwa_raw/WTI_candles_1h.json,lab/data/lighter_rwa_raw/WTI_fundings_1h.json,candle_and_funding,validation,pre_roll,unknown_from_public_candle_snapshot,82.184,82.47,81.957,81.983,1985.593,163178.048645,0.00032850,0.0004,long,true,true,1,1,false,0,false,false,,false,-0.00244573152925,true,true,true,eligible,,1785178800000,1785178800
day7-v1,BRENTOIL,159,2026-07-27T20:00:00+00:00,1785182400000,lab/data/lighter_rwa_raw/BRENTOIL_candles_1h.json,lab/data/lighter_rwa_raw/BRENTOIL_fundings_1h.json,candle_and_funding,validation,pre_roll,unknown_from_public_candle_snapshot,85.28,85.44,85.01,85.23,1308.781,111580.403044,0.00034132,0.0004,long,true,true,1,1,false,0,false,false,,false,-0.000586303939962,true,true,true,eligible,,1785182400000,1785182400
day7-v1,WTI,145,2026-07-27T20:00:00+00:00,1785182400000,lab/data/lighter_rwa_raw/WTI_candles_1h.json,lab/data/lighter_rwa_raw/WTI_fundings_1h.json,candle_and_funding,validation,pre_roll,unknown_from_public_candle_snapshot,81.983,82.114,81.632,81.908,2845.774,233048.859502,0.00032782,0.0004,long,true,true,1,1,false,0,false,false,,false,-0.000914823804935,true,true,true,eligible,,1785182400000,1785182400
day7-v1,BRENTOIL,159,2026-07-27T21:00:00+00:00,1785186000000,lab/data/lighter_rwa_raw/BRENTOIL_candles_1h.json,lab/data/lighter_rwa_raw/BRENTOIL_fundings_1h.json,candle_and_funding,validation,pre_roll,unknown_from_public_candle_snapshot,85.23,85.46,85.21,85.45,2275.9579,194285.635139,0.00034104,0.0004,long,true,true,1,1,false,0,false,false,,false,0.00258125073331,true,true,true,eligible,,1785186000000,1785186000
day7-v1,WTI,145,2026-07-27T21:00:00+00:00,1785186000000,lab/data/lighter_rwa_raw/WTI_candles_1h.json,lab/data/lighter_rwa_raw/WTI_fundings_1h.json,candle_and_funding,validation,pre_roll,unknown_from_public_candle_snapshot,81.908,82.275,81.853,82.241,6268.035,514291.454083,0.00032766,0.0004,long,true,true,1,1,false,0,false,false,,false,0.00406553694389,true,true,true,eligible,,1785186000000,1785186000
day7-v1,BRENTOIL,159,2026-07-27T22:00:00+00:00,1785189600000,lab/data/lighter_rwa_raw/BRENTOIL_candles_1h.json,lab/data/lighter_rwa_raw/BRENTOIL_fundings_1h.json,candle_and_funding,validation,pre_roll,unknown_from_public_candle_snapshot,85.45,85.52,85.22,85.51,619.5803,52888.440016,0.00034148,0.0004,long,true,true,1,1,false,0,false,false,,false,0.000702165008777,true,true,true,eligible,,1785189600000,1785189600
day7-v1,WTI,145,2026-07-27T22:00:00+00:00,1785189600000,lab/data/lighter_rwa_raw/WTI_candles_1h.json,lab/data/lighter_rwa_raw/WTI_fundings_1h.json,candle_and_funding,validation,pre_roll,unknown_from_public_candle_snapshot,82.241,82.26,81.722,82.176,16596.878,1361000.4755610002,0.00032822,0.0004,long,true,true,1,1,false,0,false,false,,false,-0.000790360039396,true,true,true,eligible,,1785189600000,1785189600
day7-v1,BRENTOIL,159,2026-07-27T23:00:00+00:00,1785193200000,lab/data/lighter_rwa_raw/BRENTOIL_candles_1h.json,lab/data/lighter_rwa_raw/BRENTOIL_fundings_1h.json,candle_and_funding,validation,pre_roll,unknown_from_public_candle_snapshot,85.51,85.59,85.41,85.49,179.3287,15329.323258,0.00034148,0.0004,long,true,true,1,1,false,0,false,false,,false,-0.000233890773009,true,true,true,eligible,,1785193200000,1785193200
day7-v1,WTI,145,2026-07-27T23:00:00+00:00,1785193200000,lab/data/lighter_rwa_raw/WTI_candles_1h.json,lab/data/lighter_rwa_raw/WTI_fundings_1h.json,candle_and_funding,validation,pre_roll,unknown_from_public_candle_snapshot,82.176,82.224,82.067,82.098,3389.015,278429.36426,0.00032850,0.0004,long,true,true,1,1,false,0,false,false,,false,-0.000949182242991,true,true,true,eligible,,1785193200000,1785193200
day7-v1,BRENTOIL,159,2026-07-28T00:00:00+00:00,1785196800000,lab/data/lighter_rwa_raw/BRENTOIL_candles_1h.json,lab/data/lighter_rwa_raw/BRENTOIL_fundings_1h.json,candle_and_funding,validation,pre_roll,unknown_from_public_candle_snapshot,85.49,85.55,84.91,85.44,272.0668,23132.947097,0.00034196,0.0004,long,true,true,1,1,false,0,false,false,,false,-0.000584863726752,true,true,true,eligible,,1785196800000,1785196800
day7-v1,WTI,145,2026-07-28T00:00:00+00:00,1785196800000,lab/data/lighter_rwa_raw/WTI_candles_1h.json,lab/data/lighter_rwa_raw/WTI_fundings_1h.json,candle_and_funding,validation,pre_roll,unknown_from_public_candle_snapshot,82.098,82.207,81.449,82.125,2266.946,185562.647137,0.00032816,0.0004,long,true,true,1,1,false,0,false,false,,false,0.000328875246656,true,true,true,eligible,,1785196800000,1785196800
day7-v1,BRENTOIL,159,2026-07-28T01:00:00+00:00,1785200400000,lab/data/lighter_rwa_raw/BRENTOIL_candles_1h.json,lab/data/lighter_rwa_raw/BRENTOIL_fundings_1h.json,candle_and_funding,validation,pre_roll,unknown_from_public_candle_snapshot,85.44,85.54,84.85,85.03,66.4377,5658.032252,0.00034184,0.0004,long,true,true,1,1,false,0,false,false,,false,-0.00479868913858,true,true,true,eligible,,1785200400000,1785200400
day7-v1,WTI,145,2026-07-28T01:00:00+00:00,1785200400000,lab/data/lighter_rwa_raw/WTI_candles_1h.json,lab/data/lighter_rwa_raw/WTI_fundings_1h.json,candle_and_funding,validation,pre_roll,unknown_from_public_candle_snapshot,82.125,82.254,81.489,81.695,56933.329,4660631.240881001,0.00032848,0.0004,long,true,true,1,1,false,0,false,false,,false,-0.00523592085236,true,true,true,eligible,,1785200400000,1785200400
day7-v1,BRENTOIL,159,2026-07-28T02:00:00+00:00,1785204000000,lab/data/lighter_rwa_raw/BRENTOIL_candles_1h.json,lab/data/lighter_rwa_raw/BRENTOIL_fundings_1h.json,candle_and_funding,validation,pre_roll,unknown_from_public_candle_snapshot,85.03,85.1,84.16,84.25,1577.5175,133718.261709,0.00034004,0.0004,long,true,true,1,1,false,0,false,false,,false,-0.0091732329766,true,true,true,eligible,,1785204000000,1785204000
day7-v1,WTI,145,2026-07-28T02:00:00+00:00,1785204000000,lab/data/lighter_rwa_raw/WTI_candles_1h.json,lab/data/lighter_rwa_raw/WTI_fundings_1h.json,candle_and_funding,validation,pre_roll,unknown_from_public_candle_snapshot,81.695,81.782,80.741,80.848,11412.212,927421.479551,0.00032650,0.0004,long,true,true,1,1,false,0,false,false,,false,-0.0103678315686,true,true,true,eligible,,1785204000000,1785204000
day7-v1,BRENTOIL,159,2026-07-28T03:00:00+00:00,1785207600000,lab/data/lighter_rwa_raw/BRENTOIL_candles_1h.json,lab/data/lighter_rwa_raw/BRENTOIL_fundings_1h.json,candle_and_funding,validation,pre_roll,unknown_from_public_candle_snapshot,84.25,84.85,84.08,84.84,81.3028,6874.683999,0.00033716,0.0004,long,true,true,1,1,false,0,false,false,,false,0.00700296735905,true,true,true,eligible,,1785207600000,1785207600
day7-v1,WTI,145,2026-07-28T03:00:00+00:00,1785207600000,lab/data/lighter_rwa_raw/WTI_candles_1h.json,lab/data/lighter_rwa_raw/WTI_fundings_1h.json,candle_and_funding,validation,pre_roll,unknown_from_public_candle_snapshot,80.848,81.603,80.647,81.551,2524.278,204882.345264,0.00032324,0.0004,long,true,true,1,1,false,0,false,false,,false,0.00869532950722,true,true,true,eligible,,1785207600000,1785207600
day7-v1,BRENTOIL,159,2026-07-28T04:00:00+00:00,1785211200000,lab/data/lighter_rwa_raw/BRENTOIL_candles_1h.json,lab/data/lighter_rwa_raw/BRENTOIL_fundings_1h.json,candle_and_funding,validation,pre_roll,unknown_from_public_candle_snapshot,84.84,85.17,84.79,84.87,901.7828,76557.667321,0.00033940,0.0004,long,true,true,1,1,false,0,false,false,,false,0.00035360678925,true,true,true,eligible,,1785211200000,1785211200
day7-v1,WTI,145,2026-07-28T04:00:00+00:00,1785211200000,lab/data/lighter_rwa_raw/WTI_candles_1h.json,lab/data/lighter_rwa_raw/WTI_fundings_1h.json,candle_and_funding,validation,pre_roll,unknown_from_public_candle_snapshot,81.551,81.927,81.53,81.623,623.925,50960.85881,0.00032628,0.0004,long,true,true,1,1,false,0,false,false,,false,0.000882883103825,true,true,true,eligible,,1785211200000,1785211200
day7-v1,BRENTOIL,159,2026-07-28T05:00:00+00:00,1785214800000,lab/data/lighter_rwa_raw/BRENTOIL_candles_1h.json,lab/data/lighter_rwa_raw/BRENTOIL_fundings_1h.json,candle_and_funding,validation,pre_roll,unknown_from_public_candle_snapshot,84.87,85.56,84.67,85.34,623.584,52961.419794,0.00033936,0.0004,long,true,true,1,1,false,0,false,false,,false,0.00553788146577,true,true,true,eligible,,1785214800000,1785214800
day7-v1,WTI,145,2026-07-28T05:00:00+00:00,1785214800000,lab/data/lighter_rwa_raw/WTI_candles_1h.json,lab/data/lighter_rwa_raw/WTI_fundings_1h.json,candle_and_funding,validation,pre_roll,unknown_from_public_candle_snapshot,81.623,82.505,81.471,82.195,46767.998999999996,3843680.66543,0.00032652,0.0004,long,true,true,1,1,false,0,false,false,,false,0.00700782867574,true,true,true,eligible,,1785214800000,1785214800
day7-v1,BRENTOIL,159,2026-07-28T06:00:00+00:00,1785218400000,lab/data/lighter_rwa_raw/BRENTOIL_candles_1h.json,lab/data/lighter_rwa_raw/BRENTOIL_fundings_1h.json,candle_and_funding,validation,pre_roll,unknown_from_public_candle_snapshot,85.34,85.48,83.75,83.91,2059.7278,173261.562598,0.00034128,0.0004,long,true,true,1,1,false,0,false,false,,false,-0.0167565033982,true,true,true,eligible,,1785218400000,1785218400
day7-v1,WTI,145,2026-07-28T06:00:00+00:00,1785218400000,lab/data/lighter_rwa_raw/WTI_candles_1h.json,lab/data/lighter_rwa_raw/WTI_fundings_1h.json,candle_and_funding,validation,pre_roll,unknown_from_public_candle_snapshot,82.195,82.365,80.677,80.831,4936.409,402424.283008,0.00032854,0.0004,long,true,true,1,1,false,0,false,false,,false,-0.0165946833749,true,true,true,eligible,,1785218400000,1785218400
day7-v1,BRENTOIL,159,2026-07-28T07:00:00+00:00,1785222000000,lab/data/lighter_rwa_raw/BRENTOIL_candles_1h.json,lab/data/lighter_rwa_raw/BRENTOIL_fundings_1h.json,candle_and_funding,validation,pre_roll,unknown_from_public_candle_snapshot,83.91,84.57,83.68,83.86,1442.2314999999999,121338.137582,0.00033556,0.0004,long,true,true,1,1,false,0,false,false,,false,-0.000595876534382,true,true,true,eligible,,1785222000000,1785222000
day7-v1,WTI,145,2026-07-28T07:00:00+00:00,1785222000000,lab/data/lighter_rwa_raw/WTI_candles_1h.json,lab/data/lighter_rwa_raw/WTI_fundings_1h.json,candle_and_funding,validation,pre_roll,unknown_from_public_candle_snapshot,80.831,81.544,80.6,80.769,3435.4429999999998,278471.617588,0.00032324,0.0004,long,true,true,1,1,false,0,false,false,,false,-0.000767032450421,true,true,true,eligible,,1785222000000,1785222000
day7-v1,BRENTOIL,159,2026-07-28T08:00:00+00:00,1785225600000,lab/data/lighter_rwa_raw/BRENTOIL_candles_1h.json,lab/data/lighter_rwa_raw/BRENTOIL_fundings_1h.json,candle_and_funding,validation,pre_roll,unknown_from_public_candle_snapshot,83.86,83.98,82.85,83.22,1086.3346999999999,90639.361502,0.00033560,0.0004,long,true,true,1,1,false,0,false,false,,false,-0.0076317672311,true,true,true,eligible,,1785225600000,1785225600
day7-v1,WTI,145,2026-07-28T08:00:00+00:00,1785225600000,lab/data/lighter_rwa_raw/WTI_candles_1h.json,lab/data/lighter_rwa_raw/WTI_fundings_1h.json,candle_and_funding,validation,pre_roll,unknown_from_public_candle_snapshot,80.769,80.902,79.862,80.277,60896.626,4891291.433553,0.00032309,0.0004,long,true,true,1,1,false,0,false,false,,false,-0.00609144597556,true,true,true,eligible,,1785225600000,1785225600
day7-v1,BRENTOIL,159,2026-07-28T09:00:00+00:00,1785229200000,lab/data/lighter_rwa_raw/BRENTOIL_candles_1h.json,lab/data/lighter_rwa_raw/BRENTOIL_fundings_1h.json,candle_and_funding,validation,pre_roll,unknown_from_public_candle_snapshot,83.22,84.03,83.22,83.6,1655.5524,138514.525929,0.00033300,0.0004,long,true,true,1,1,false,0,false,false,,false,0.00456621004566,true,true,true,eligible,,1785229200000,1785229200
day7-v1,WTI,145,2026-07-28T09:00:00+00:00,1785229200000,lab/data/lighter_rwa_raw/WTI_candles_1h.json,lab/data/lighter_rwa_raw/WTI_fundings_1h.json,candle_and_funding,validation,pre_roll,unknown_from_public_candle_snapshot,80.277,81.227,80.277,80.631,71345.413,5756846.2079799995,0.00032078,0.0004,long,true,true,1,1,false,0,false,false,,false,0.00440973130536,true,true,true,eligible,,1785229200000,1785229200
day7-v1,BRENTOIL,159,2026-07-28T10:00:00+00:00,1785232800000,lab/data/lighter_rwa_raw/BRENTOIL_candles_1h.json,lab/data/lighter_rwa_raw/BRENTOIL_fundings_1h.json,candle_and_funding,validation,pre_roll,unknown_from_public_candle_snapshot,83.6,84.3,83.59,84.13,430.3527,36162.968564,0.00033472,0.0004,long,true,true,1,1,false,0,false,false,,false,0.00633971291866,true,true,true,eligible,,1785232800000,1785232800
day7-v1,WTI,145,2026-07-28T10:00:00+00:00,1785232800000,lab/data/lighter_rwa_raw/WTI_candles_1h.json,lab/data/lighter_rwa_raw/WTI_fundings_1h.json,candle_and_funding,validation,pre_roll,unknown_from_public_candle_snapshot,80.631,81.496,80.631,81.198,27863.63,2262644.062022,0.00032246,0.0004,long,true,true,1,1,false,0,false,false,,false,0.00703203482532,true,true,true,eligible,,1785232800000,1785232800
day7-v1,BRENTOIL,159,2026-07-28T11:00:00+00:00,1785236400000,lab/data/lighter_rwa_raw/BRENTOIL_candles_1h.json,lab/data/lighter_rwa_raw/BRENTOIL_fundings_1h.json,candle_and_funding,validation,pre_roll,unknown_from_public_candle_snapshot,84.13,84.67,83.74,84.57,1655.1015,139760.280891,0.00033656,0.0004,long,true,true,1,1,false,0,false,false,,false,0.00523000118864,true,true,true,eligible,,1785236400000,1785236400
day7-v1,WTI,145,2026-07-28T11:00:00+00:00,1785236400000,lab/data/lighter_rwa_raw/WTI_candles_1h.json,lab/data/lighter_rwa_raw/WTI_fundings_1h.json,candle_and_funding,validation,pre_roll,unknown_from_public_candle_snapshot,81.198,81.932,80.781,81.742,71603.185,5821919.401597,0.00032468,0.0004,long,true,true,1,1,false,0,false,false,,false,0.00669967240572,true,true,true,eligible,,1785236400000,1785236400
day7-v1,BRENTOIL,159,2026-07-28T12:00:00+00:00,1785240000000,lab/data/lighter_rwa_raw/BRENTOIL_candles_1h.json,lab/data/lighter_rwa_raw/BRENTOIL_fundings_1h.json,candle_and_funding,validation,pre_roll,unknown_from_public_candle_snapshot,84.57,84.58,83.59,83.73,2038.4816,171648.57979,0.00033836,0.0004,long,true,true,1,1,false,0,false,false,,false,-0.00993260021284,true,true,true,eligible,,1785240000000,1785240000
day7-v1,WTI,145,2026-07-28T12:00:00+00:00,1785240000000,lab/data/lighter_rwa_raw/WTI_candles_1h.json,lab/data/lighter_rwa_raw/WTI_fundings_1h.json,candle_and_funding,validation,pre_roll,unknown_from_public_candle_snapshot,81.742,81.742,80.641,80.833,33363.994,2711089.963243,0.00032686,0.0004,long,true,true,1,1,false,0,false,false,,false,-0.0111203542854,true,true,true,eligible,,1785240000000,1785240000
day7-v1,BRENTOIL,159,2026-07-28T13:00:00+00:00,1785243600000,lab/data/lighter_rwa_raw/BRENTOIL_candles_1h.json,lab/data/lighter_rwa_raw/BRENTOIL_fundings_1h.json,candle_and_funding,validation,pre_roll,unknown_from_public_candle_snapshot,83.73,84.25,83.62,84.05,1165.6511,97879.103189,0.00033488,0.0004,long,true,true,1,1,false,0,false,false,,false,0.003821808193,true,true,true,eligible,,1785243600000,1785243600
day7-v1,WTI,145,2026-07-28T13:00:00+00:00,1785243600000,lab/data/lighter_rwa_raw/WTI_candles_1h.json,lab/data/lighter_rwa_raw/WTI_fundings_1h.json,candle_and_funding,validation,pre_roll,unknown_from_public_candle_snapshot,80.833,81.614,80.786,81.47,17167.132999999998,1394698.70978,0.00032316,0.0004,long,true,true,1,1,false,0,false,false,,false,0.00788044486781,true,true,true,eligible,,1785243600000,1785243600
day7-v1,BRENTOIL,159,2026-07-28T14:00:00+00:00,1785247200000,lab/data/lighter_rwa_raw/BRENTOIL_candles_1h.json,lab/data/lighter_rwa_raw/BRENTOIL_fundings_1h.json,candle_and_funding,validation,pre_roll,unknown_from_public_candle_snapshot,84.05,84.43,83.61,84.04,1178.9125,98845.506603,0.00033616,0.0004,long,true,true,1,1,false,0,false,false,,false,-0.000118976799524,true,true,true,eligible,,1785247200000,1785247200
day7-v1,WTI,145,2026-07-28T14:00:00+00:00,1785247200000,lab/data/lighter_rwa_raw/WTI_candles_1h.json,lab/data/lighter_rwa_raw/WTI_fundings_1h.json,candle_and_funding,validation,pre_roll,unknown_from_public_candle_snapshot,81.47,81.809,80.95,81.49,7908.963,643056.087678,0.00032580,0.0004,long,true,true,1,1,false,0,false,false,,false,0.000245489137106,true,true,true,eligible,,1785247200000,1785247200
day7-v1,BRENTOIL,159,2026-07-28T15:00:00+00:00,1785250800000,lab/data/lighter_rwa_raw/BRENTOIL_candles_1h.json,lab/data/lighter_rwa_raw/BRENTOIL_fundings_1h.json,candle_and_funding,validation,pre_roll,unknown_from_public_candle_snapshot,84.04,84.16,81.22,81.22,9999.8092,825345.690471,0.00033620,0.0004,long,true,true,1,1,false,0,false,false,,false,-0.0335554497858,true,true,true,eligible,,1785250800000,1785250800
day7-v1,WTI,145,2026-07-28T15:00:00+00:00,1785250800000,lab/data/lighter_rwa_raw/WTI_candles_1h.json,lab/data/lighter_rwa_raw/WTI_fundings_1h.json,candle_and_funding,validation,pre_roll,unknown_from_public_candle_snapshot,81.49,81.583,78.304,78.358,66018.936,5268104.239297001,0.00032578,0.0004,long,true,true,1,1,false,0,false,false,,false,-0.0384341637011,true,true,true,eligible,,1785250800000,1785250800
day7-v1,BRENTOIL,159,2026-07-28T16:00:00+00:00,1785254400000,lab/data/lighter_rwa_raw/BRENTOIL_candles_1h.json,lab/data/lighter_rwa_raw/BRENTOIL_fundings_1h.json,candle_and_funding,validation,pre_roll,unknown_from_public_candle_snapshot,81.22,81.68,80.72,81.43,7907.2094,643068.361586,0.00032504,0.0004,long,true,true,1,1,false,0,false,false,,false,0.00258557005664,true,true,true,eligible,,1785254400000,1785254400
day7-v1,WTI,145,2026-07-28T16:00:00+00:00,1785254400000,lab/data/lighter_rwa_raw/WTI_candles_1h.json,lab/data/lighter_rwa_raw/WTI_fundings_1h.json,candle_and_funding,validation,pre_roll,unknown_from_public_candle_snapshot,78.358,78.869,77.79,78.672,64939.130999999994,5098679.695483,0.00031342,0.0004,long,true,true,1,1,false,0,false,false,,false,0.00400724878123,true,true,true,eligible,,1785254400000,1785254400
day7-v1,BRENTOIL,159,2026-07-28T17:00:00+00:00,1785258000000,lab/data/lighter_rwa_raw/BRENTOIL_candles_1h.json,lab/data/lighter_rwa_raw/BRENTOIL_fundings_1h.json,candle_and_funding,validation,pre_roll,unknown_from_public_candle_snapshot,81.43,82.4,81.22,82.2,8474.7915,692322.789678,0.00032580,0.0004,long,true,true,1,1,false,0,false,false,,false,0.00945597445659,true,true,true,eligible,,1785258000000,1785258000
day7-v1,WTI,145,2026-07-28T17:00:00+00:00,1785258000000,lab/data/lighter_rwa_raw/WTI_candles_1h.json,lab/data/lighter_rwa_raw/WTI_fundings_1h.json,candle_and_funding,validation,pre_roll,unknown_from_public_candle_snapshot,78.672,79.627,78.448,79.475,29418.335,2320161.363108,0.00031466,0.0004,long,true,true,1,1,false,0,false,false,,false,0.010206935123,true,true,true,eligible,,1785258000000,1785258000
day7-v1,BRENTOIL,159,2026-07-28T18:00:00+00:00,1785261600000,lab/data/lighter_rwa_raw/BRENTOIL_candles_1h.json,lab/data/lighter_rwa_raw/BRENTOIL_fundings_1h.json,candle_and_funding,validation,pre_roll,unknown_from_public_candle_snapshot,82.2,82.24,81.67,81.96,1046.0257,85673.715131,0.00032880,0.0004,long,true,true,1,1,false,0,false,false,,false,-0.0029197080292,true,true,true,eligible,,1785261600000,1785261600
day7-v1,WTI,145,2026-07-28T18:00:00+00:00,1785261600000,lab/data/lighter_rwa_raw/WTI_candles_1h.json,lab/data/lighter_rwa_raw/WTI_fundings_1h.json,candle_and_funding,validation,pre_roll,unknown_from_public_candle_snapshot,79.475,79.504,78.842,79.191,4501.503000000001,356422.50572,0.00031779,0.0004,long,true,true,1,1,false,0,false,false,,false,-0.00357345077068,true,true,true,eligible,,1785261600000,1785261600
day7-v1,BRENTOIL,159,2026-07-28T19:00:00+00:00,1785265200000,lab/data/lighter_rwa_raw/BRENTOIL_candles_1h.json,lab/data/lighter_rwa_raw/BRENTOIL_fundings_1h.json,candle_and_funding,validation,pre_roll,unknown_from_public_candle_snapshot,81.96,81.98,81.72,81.86,1775.2027,145231.067719,0.00032792,0.0004,long,true,true,1,1,false,0,false,false,,false,-0.00122010736945,true,true,true,eligible,,1785265200000,1785265200
day7-v1,WTI,145,2026-07-28T19:00:00+00:00,1785265200000,lab/data/lighter_rwa_raw/WTI_candles_1h.json,lab/data/lighter_rwa_raw/WTI_fundings_1h.json,candle_and_funding,validation,pre_roll,unknown_from_public_candle_snapshot,79.191,79.247,78.912,79.141,2687.011,212673.753458,0.00031682,0.0004,long,true,true,1,1,false,0,false,false,,false,-0.000631384879595,true,true,true,eligible,,1785265200000,1785265200
day7-v1,BRENTOIL,159,2026-07-28T20:00:00+00:00,1785268800000,lab/data/lighter_rwa_raw/BRENTOIL_candles_1h.json,lab/data/lighter_rwa_raw/BRENTOIL_fundings_1h.json,candle_and_funding,validation,pre_roll,unknown_from_public_candle_snapshot,81.86,82.05,81.75,81.84,322.6695,26425.822733,0.00032748,0.0004,long,true,true,1,1,false,0,false,false,,false,-0.000244319569997,true,true,true,eligible,,1785268800000,1785268800
day7-v1,WTI,145,2026-07-28T20:00:00+00:00,1785268800000,lab/data/lighter_rwa_raw/WTI_candles_1h.json,lab/data/lighter_rwa_raw/WTI_fundings_1h.json,candle_and_funding,validation,pre_roll,unknown_from_public_candle_snapshot,79.141,79.296,78.924,79.118,4152.859,328864.803657,0.00031652,0.0004,long,true,true,1,1,false,0,false,false,,false,-0.000290620538027,true,true,true,eligible,,1785268800000,1785268800
day7-v1,BRENTOIL,159,2026-07-28T21:00:00+00:00,1785272400000,lab/data/lighter_rwa_raw/BRENTOIL_candles_1h.json,lab/data/lighter_rwa_raw/BRENTOIL_fundings_1h.json,candle_and_funding,validation,pre_roll,unknown_from_public_candle_snapshot,81.84,83.15,81.84,83.12,2350.4582,193700.588238,0.00032724,0.0004,long,true,true,1,1,false,0,false,false,,false,0.0156402737048,true,true,true,eligible,,1785272400000,1785272400
day7-v1,WTI,145,2026-07-28T21:00:00+00:00,1785272400000,lab/data/lighter_rwa_raw/WTI_candles_1h.json,lab/data/lighter_rwa_raw/WTI_fundings_1h.json,candle_and_funding,validation,pre_roll,unknown_from_public_candle_snapshot,79.118,80.476,79.118,80.432,9921.162,795373.166418,0.00031636,0.0004,long,true,true,1,1,false,0,false,false,,false,0.0166081043505,true,true,true,eligible,,1785272400000,1785272400
day7-v1,BRENTOIL,159,2026-07-28T22:00:00+00:00,1785276000000,lab/data/lighter_rwa_raw/BRENTOIL_candles_1h.json,lab/data/lighter_rwa_raw/BRENTOIL_fundings_1h.json,candle_and_funding,validation,pre_roll,unknown_from_public_candle_snapshot,83.12,85.34,82.88,84.96,15371.2684,1294982.410155,0.00033208,0.0004,long,true,true,1,1,false,0,false,false,,false,0.0221366698749,true,true,true,eligible,,1785276000000,1785276000
day7-v1,WTI,145,2026-07-28T22:00:00+00:00,1785276000000,lab/data/lighter_rwa_raw/WTI_candles_1h.json,lab/data/lighter_rwa_raw/WTI_fundings_1h.json,candle_and_funding,validation,pre_roll,unknown_from_public_candle_snapshot,80.432,83.214,80.236,82.636,35258.092000000004,2892831.1100480002,0.01917264,0.0240,long,true,true,1,1,false,0,false,false,,false,0.0274020290432,true,true,true,eligible,,1785276000000,1785276000
day7-v1,BRENTOIL,159,2026-07-28T23:00:00+00:00,1785279600000,lab/data/lighter_rwa_raw/BRENTOIL_candles_1h.json,lab/data/lighter_rwa_raw/BRENTOIL_fundings_1h.json,candle_and_funding,validation,pre_roll,unknown_from_public_candle_snapshot,84.96,85.61,84.35,84.36,7252.7476,616878.476536,0.03902514,0.0462,long,true,true,1,1,false,0,false,false,,false,-0.00706214689266,true,true,true,eligible,,1785279600000,1785279600
day7-v1,WTI,145,2026-07-28T23:00:00+00:00,1785279600000,lab/data/lighter_rwa_raw/WTI_candles_1h.json,lab/data/lighter_rwa_raw/WTI_fundings_1h.json,candle_and_funding,validation,pre_roll,unknown_from_public_candle_snapshot,82.636,83.335,81.868,81.902,28430.645,2352752.0106120002,0.00033056,0.0004,long,true,true,1,1,false,0,false,false,,false,-0.00888232731497,true,true,true,eligible,,1785279600000,1785279600
day7-v1,BRENTOIL,159,2026-07-29T00:00:00+00:00,1785283200000,lab/data/lighter_rwa_raw/BRENTOIL_candles_1h.json,lab/data/lighter_rwa_raw/BRENTOIL_fundings_1h.json,candle_and_funding,validation,pre_roll,unknown_from_public_candle_snapshot,84.36,85.01,84.15,84.85,1689.1834999999999,142970.673412,0.00772408,0.0091,long,true,true,1,1,false,0,false,false,,false,0.00580844001897,true,true,true,eligible,,1785283200000,1785283200
day7-v1,WTI,145,2026-07-29T00:00:00+00:00,1785283200000,lab/data/lighter_rwa_raw/WTI_candles_1h.json,lab/data/lighter_rwa_raw/WTI_fundings_1h.json,candle_and_funding,validation,pre_roll,unknown_from_public_candle_snapshot,81.902,82.587,81.488,82.473,54283.64600000001,4443070.444902999,0.00032750,0.0004,long,true,true,1,1,false,0,false,false,,false,0.00697174672169,true,true,true,eligible,,1785283200000,1785283200
day7-v1,BRENTOIL,159,2026-07-29T01:00:00+00:00,1785286800000,lab/data/lighter_rwa_raw/BRENTOIL_candles_1h.json,lab/data/lighter_rwa_raw/BRENTOIL_fundings_1h.json,candle_and_funding,validation,pre_roll,unknown_from_public_candle_snapshot,84.85,85.62,84.83,85.23,310.8282,26511.880270999998,0.00033928,0.0004,long,true,true,1,1,false,0,false,false,,false,0.00447849145551,true,true,true,eligible,,1785286800000,1785286800
day7-v1,WTI,145,2026-07-29T01:00:00+00:00,1785286800000,lab/data/lighter_rwa_raw/WTI_candles_1h.json,lab/data/lighter_rwa_raw/WTI_fundings_1h.json,candle_and_funding,validation,pre_roll,unknown_from_public_candle_snapshot,82.473,83.075,82.358,82.795,2611.826,216073.11552,0.00032984,0.0004,long,true,true,1,1,false,0,false,false,,false,0.00390430807658,true,true,true,eligible,,1785286800000,1785286800
day7-v1,BRENTOIL,159,2026-07-29T02:00:00+00:00,1785290400000,lab/data/lighter_rwa_raw/BRENTOIL_candles_1h.json,lab/data/lighter_rwa_raw/BRENTOIL_fundings_1h.json,candle_and_funding,validation,pre_roll,unknown_from_public_candle_snapshot,85.23,85.31,84.69,84.9,426.2705,36168.513777,0.00034104,0.0004,long,true,true,1,1,false,0,false,false,,false,-0.00387187609996,true,true,true,eligible,,1785290400000,1785290400
day7-v1,WTI,145,2026-07-29T02:00:00+00:00,1785290400000,lab/data/lighter_rwa_raw/WTI_candles_1h.json,lab/data/lighter_rwa_raw/WTI_fundings_1h.json,candle_and_funding,validation,pre_roll,unknown_from_public_candle_snapshot,82.795,82.873,82.09,82.326,2179.215,179858.376495,0.00033104,0.0004,long,true,true,1,1,false,0,false,false,,false,-0.00566459327254,true,true,true,eligible,,1785290400000,1785290400
day7-v1,BRENTOIL,159,2026-07-29T03:00:00+00:00,1785294000000,lab/data/lighter_rwa_raw/BRENTOIL_candles_1h.json,lab/data/lighter_rwa_raw/BRENTOIL_fundings_1h.json,candle_and_funding,validation,pre_roll,unknown_from_public_candle_snapshot,84.9,85.38,84.9,85.35,777.5064,66190.709236,0.00033944,0.0004,long,true,true,1,1,false,0,false,false,,false,0.00530035335689,true,true,true,eligible,,1785294000000,1785294000
day7-v1,WTI,145,2026-07-29T03:00:00+00:00,1785294000000,lab/data/lighter_rwa_raw/WTI_candles_1h.json,lab/data/lighter_rwa_raw/WTI_fundings_1h.json,candle_and_funding,validation,pre_roll,unknown_from_public_candle_snapshot,82.326,82.789,82.326,82.742,1291.698,106622.36675,0.00032918,0.0004,long,true,true,1,1,false,0,false,false,,false,0.005053081651,true,true,true,eligible,,1785294000000,1785294000
day7-v1,BRENTOIL,159,2026-07-29T04:00:00+00:00,1785297600000,lab/data/lighter_rwa_raw/BRENTOIL_candles_1h.json,lab/data/lighter_rwa_raw/BRENTOIL_fundings_1h.json,candle_and_funding,validation,pre_roll,unknown_from_public_candle_snapshot,85.35,85.35,84.51,84.69,1294.5662,109959.808957,0.00034120,0.0004,long,true,true,1,1,false,0,false,false,,false,-0.00773286467487,true,true,true,eligible,,1785297600000,1785297600
day7-v1,WTI,145,2026-07-29T04:00:00+00:00,1785297600000,lab/data/lighter_rwa_raw/WTI_candles_1h.json,lab/data/lighter_rwa_raw/WTI_fundings_1h.json,candle_and_funding,validation,pre_roll,unknown_from_public_candle_snapshot,82.742,82.742,81.938,82.092,1642.039,135432.541631,0.00033078,0.0004,long,true,true,1,1,false,0,false,false,,false,-0.00785574436199,true,true,true,eligible,,1785297600000,1785297600
day7-v1,BRENTOIL,159,2026-07-29T05:00:00+00:00,1785301200000,lab/data/lighter_rwa_raw/BRENTOIL_candles_1h.json,lab/data/lighter_rwa_raw/BRENTOIL_fundings_1h.json,candle_and_funding,validation,pre_roll,unknown_from_public_candle_snapshot,84.69,84.76,84.41,84.72,979.6683,82823.187366,0.00033860,0.0004,long,true,true,1,1,false,0,false,false,,false,0.00035423308537,true,true,true,eligible,,1785301200000,1785301200
day7-v1,WTI,145,2026-07-29T05:00:00+00:00,1785301200000,lab/data/lighter_rwa_raw/WTI_candles_1h.json,lab/data/lighter_rwa_raw/WTI_fundings_1h.json,candle_and_funding,validation,pre_roll,unknown_from_public_candle_snapshot,82.092,82.251,81.861,82.239,1513.143,124059.625861,0.00032820,0.0004,long,true,true,1,1,false,0,false,false,,false,0.00179067387809,true,true,true,eligible,,1785301200000,1785301200
day7-v1,BRENTOIL,159,2026-07-29T06:00:00+00:00,1785304800000,lab/data/lighter_rwa_raw/BRENTOIL_candles_1h.json,lab/data/lighter_rwa_raw/BRENTOIL_fundings_1h.json,candle_and_funding,validation,pre_roll,unknown_from_public_candle_snapshot,84.72,84.96,84.36,84.68,1259.8174,106682.870547,0.00033872,0.0004,long,true,true,1,1,false,0,false,false,,false,-0.000472143531633,true,true,true,eligible,,1785304800000,1785304800
day7-v1,WTI,145,2026-07-29T06:00:00+00:00,1785304800000,lab/data/lighter_rwa_raw/WTI_candles_1h.json,lab/data/lighter_rwa_raw/WTI_fundings_1h.json,candle_and_funding,validation,pre_roll,unknown_from_public_candle_snapshot,82.239,82.434,81.804,82.128,1893.7659999999998,155441.701353,0.00032892,0.0004,long,true,true,1,1,false,0,false,false,,false,-0.00134972458323,true,true,true,eligible,,1785304800000,1785304800
day7-v1,BRENTOIL,159,2026-07-29T07:00:00+00:00,1785308400000,lab/data/lighter_rwa_raw/BRENTOIL_candles_1h.json,lab/data/lighter_rwa_raw/BRENTOIL_fundings_1h.json,candle_and_funding,validation,pre_roll,unknown_from_public_candle_snapshot,84.68,84.9,84.37,84.66,103.8253,8782.115932,0.00033856,0.0004,long,true,true,1,1,false,0,false,false,,false,-0.000236183278224,true,true,true,eligible,,1785308400000,1785308400
day7-v1,WTI,145,2026-07-29T07:00:00+00:00,1785308400000,lab/data/lighter_rwa_raw/WTI_candles_1h.json,lab/data/lighter_rwa_raw/WTI_fundings_1h.json,candle_and_funding,validation,pre_roll,unknown_from_public_candle_snapshot,82.128,82.358,81.762,82.067,1430.749,117343.827971,0.00032840,0.0004,long,true,true,1,1,false,0,false,false,,false,-0.000742743035262,true,true,true,eligible,,1785308400000,1785308400
day7-v1,BRENTOIL,159,2026-07-29T08:00:00+00:00,1785312000000,lab/data/lighter_rwa_raw/BRENTOIL_candles_1h.json,lab/data/lighter_rwa_raw/BRENTOIL_fundings_1h.json,candle_and_funding,validation,pre_roll,unknown_from_public_candle_snapshot,84.66,84.95,84.35,84.66,709.8058,60083.318182999996,0.00033860,0.0004,long,true,true,1,1,false,0,false,false,,false,0,true,true,true,eligible,,1785312000000,1785312000
day7-v1,WTI,145,2026-07-29T08:00:00+00:00,1785312000000,lab/data/lighter_rwa_raw/WTI_candles_1h.json,lab/data/lighter_rwa_raw/WTI_fundings_1h.json,candle_and_funding,validation,pre_roll,unknown_from_public_candle_snapshot,82.067,82.396,81.558,81.9,3227.427,264382.271631,0.00032810,0.0004,long,true,true,1,1,false,0,false,false,,false,-0.00203492268512,true,true,true,eligible,,1785312000000,1785312000
day7-v1,BRENTOIL,159,2026-07-29T09:00:00+00:00,1785315600000,lab/data/lighter_rwa_raw/BRENTOIL_candles_1h.json,lab/data/lighter_rwa_raw/BRENTOIL_fundings_1h.json,candle_and_funding,validation,pre_roll,unknown_from_public_candle_snapshot,84.66,85.05,84.57,84.91,660.2981,56020.098686000005,0.00033848,0.0004,long,true,true,1,1,false,0,false,false,,false,0.00295298842429,true,true,true,eligible,,1785315600000,1785315600
day7-v1,WTI,145,2026-07-29T09:00:00+00:00,1785315600000,lab/data/lighter_rwa_raw/WTI_candles_1h.json,lab/data/lighter_rwa_raw/WTI_fundings_1h.json,candle_and_funding,validation,pre_roll,unknown_from_public_candle_snapshot,81.9,82.322,81.753,82.202,2278.6839999999997,186875.89479,0.00032750,0.0004,long,true,true,1,1,false,0,false,false,,false,0.00368742368742,true,true,true,eligible,,1785315600000,1785315600
day7-v1,BRENTOIL,159,2026-07-29T10:00:00+00:00,1785319200000,lab/data/lighter_rwa_raw/BRENTOIL_candles_1h.json,lab/data/lighter_rwa_raw/BRENTOIL_fundings_1h.json,candle_and_funding,validation,pre_roll,unknown_from_public_candle_snapshot,84.91,86.02,84.79,85.93,1429.4987,122065.442394,0.00033976,0.0004,long,true,true,1,1,false,0,false,false,,false,0.0120127193499,true,true,true,eligible,,1785319200000,1785319200
day7-v1,WTI,145,2026-07-29T10:00:00+00:00,1785319200000,lab/data/lighter_rwa_raw/WTI_candles_1h.json,lab/data/lighter_rwa_raw/WTI_fundings_1h.json,candle_and_funding,validation,pre_roll,unknown_from_public_candle_snapshot,82.202,83.278,82.015,83.203,4686.385,388211.003574,0.00032866,0.0004,long,true,true,1,1,false,0,false,false,,false,0.0121773192866,true,true,true,eligible,,1785319200000,1785319200
day7-v1,BRENTOIL,159,2026-07-29T11:00:00+00:00,1785322800000,lab/data/lighter_rwa_raw/BRENTOIL_candles_1h.json,lab/data/lighter_rwa_raw/BRENTOIL_fundings_1h.json,candle_and_funding,validation,pre_roll,unknown_from_public_candle_snapshot,85.93,85.98,85.23,85.32,1944.2434,166353.759467,0.00034360,0.0004,long,true,true,1,1,false,0,false,false,,false,-0.00709880134994,true,true,true,eligible,,1785322800000,1785322800
day7-v1,WTI,145,2026-07-29T11:00:00+00:00,1785322800000,lab/data/lighter_rwa_raw/WTI_candles_1h.json,lab/data/lighter_rwa_raw/WTI_fundings_1h.json,candle_and_funding,validation,pre_roll,unknown_from_public_candle_snapshot,83.203,83.318,82.401,82.552,7646.284,632417.891524,0.00033272,0.0004,long,true,true,1,1,false,0,false,false,,false,-0.00782423710683,true,true,true,eligible,,1785322800000,1785322800
day7-v1,BRENTOIL,159,2026-07-29T12:00:00+00:00,1785326400000,lab/data/lighter_rwa_raw/BRENTOIL_candles_1h.json,lab/data/lighter_rwa_raw/BRENTOIL_fundings_1h.json,candle_and_funding,validation,pre_roll,unknown_from_public_candle_snapshot,85.32,87.21,85.26,86.9,2075.3009,179930.858123,0.00034100,0.0004,long,true,true,1,1,false,0,false,false,,false,0.0185185185185,true,true,true,eligible,,1785326400000,1785326400
day7-v1,WTI,145,2026-07-29T12:00:00+00:00,1785326400000,lab/data/lighter_rwa_raw/WTI_candles_1h.json,lab/data/lighter_rwa_raw/WTI_fundings_1h.json,candle_and_funding,validation,pre_roll,unknown_from_public_candle_snapshot,82.552,84.774,82.512,84.547,11107.7,927111.4843120001,0.00033020,0.0004,long,true,true,1,1,false,0,false,false,,false,0.0241665859095,true,true,true,eligible,,1785326400000,1785326400
day7-v1,BRENTOIL,159,2026-07-29T13:00:00+00:00,1785330000000,lab/data/lighter_rwa_raw/BRENTOIL_candles_1h.json,lab/data/lighter_rwa_raw/BRENTOIL_fundings_1h.json,candle_and_funding,validation,pre_roll,unknown_from_public_candle_snapshot,86.9,87.3,86.62,87.25,1500.8706,130475.58730200001,0.00034740,0.0004,long,true,true,1,1,false,0,false,false,,false,0.00402761795167,true,true,true,eligible,,1785330000000,1785330000
day7-v1,WTI,145,2026-07-29T13:00:00+00:00,1785330000000,lab/data/lighter_rwa_raw/WTI_candles_1h.json,lab/data/lighter_rwa_raw/WTI_fundings_1h.json,candle_and_funding,validation,pre_roll,unknown_from_public_candle_snapshot,84.547,84.94,84.159,84.862,5878.516,496847.538049,0.00033816,0.0004,long,true,true,1,1,false,0,false,false,,false,0.00372573834672,true,true,true,eligible,,1785330000000,1785330000
day7-v1,BRENTOIL,159,2026-07-29T14:00:00+00:00,1785333600000,lab/data/lighter_rwa_raw/BRENTOIL_candles_1h.json,lab/data/lighter_rwa_raw/BRENTOIL_fundings_1h.json,candle_and_funding,validation,pre_roll,unknown_from_public_candle_snapshot,87.25,87.97,86.89,87.97,1943.5278,169856.934485,0.00034908,0.0004,long,true,true,1,1,false,0,false,false,,false,0.00825214899713,true,true,true,eligible,,1785333600000,1785333600
day7-v1,WTI,145,2026-07-29T14:00:00+00:00,1785333600000,lab/data/lighter_rwa_raw/WTI_candles_1h.json,lab/data/lighter_rwa_raw/WTI_fundings_1h.json,candle_and_funding,validation,pre_roll,unknown_from_public_candle_snapshot,84.862,85.452,84.36,85.384,2955.699,250730.298764,0.00033948,0.0004,long,true,true,1,1,false,0,false,false,,false,0.00615116306474,true,true,true,eligible,,1785333600000,1785333600
day7-v1,BRENTOIL,159,2026-07-29T15:00:00+00:00,1785337200000,lab/data/lighter_rwa_raw/BRENTOIL_candles_1h.json,lab/data/lighter_rwa_raw/BRENTOIL_fundings_1h.json,candle_and_funding,validation,pre_roll,unknown_from_public_candle_snapshot,87.97,88.05,87.43,87.96,2026.2824,177663.551483,0.00035164,0.0004,long,true,true,1,1,false,0,false,false,,false,-0.000113675116517,true,true,true,eligible,,1785337200000,1785337200
day7-v1,WTI,145,2026-07-29T15:00:00+00:00,1785337200000,lab/data/lighter_rwa_raw/WTI_candles_1h.json,lab/data/lighter_rwa_raw/WTI_fundings_1h.json,candle_and_funding,validation,pre_roll,unknown_from_public_candle_snapshot,85.384,85.545,84.418,85.034,5624.681,476512.929255,0.00034148,0.0004,long,true,true,1,1,false,0,false,false,,false,-0.00409912864237,true,true,true,eligible,,1785337200000,1785337200
day7-v1,BRENTOIL,159,2026-07-29T16:00:00+00:00,1785340800000,lab/data/lighter_rwa_raw/BRENTOIL_candles_1h.json,lab/data/lighter_rwa_raw/BRENTOIL_fundings_1h.json,candle_and_funding,validation,pre_roll,unknown_from_public_candle_snapshot,87.96,88.18,87.49,87.83,3356.5715,294280.180193,0.00035168,0.0004,long,true,true,1,1,false,0,false,false,,false,-0.00147794452024,true,true,true,eligible,,1785340800000,1785340800
day7-v1,WTI,145,2026-07-29T16:00:00+00:00,1785340800000,lab/data/lighter_rwa_raw/WTI_candles_1h.json,lab/data/lighter_rwa_raw/WTI_fundings_1h.json,candle_and_funding,validation,pre_roll,unknown_from_public_candle_snapshot,85.034,85.246,84.221,84.629,3440.42,291035.727271,0.00033992,0.0004,long,true,true,1,1,false,0,false,false,,false,-0.00476280076205,true,true,true,eligible,,1785340800000,1785340800
day7-v1,BRENTOIL,159,2026-07-29T17:00:00+00:00,1785344400000,lab/data/lighter_rwa_raw/BRENTOIL_candles_1h.json,lab/data/lighter_rwa_raw/BRENTOIL_fundings_1h.json,candle_and_funding,validation,pre_roll,unknown_from_public_candle_snapshot,87.83,87.93,87.51,87.8,2253.6864,197747.191113,0.00035132,0.0004,long,true,true,1,1,false,0,false,false,,false,-0.000341568939998,true,true,true,eligible,,1785344400000,1785344400
day7-v1,WTI,145,2026-07-29T17:00:00+00:00,1785344400000,lab/data/lighter_rwa_raw/WTI_candles_1h.json,lab/data/lighter_rwa_raw/WTI_fundings_1h.json,candle_and_funding,validation,pre_roll,unknown_from_public_candle_snapshot,84.629,84.823,84.344,84.598,3675.027,310740.801799,0.00033834,0.0004,long,true,true,1,1,false,0,false,false,,false,-0.000366304694608,true,true,true,eligible,,1785344400000,1785344400
day7-v1,BRENTOIL,159,2026-07-29T18:00:00+00:00,1785348000000,lab/data/lighter_rwa_raw/BRENTOIL_candles_1h.json,lab/data/lighter_rwa_raw/BRENTOIL_fundings_1h.json,candle_and_funding,validation,pre_roll,unknown_from_public_candle_snapshot,87.8,88.34,87.71,87.77,5215.7765,459256.100864,0.00035140,0.0004,long,true,true,1,1,false,0,false,false,,false,-0.000341685649203,true,true,true,eligible,,1785348000000,1785348000
day7-v1,WTI,145,2026-07-29T18:00:00+00:00,1785348000000,lab/data/lighter_rwa_raw/WTI_candles_1h.json,lab/data/lighter_rwa_raw/WTI_fundings_1h.json,candle_and_funding,validation,pre_roll,unknown_from_public_candle_snapshot,84.598,84.979,84.422,84.475,6518.152,551868.02495,0.00033834,0.0004,long,true,true,1,1,false,0,false,false,,false,-0.00145393508121,true,true,true,eligible,,1785348000000,1785348000
day7-v1,BRENTOIL,159,2026-07-29T19:00:00+00:00,1785351600000,lab/data/lighter_rwa_raw/BRENTOIL_candles_1h.json,lab/data/lighter_rwa_raw/BRENTOIL_fundings_1h.json,candle_and_funding,validation,pre_roll,unknown_from_public_candle_snapshot,87.77,88.58,87.48,88.25,2946.627,258950.59338500001,0.00035116,0.0004,long,true,true,1,1,false,0,false,false,,false,0.00546883901105,true,true,true,eligible,,1785351600000,1785351600
day7-v1,WTI,145,2026-07-29T19:00:00+00:00,1785351600000,lab/data/lighter_rwa_raw/WTI_candles_1h.json,lab/data/lighter_rwa_raw/WTI_fundings_1h.json,candle_and_funding,validation,pre_roll,unknown_from_public_candle_snapshot,84.475,85.27,84.076,84.926,14315.444,1209543.657904,0.00033774,0.0004,long,true,true,1,1,false,0,false,false,,false,0.00533885765019,true,true,true,eligible,,1785351600000,1785351600
day7-v1,BRENTOIL,159,2026-07-29T20:00:00+00:00,1785355200000,lab/data/lighter_rwa_raw/BRENTOIL_candles_1h.json,lab/data/lighter_rwa_raw/BRENTOIL_fundings_1h.json,candle_and_funding,validation,pre_roll,unknown_from_public_candle_snapshot,88.25,88.52,88.03,88.13,3403.3076,300510.635021,0.00035304,0.0004,long,true,true,1,1,false,0,false,false,,false,-0.0013597733711,true,true,true,eligible,,1785355200000,1785355200
day7-v1,WTI,145,2026-07-29T20:00:00+00:00,1785355200000,lab/data/lighter_rwa_raw/WTI_candles_1h.json,lab/data/lighter_rwa_raw/WTI_fundings_1h.json,candle_and_funding,validation,pre_roll,unknown_from_public_candle_snapshot,84.926,85.056,84.595,84.681,2714.14,230171.679336,0.00033952,0.0004,long,true,true,1,1,false,0,false,false,,false,-0.00288486447024,true,true,true,eligible,,1785355200000,1785355200
day7-v1,BRENTOIL,159,2026-07-29T21:00:00+00:00,1785358800000,lab/data/lighter_rwa_raw/BRENTOIL_candles_1h.json,lab/data/lighter_rwa_raw/BRENTOIL_fundings_1h.json,candle_and_funding,validation,pre_roll,unknown_from_public_candle_snapshot,88.13,88.6,88.02,88.17,3222.8638,284847.097305,0.00035248,0.0004,long,true,true,1,1,false,0,false,false,,false,0.000453874957449,true,true,true,eligible,,1785358800000,1785358800
day7-v1,WTI,145,2026-07-29T21:00:00+00:00,1785358800000,lab/data/lighter_rwa_raw/WTI_candles_1h.json,lab/data/lighter_rwa_raw/WTI_fundings_1h.json,candle_and_funding,validation,pre_roll,unknown_from_public_candle_snapshot,84.681,85.26,84.671,84.788,7799.682,663267.994523,0.00033858,0.0004,long,true,true,1,1,false,0,false,false,,false,0.00126356561684,true,true,true,eligible,,1785358800000,1785358800
day7-v1,BRENTOIL,159,2026-07-29T22:00:00+00:00,1785362400000,lab/data/lighter_rwa_raw/BRENTOIL_candles_1h.json,lab/data/lighter_rwa_raw/BRENTOIL_fundings_1h.json,candle_and_funding,validation,pre_roll,unknown_from_public_candle_snapshot,88.17,88.17,87.71,87.83,1571.6135,137998.996332,0.00343356,0.0039,long,true,true,1,1,false,0,false,false,,false,-0.00385618691165,true,true,true,eligible,,1785362400000,1785362400
day7-v1,WTI,145,2026-07-29T22:00:00+00:00,1785362400000,lab/data/lighter_rwa_raw/WTI_candles_1h.json,lab/data/lighter_rwa_raw/WTI_fundings_1h.json,candle_and_funding,validation,pre_roll,unknown_from_public_candle_snapshot,84.788,84.788,84.293,84.494,10267.888,867443.80453,0.00365332,0.0043,long,true,true,1,1,false,0,false,false,,false,-0.00346747181205,true,true,true,eligible,,1785362400000,1785362400
day7-v1,BRENTOIL,159,2026-07-29T23:00:00+00:00,1785366000000,lab/data/lighter_rwa_raw/BRENTOIL_candles_1h.json,lab/data/lighter_rwa_raw/BRENTOIL_fundings_1h.json,candle_and_funding,validation,pre_roll,unknown_from_public_candle_snapshot,87.83,88.05,87.63,87.64,1386.471,121779.873563,0.00035144,0.0004,long,true,true,1,1,false,0,false,false,,false,-0.00216326995332,true,true,true,eligible,,1785366000000,1785366000
day7-v1,WTI,145,2026-07-29T23:00:00+00:00,1785366000000,lab/data/lighter_rwa_raw/WTI_candles_1h.json,lab/data/lighter_rwa_raw/WTI_fundings_1h.json,candle_and_funding,validation,pre_roll,unknown_from_public_candle_snapshot,84.494,84.792,84.204,84.269,6321.4800000000005,533491.490003,0.00033766,0.0004,long,true,true,1,1,false,0,false,false,,false,-0.00266291097593,true,true,true,eligible,,1785366000000,1785366000
day7-v1,BRENTOIL,159,2026-07-30T00:00:00+00:00,1785369600000,lab/data/lighter_rwa_raw/BRENTOIL_candles_1h.json,lab/data/lighter_rwa_raw/BRENTOIL_fundings_1h.json,candle_and_funding,validation,pre_roll,unknown_from_public_candle_snapshot,87.64,88.13,86.93,88.13,2349.3015,205562.95574499998,0.00035112,0.0004,long,true,true,1,1,false,0,false,false,,false,0.0055910543131,true,true,true,eligible,,1785369600000,1785369600
day7-v1,WTI,145,2026-07-30T00:00:00+00:00,1785369600000,lab/data/lighter_rwa_raw/WTI_candles_1h.json,lab/data/lighter_rwa_raw/WTI_fundings_1h.json,candle_and_funding,validation,pre_roll,unknown_from_public_candle_snapshot,84.269,84.658,83.384,84.591,11566.347,971603.032279,0.00033680,0.0004,long,true,true,1,1,false,0,false,false,,false,0.00382109672596,true,true,true,eligible,,1785369600000,1785369600
day7-v1,BRENTOIL,159,2026-07-30T01:00:00+00:00,1785373200000,lab/data/lighter_rwa_raw/BRENTOIL_candles_1h.json,lab/data/lighter_rwa_raw/BRENTOIL_fundings_1h.json,candle_and_funding,validation,pre_roll,unknown_from_public_candle_snapshot,88.13,88.13,87.21,87.29,690.5902,60445.185521,0.00035232,0.0004,long,true,true,1,1,false,0,false,false,,false,-0.00953137410643,true,true,true,eligible,,1785373200000,1785373200
day7-v1,WTI,145,2026-07-30T01:00:00+00:00,1785373200000,lab/data/lighter_rwa_raw/WTI_candles_1h.json,lab/data/lighter_rwa_raw/WTI_fundings_1h.json,candle_and_funding,validation,pre_roll,unknown_from_public_candle_snapshot,84.591,84.591,83.725,83.829,3628.5190000000002,304944.72088700003,0.00033812,0.0004,long,true,true,1,1,false,0,false,false,,false,-0.00900805050183,true,true,true,eligible,,1785373200000,1785373200
day7-v1,BRENTOIL,159,2026-07-30T02:00:00+00:00,1785376800000,lab/data/lighter_rwa_raw/BRENTOIL_candles_1h.json,lab/data/lighter_rwa_raw/BRENTOIL_fundings_1h.json,candle_and_funding,validation,pre_roll,unknown_from_public_candle_snapshot,87.29,87.29,86.76,86.98,2227.1149,193810.965758,0.00034916,0.0004,long,true,true,1,1,false,0,false,false,,false,-0.00355138045595,true,true,true,eligible,,1785376800000,1785376800
day7-v1,WTI,145,2026-07-30T02:00:00+00:00,1785376800000,lab/data/lighter_rwa_raw/WTI_candles_1h.json,lab/data/lighter_rwa_raw/WTI_fundings_1h.json,candle_and_funding,validation,pre_roll,unknown_from_public_candle_snapshot,83.829,83.846,83.296,83.484,2996.255,250382.931599,0.00033516,0.0004,long,true,true,1,1,false,0,false,false,,false,-0.0041155208818,true,true,true,eligible,,1785376800000,1785376800
day7-v1,BRENTOIL,159,2026-07-30T03:00:00+00:00,1785380400000,lab/data/lighter_rwa_raw/BRENTOIL_candles_1h.json,lab/data/lighter_rwa_raw/BRENTOIL_fundings_1h.json,candle_and_funding,validation,pre_roll,unknown_from_public_candle_snapshot,86.98,87.29,86.82,87.23,459.7678,40034.270706999996,0.00034788,0.0004,long,true,true,1,1,false,0,false,false,,false,0.00287422395953,true,true,true,eligible,,1785380400000,1785380400
day7-v1,WTI,145,2026-07-30T03:00:00+00:00,1785380400000,lab/data/lighter_rwa_raw/WTI_candles_1h.json,lab/data/lighter_rwa_raw/WTI_fundings_1h.json,candle_and_funding,validation,pre_roll,unknown_from_public_candle_snapshot,83.484,83.809,83.304,83.704,1094.287,91470.607699,0.00033372,0.0004,long,true,true,1,1,false,0,false,false,,false,0.00263523549423,true,true,true,eligible,,1785380400000,1785380400
day7-v1,BRENTOIL,159,2026-07-30T04:00:00+00:00,1785384000000,lab/data/lighter_rwa_raw/BRENTOIL_candles_1h.json,lab/data/lighter_rwa_raw/BRENTOIL_fundings_1h.json,candle_and_funding,validation,pre_roll,unknown_from_public_candle_snapshot,87.23,87.66,87.2,87.66,228.3362,19932.439362999998,0.00034876,0.0004,long,true,true,1,1,false,0,false,false,,false,0.00492949673278,true,true,true,eligible,,1785384000000,1785384000
day7-v1,WTI,145,2026-07-30T04:00:00+00:00,1785384000000,lab/data/lighter_rwa_raw/WTI_candles_1h.json,lab/data/lighter_rwa_raw/WTI_fundings_1h.json,candle_and_funding,validation,pre_roll,unknown_from_public_candle_snapshot,83.704,84.23,83.702,84.135,1468.214,123094.241562,0.00033456,0.0004,long,true,true,1,1,false,0,false,false,,false,0.00514909681736,true,true,true,eligible,,1785384000000,1785384000
day7-v1,BRENTOIL,159,2026-07-30T05:00:00+00:00,1785387600000,lab/data/lighter_rwa_raw/BRENTOIL_candles_1h.json,lab/data/lighter_rwa_raw/BRENTOIL_fundings_1h.json,candle_and_funding,validation,pre_roll,unknown_from_public_candle_snapshot,87.66,89.02,87.57,88.94,3033.2313,268933.328061,0.00035036,0.0004,long,true,true,1,1,false,0,false,false,,false,0.0146018708647,true,true,true,eligible,,1785387600000,1785387600
day7-v1,WTI,145,2026-07-30T05:00:00+00:00,1785387600000,lab/data/lighter_rwa_raw/WTI_candles_1h.json,lab/data/lighter_rwa_raw/WTI_fundings_1h.json,candle_and_funding,validation,pre_roll,unknown_from_public_candle_snapshot,84.135,85.387,84.049,85.251,7528.456,638663.525392,0.00033624,0.0004,long,true,true,1,1,false,0,false,false,,false,0.0132643965056,true,true,true,eligible,,1785387600000,1785387600
day7-v1,BRENTOIL,159,2026-07-30T06:00:00+00:00,1785391200000,lab/data/lighter_rwa_raw/BRENTOIL_candles_1h.json,lab/data/lighter_rwa_raw/BRENTOIL_fundings_1h.json,candle_and_funding,validation,pre_roll,unknown_from_public_candle_snapshot,88.94,89.46,88.8,89.18,1344.8684,120035.95259900001,0.00035620,0.0004,long,true,true,1,1,false,0,false,false,,false,0.00269844839217,true,true,true,eligible,,1785391200000,1785391200
day7-v1,WTI,145,2026-07-30T06:00:00+00:00,1785391200000,lab/data/lighter_rwa_raw/WTI_candles_1h.json,lab/data/lighter_rwa_raw/WTI_fundings_1h.json,candle_and_funding,validation,pre_roll,unknown_from_public_candle_snapshot,85.251,85.875,85.102,85.388,3119.214,266885.20356,0.00034093,0.0004,long,true,true,1,1,false,0,false,false,,false,0.0016070192725,true,true,true,eligible,,1785391200000,1785391200
day7-v1,BRENTOIL,159,2026-07-30T07:00:00+00:00,1785394800000,lab/data/lighter_rwa_raw/BRENTOIL_candles_1h.json,lab/data/lighter_rwa_raw/BRENTOIL_fundings_1h.json,candle_and_funding,validation,pre_roll,unknown_from_public_candle_snapshot,89.18,89.27,88.31,88.45,2046.9548,181626.550325,0.00035688,0.0004,long,true,true,1,1,false,0,false,false,,false,-0.00818569185916,true,true,true,eligible,,1785394800000,1785394800
day7-v1,WTI,145,2026-07-30T07:00:00+00:00,1785394800000,lab/data/lighter_rwa_raw/WTI_candles_1h.json,lab/data/lighter_rwa_raw/WTI_fundings_1h.json,candle_and_funding,validation,pre_roll,unknown_from_public_candle_snapshot,85.388,85.945,84.606,85.222,5794.884,493981.236639,0.00034126,0.0004,long,true,true,1,1,false,0,false,false,,false,-0.00194406708203,true,true,true,eligible,,1785394800000,1785394800
day7-v1,BRENTOIL,159,2026-07-30T08:00:00+00:00,1785398400000,lab/data/lighter_rwa_raw/BRENTOIL_candles_1h.json,lab/data/lighter_rwa_raw/BRENTOIL_fundings_1h.json,candle_and_funding,validation,pre_roll,unknown_from_public_candle_snapshot,88.45,88.71,87.8,88.38,1094.8491,96450.747064,0.00035420,0.0004,long,true,true,1,1,false,0,false,false,,false,-0.000791407574901,true,true,true,eligible,,1785398400000,1785398400
day7-v1,WTI,145,2026-07-30T08:00:00+00:00,1785398400000,lab/data/lighter_rwa_raw/WTI_candles_1h.json,lab/data/lighter_rwa_raw/WTI_fundings_1h.json,candle_and_funding,validation,pre_roll,unknown_from_public_candle_snapshot,85.222,85.405,84.373,84.823,3417.095,289937.674343,0.00034072,0.0004,long,true,true,1,1,false,0,false,false,,false,-0.00468188965291,true,true,true,eligible,,1785398400000,1785398400
day7-v1,BRENTOIL,159,2026-07-30T09:00:00+00:00,1785402000000,lab/data/lighter_rwa_raw/BRENTOIL_candles_1h.json,lab/data/lighter_rwa_raw/BRENTOIL_fundings_1h.json,candle_and_funding,validation,pre_roll,unknown_from_public_candle_snapshot,88.38,88.38,87.33,88.05,2542.7169,223094.156319,0.00035332,0.0004,long,true,true,1,1,false,0,false,false,,false,-0.00373387644263,true,true,true,eligible,,1785402000000,1785402000
day7-v1,WTI,145,2026-07-30T09:00:00+00:00,1785402000000,lab/data/lighter_rwa_raw/WTI_candles_1h.json,lab/data/lighter_rwa_raw/WTI_fundings_1h.json,candle_and_funding,validation,pre_roll,unknown_from_public_candle_snapshot,84.823,84.849,83.91,84.51,4525.775,381298.331126,0.00033920,0.0004,long,true,true,1,1,false,0,false,false,,false,-0.00369003690037,true,true,true,eligible,,1785402000000,1785402000
day7-v1,BRENTOIL,159,2026-07-30T10:00:00+00:00,1785405600000,lab/data/lighter_rwa_raw/BRENTOIL_candles_1h.json,lab/data/lighter_rwa_raw/BRENTOIL_fundings_1h.json,candle_and_funding,validation,pre_roll,unknown_from_public_candle_snapshot,88.05,88.18,86.87,87.25,536.428,47025.702775,0.00035224,0.0004,long,true,true,1,1,false,0,false,false,,false,-0.00908574673481,true,true,true,eligible,,1785405600000,1785405600
day7-v1,WTI,145,2026-07-30T10:00:00+00:00,1785405600000,lab/data/lighter_rwa_raw/WTI_candles_1h.json,lab/data/lighter_rwa_raw/WTI_fundings_1h.json,candle_and_funding,validation,pre_roll,unknown_from_public_candle_snapshot,84.51,84.682,83.341,83.769,11705.905999999999,977901.783173,0.00033784,0.0004,long,true,true,1,1,false,0,false,false,,false,-0.00876819311324,true,true,true,eligible,,1785405600000,1785405600
day7-v1,BRENTOIL,159,2026-07-30T11:00:00+00:00,1785409200000,lab/data/lighter_rwa_raw/BRENTOIL_candles_1h.json,lab/data/lighter_rwa_raw/BRENTOIL_fundings_1h.json,candle_and_funding,validation,pre_roll,unknown_from_public_candle_snapshot,87.25,87.54,87.05,87.06,928.8317999999999,80967.52549900001,0.00034956,0.0004,long,true,true,1,1,false,0,false,false,,false,-0.0021776504298,true,true,true,eligible,,1785409200000,1785409200
day7-v1,WTI,145,2026-07-30T11:00:00+00:00,1785409200000,lab/data/lighter_rwa_raw/WTI_candles_1h.json,lab/data/lighter_rwa_raw/WTI_fundings_1h.json,candle_and_funding,validation,pre_roll,unknown_from_public_candle_snapshot,83.769,83.957,83.355,83.555,2739.936,229300.158451,0.00033504,0.0004,long,true,true,1,1,false,0,false,false,,false,-0.0025546443195,true,true,true,eligible,,1785409200000,1785409200
day7-v1,BRENTOIL,159,2026-07-30T12:00:00+00:00,1785412800000,lab/data/lighter_rwa_raw/BRENTOIL_candles_1h.json,lab/data/lighter_rwa_raw/BRENTOIL_fundings_1h.json,candle_and_funding,validation,pre_roll,unknown_from_public_candle_snapshot,87.06,87.58,87.06,87.53,1502.6805,131164.164086,0.00034844,0.0004,long,true,true,1,1,false,0,false,false,,false,0.00539857569492,true,true,true,eligible,,1785412800000,1785412800
day7-v1,WTI,145,2026-07-30T12:00:00+00:00,1785412800000,lab/data/lighter_rwa_raw/WTI_candles_1h.json,lab/data/lighter_rwa_raw/WTI_fundings_1h.json,candle_and_funding,validation,pre_roll,unknown_from_public_candle_snapshot,83.555,84.494,83.47,84.494,3816.891,320158.040704,0.00033413,0.0004,long,true,true,1,1,false,0,false,false,,false,0.0112381066363,true,true,true,eligible,,1785412800000,1785412800
day7-v1,BRENTOIL,159,2026-07-30T13:00:00+00:00,1785416400000,lab/data/lighter_rwa_raw/BRENTOIL_candles_1h.json,lab/data/lighter_rwa_raw/BRENTOIL_fundings_1h.json,candle_and_funding,validation,pre_roll,unknown_from_public_candle_snapshot,87.53,87.59,86.34,86.85,1658.3668,144169.19211899998,0.00035024,0.0004,long,true,true,1,1,false,0,false,false,,false,-0.00776876499486,true,true,true,eligible,,1785416400000,1785416400
day7-v1,WTI,145,2026-07-30T13:00:00+00:00,1785416400000,lab/data/lighter_rwa_raw/WTI_candles_1h.json,lab/data/lighter_rwa_raw/WTI_fundings_1h.json,candle_and_funding,validation,pre_roll,unknown_from_public_candle_snapshot,84.494,84.494,83.086,83.74,4257.2699999999995,356622.388729,0.00033784,0.0004,long,true,true,1,1,false,0,false,false,,false,-0.00892371055933,true,true,true,eligible,,1785416400000,1785416400
day7-v1,BRENTOIL,159,2026-07-30T14:00:00+00:00,1785420000000,lab/data/lighter_rwa_raw/BRENTOIL_candles_1h.json,lab/data/lighter_rwa_raw/BRENTOIL_fundings_1h.json,candle_and_funding,validation,pre_roll,unknown_from_public_candle_snapshot,86.85,87.33,86.79,87.15,1716.6364,149335.85697,0.00034740,0.0004,long,true,true,1,1,false,0,false,false,,false,0.00345423143351,true,true,true,eligible,,1785420000000,1785420000
day7-v1,WTI,145,2026-07-30T14:00:00+00:00,1785420000000,lab/data/lighter_rwa_raw/WTI_candles_1h.json,lab/data/lighter_rwa_raw/WTI_fundings_1h.json,candle_and_funding,validation,pre_roll,unknown_from_public_candle_snapshot,83.74,84.441,83.629,84.21,19224.621,1614680.919131,0.00033500,0.0004,long,true,true,1,1,false,0,false,false,,false,0.00561261046095,true,true,true,eligible,,1785420000000,1785420000
day7-v1,BRENTOIL,159,2026-07-30T15:00:00+00:00,1785423600000,lab/data/lighter_rwa_raw/BRENTOIL_candles_1h.json,lab/data/lighter_rwa_raw/BRENTOIL_fundings_1h.json,candle_and_funding,validation,pre_roll,unknown_from_public_candle_snapshot,87.15,87.72,86.74,87.08,2152.7094,187634.319543,0.00034872,0.0004,long,true,true,1,1,false,0,false,false,,false,-0.000803212851406,true,true,true,eligible,,1785423600000,1785423600
day7-v1,WTI,145,2026-07-30T15:00:00+00:00,1785423600000,lab/data/lighter_rwa_raw/WTI_candles_1h.json,lab/data/lighter_rwa_raw/WTI_fundings_1h.json,candle_and_funding,validation,pre_roll,unknown_from_public_candle_snapshot,84.21,84.823,83.624,84.049,13113.112,1101761.908483,0.00033683,0.0004,long,true,true,1,1,false,0,false,false,,false,-0.00191188694929,true,true,true,eligible,,1785423600000,1785423600
day7-v1,BRENTOIL,159,2026-07-30T16:00:00+00:00,1785427200000,lab/data/lighter_rwa_raw/BRENTOIL_candles_1h.json,lab/data/lighter_rwa_raw/BRENTOIL_fundings_1h.json,candle_and_funding,validation,pre_roll,unknown_from_public_candle_snapshot,87.08,87.32,86.73,87.19,931.9108,81071.171936,0.00034828,0.0004,long,true,true,1,1,false,0,false,false,,false,0.00126320624713,true,true,true,eligible,,1785427200000,1785427200
day7-v1,WTI,145,2026-07-30T16:00:00+00:00,1785427200000,lab/data/lighter_rwa_raw/WTI_candles_1h.json,lab/data/lighter_rwa_raw/WTI_fundings_1h.json,candle_and_funding,validation,pre_roll,unknown_from_public_candle_snapshot,84.049,84.267,83.547,84.133,2408.986,202212.762643,0.00033624,0.0004,long,true,true,1,1,false,0,false,false,,false,0.000999417006746,true,true,true,eligible,,1785427200000,1785427200
day7-v1,BRENTOIL,159,2026-07-30T17:00:00+00:00,1785430800000,lab/data/lighter_rwa_raw/BRENTOIL_candles_1h.json,lab/data/lighter_rwa_raw/BRENTOIL_fundings_1h.json,candle_and_funding,validation,pre_roll,unknown_from_public_candle_snapshot,87.19,87.38,86.83,87.13,4076.1043999999997,354654.651317,0.00034860,0.0004,long,true,true,1,1,false,0,false,false,,false,-0.000688152311045,true,true,true,eligible,,1785430800000,1785430800
day7-v1,WTI,145,2026-07-30T17:00:00+00:00,1785430800000,lab/data/lighter_rwa_raw/WTI_candles_1h.json,lab/data/lighter_rwa_raw/WTI_fundings_1h.json,candle_and_funding,validation,pre_roll,unknown_from_public_candle_snapshot,84.133,84.358,83.697,84.073,6113.415,513735.50089,0.00033638,0.0004,long,true,true,1,1,false,0,false,false,,false,-0.000713156549749,true,true,true,eligible,,1785430800000,1785430800
day7-v1,BRENTOIL,159,2026-07-30T18:00:00+00:00,1785434400000,lab/data/lighter_rwa_raw/BRENTOIL_candles_1h.json,lab/data/lighter_rwa_raw/BRENTOIL_fundings_1h.json,candle_and_funding,validation,pre_roll,unknown_from_public_candle_snapshot,87.13,87.29,86.83,86.89,518.9449999999999,45140.251577999996,0.00034828,0.0004,long,true,true,1,1,false,0,false,false,,false,-0.002754504763,true,true,true,eligible,,1785434400000,1785434400
day7-v1,WTI,145,2026-07-30T18:00:00+00:00,1785434400000,lab/data/lighter_rwa_raw/WTI_candles_1h.json,lab/data/lighter_rwa_raw/WTI_fundings_1h.json,candle_and_funding,validation,pre_roll,unknown_from_public_candle_snapshot,84.073,84.271,83.526,83.575,1799.366,150995.679598,0.00033626,0.0004,long,true,true,1,1,false,0,false,false,,false,-0.00592342369132,true,true,true,eligible,,1785434400000,1785434400
day7-v1,BRENTOIL,159,2026-07-30T19:00:00+00:00,1785438000000,lab/data/lighter_rwa_raw/BRENTOIL_candles_1h.json,lab/data/lighter_rwa_raw/BRENTOIL_fundings_1h.json,candle_and_funding,test,pre_roll,unknown_from_public_candle_snapshot,86.89,87.05,86.77,86.94,499.4349,43378.934199,0.00034728,0.0004,long,true,true,1,1,false,0,false,false,,false,0.000575440211762,true,true,true,eligible,,1785438000000,1785438000
day7-v1,WTI,145,2026-07-30T19:00:00+00:00,1785438000000,lab/data/lighter_rwa_raw/WTI_candles_1h.json,lab/data/lighter_rwa_raw/WTI_fundings_1h.json,candle_and_funding,test,pre_roll,unknown_from_public_candle_snapshot,83.575,83.815,83.465,83.658,3193.725,267025.46963899996,0.00033410,0.0004,long,true,true,1,1,false,0,false,false,,false,0.000993119952139,true,true,true,eligible,,1785438000000,1785438000
day7-v1,BRENTOIL,159,2026-07-30T20:00:00+00:00,1785441600000,lab/data/lighter_rwa_raw/BRENTOIL_candles_1h.json,lab/data/lighter_rwa_raw/BRENTOIL_fundings_1h.json,candle_and_funding,test,pre_roll,unknown_from_public_candle_snapshot,86.94,87.45,86.89,87.29,1361.841,118836.75187800001,0.00034780,0.0004,long,true,true,1,1,false,0,false,false,,false,0.00402576489533,true,true,true,eligible,,1785441600000,1785441600
day7-v1,WTI,145,2026-07-30T20:00:00+00:00,1785441600000,lab/data/lighter_rwa_raw/WTI_candles_1h.json,lab/data/lighter_rwa_raw/WTI_fundings_1h.json,candle_and_funding,test,pre_roll,unknown_from_public_candle_snapshot,83.658,84.203,83.599,83.93,1229.6,103265.373266,0.00033464,0.0004,long,true,true,1,1,false,0,false,false,,false,0.00325133280738,true,true,true,eligible,,1785441600000,1785441600
day7-v1,BRENTOIL,159,2026-07-30T21:00:00+00:00,1785445200000,lab/data/lighter_rwa_raw/BRENTOIL_candles_1h.json,lab/data/lighter_rwa_raw/BRENTOIL_fundings_1h.json,candle_and_funding,test,pre_roll,unknown_from_public_candle_snapshot,87.29,87.29,87.05,87.12,967.0602,84290.097238,0.00034884,0.0004,long,true,true,1,1,false,0,false,false,,false,-0.00194753121778,true,true,true,eligible,,1785445200000,1785445200
day7-v1,WTI,145,2026-07-30T21:00:00+00:00,1785445200000,lab/data/lighter_rwa_raw/WTI_candles_1h.json,lab/data/lighter_rwa_raw/WTI_fundings_1h.json,candle_and_funding,test,pre_roll,unknown_from_public_candle_snapshot,83.93,84.07,83.78,83.894,10418.557999999999,874319.0890230001,0.00033580,0.0004,long,true,true,1,1,false,0,false,false,,false,-0.000428928869296,true,true,true,eligible,,1785445200000,1785445200
day7-v1,BRENTOIL,159,2026-07-30T22:00:00+00:00,1785448800000,lab/data/lighter_rwa_raw/BRENTOIL_candles_1h.json,lab/data/lighter_rwa_raw/BRENTOIL_fundings_1h.json,candle_and_funding,test,pre_roll,unknown_from_public_candle_snapshot,87.12,87.49,87.12,87.25,649.8542,56719.864444,0.00034800,0.0004,long,true,true,1,1,false,0,false,false,,false,0.00149219467401,true,true,true,eligible,,1785448800000,1785448800
day7-v1,WTI,145,2026-07-30T22:00:00+00:00,1785448800000,lab/data/lighter_rwa_raw/WTI_candles_1h.json,lab/data/lighter_rwa_raw/WTI_fundings_1h.json,candle_and_funding,test,pre_roll,unknown_from_public_candle_snapshot,83.894,84.28,83.893,84.061,3895.489,327765.509165,0.00033560,0.0004,long,true,true,1,1,false,0,false,false,,false,0.00199060719479,true,true,true,eligible,,1785448800000,1785448800
day7-v1,BRENTOIL,159,2026-07-30T23:00:00+00:00,1785452400000,lab/data/lighter_rwa_raw/BRENTOIL_candles_1h.json,lab/data/lighter_rwa_raw/BRENTOIL_fundings_1h.json,candle_and_funding,test,pre_roll,unknown_from_public_candle_snapshot,87.25,87.4,87.12,87.27,1423.7853,124198.503218,0.00104664,0.0012,long,true,true,1,1,false,0,false,false,,false,0.000229226361032,true,true,true,eligible,,1785452400000,1785452400
day7-v1,WTI,145,2026-07-30T23:00:00+00:00,1785452400000,lab/data/lighter_rwa_raw/WTI_candles_1h.json,lab/data/lighter_rwa_raw/WTI_fundings_1h.json,candle_and_funding,test,pre_roll,unknown_from_public_candle_snapshot,84.061,84.128,83.93,84.063,657.076,55205.659586,0.00033624,0.0004,long,true,true,1,1,false,0,false,false,,false,2.3792246107e-05,true,true,true,eligible,,1785452400000,1785452400
day7-v1,BRENTOIL,159,2026-07-31T00:00:00+00:00,1785456000000,lab/data/lighter_rwa_raw/BRENTOIL_candles_1h.json,lab/data/lighter_rwa_raw/BRENTOIL_fundings_1h.json,candle_and_funding,test,pre_roll,unknown_from_public_candle_snapshot,87.27,87.44,86.83,86.83,359.5692,31369.829533,0.00034908,0.0004,long,true,true,1,1,false,0,false,false,,false,-0.00504182422367,true,true,true,eligible,,1785456000000,1785456000
day7-v1,WTI,145,2026-07-31T00:00:00+00:00,1785456000000,lab/data/lighter_rwa_raw/WTI_candles_1h.json,lab/data/lighter_rwa_raw/WTI_fundings_1h.json,candle_and_funding,test,pre_roll,unknown_from_public_candle_snapshot,84.063,84.165,83.559,83.581,1353.2640000000001,113636.267065,0.00033626,0.0004,long,true,true,1,1,false,0,false,false,,false,-0.00573379489193,true,true,true,eligible,,1785456000000,1785456000
day7-v1,BRENTOIL,159,2026-07-31T01:00:00+00:00,1785459600000,lab/data/lighter_rwa_raw/BRENTOIL_candles_1h.json,lab/data/lighter_rwa_raw/BRENTOIL_fundings_1h.json,candle_and_funding,test,pre_roll,unknown_from_public_candle_snapshot,86.83,86.83,85.72,85.97,3904.6313,336157.795389,0.00034756,0.0004,long,true,true,1,1,false,0,false,false,,false,-0.00990441091789,true,true,true,eligible,,1785459600000,1785459600
day7-v1,WTI,145,2026-07-31T01:00:00+00:00,1785459600000,lab/data/lighter_rwa_raw/WTI_candles_1h.json,lab/data/lighter_rwa_raw/WTI_fundings_1h.json,candle_and_funding,test,pre_roll,unknown_from_public_candle_snapshot,83.581,83.581,82.296,82.489,5743.7970000000005,475499.768077,0.00033418,0.0004,long,true,true,1,1,false,0,false,false,,false,-0.0130651703138,true,true,true,eligible,,1785459600000,1785459600
day7-v1,BRENTOIL,159,2026-07-31T02:00:00+00:00,1785463200000,lab/data/lighter_rwa_raw/BRENTOIL_candles_1h.json,lab/data/lighter_rwa_raw/BRENTOIL_fundings_1h.json,candle_and_funding,test,pre_roll,unknown_from_public_candle_snapshot,85.97,85.97,85.17,85.83,1173.535,100387.625409,0.00034400,0.0004,long,true,true,1,1,false,0,false,false,,false,-0.00162847504944,true,true,true,eligible,,1785463200000,1785463200
day7-v1,WTI,145,2026-07-31T02:00:00+00:00,1785463200000,lab/data/lighter_rwa_raw/WTI_candles_1h.json,lab/data/lighter_rwa_raw/WTI_fundings_1h.json,candle_and_funding,test,pre_roll,unknown_from_public_candle_snapshot,82.489,82.492,81.702,82.316,44404.636000000006,3643350.854438,0.00032994,0.0004,long,true,true,1,1,false,0,false,false,,false,-0.00209724933021,true,true,true,eligible,,1785463200000,1785463200
day7-v1,BRENTOIL,159,2026-07-31T03:00:00+00:00,1785466800000,lab/data/lighter_rwa_raw/BRENTOIL_candles_1h.json,lab/data/lighter_rwa_raw/BRENTOIL_fundings_1h.json,candle_and_funding,test,pre_roll,unknown_from_public_candle_snapshot,85.83,85.95,85.67,85.81,391.8872,33612.662653,0.00034336,0.0004,long,true,true,1,1,false,0,false,false,,false,-0.00023301875801,true,true,true,eligible,,1785466800000,1785466800
day7-v1,WTI,145,2026-07-31T03:00:00+00:00,1785466800000,lab/data/lighter_rwa_raw/WTI_candles_1h.json,lab/data/lighter_rwa_raw/WTI_fundings_1h.json,candle_and_funding,test,pre_roll,unknown_from_public_candle_snapshot,82.316,82.527,82.023,82.336,70773.879,5820092.641234,0.00032908,0.0004,long,true,true,1,1,false,0,false,false,,false,0.000242966130521,true,true,true,eligible,,1785466800000,1785466800
day7-v1,BRENTOIL,159,2026-07-31T04:00:00+00:00,1785470400000,lab/data/lighter_rwa_raw/BRENTOIL_candles_1h.json,lab/data/lighter_rwa_raw/BRENTOIL_fundings_1h.json,candle_and_funding,test,pre_roll,unknown_from_public_candle_snapshot,85.81,85.85,85.13,85.13,729.4253,62214.875137,0.00034324,0.0004,long,true,true,1,1,false,0,false,false,,false,-0.00792448432584,true,true,true,eligible,,1785470400000,1785470400
day7-v1,WTI,145,2026-07-31T04:00:00+00:00,1785470400000,lab/data/lighter_rwa_raw/WTI_candles_1h.json,lab/data/lighter_rwa_raw/WTI_fundings_1h.json,candle_and_funding,test,pre_roll,unknown_from_public_candle_snapshot,82.336,82.395,81.666,81.691,4573.836,375315.926867,0.00032933,0.0004,long,true,true,1,1,false,0,false,false,,false,-0.00783375437233,true,true,true,eligible,,1785470400000,1785470400
day7-v1,BRENTOIL,159,2026-07-31T05:00:00+00:00,1785474000000,lab/data/lighter_rwa_raw/BRENTOIL_candles_1h.json,lab/data/lighter_rwa_raw/BRENTOIL_fundings_1h.json,candle_and_funding,test,pre_roll,unknown_from_public_candle_snapshot,85.13,85.38,84.71,85.03,873.7623,74316.662828,0.00034028,0.0004,long,true,true,1,1,false,0,false,false,,false,-0.00117467402796,true,true,true,eligible,,1785474000000,1785474000
day7-v1,WTI,145,2026-07-31T05:00:00+00:00,1785474000000,lab/data/lighter_rwa_raw/WTI_candles_1h.json,lab/data/lighter_rwa_raw/WTI_fundings_1h.json,candle_and_funding,test,pre_roll,unknown_from_public_candle_snapshot,81.691,81.981,81.2,81.671,5574.074,453989.05530999997,0.00032670,0.0004,long,true,true,1,1,false,0,false,false,,false,-0.000244825011323,true,true,true,eligible,,1785474000000,1785474000
day7-v1,BRENTOIL,159,2026-07-31T06:00:00+00:00,1785477600000,lab/data/lighter_rwa_raw/BRENTOIL_candles_1h.json,lab/data/lighter_rwa_raw/BRENTOIL_fundings_1h.json,candle_and_funding,test,pre_roll,unknown_from_public_candle_snapshot,85.03,85.6,85.03,85.5,215.8836,18427.887572,0.00034040,0.0004,long,true,true,1,1,false,0,false,false,,false,0.00552746089615,true,true,true,eligible,,1785477600000,1785477600
day7-v1,WTI,145,2026-07-31T06:00:00+00:00,1785477600000,lab/data/lighter_rwa_raw/WTI_candles_1h.json,lab/data/lighter_rwa_raw/WTI_fundings_1h.json,candle_and_funding,test,pre_roll,unknown_from_public_candle_snapshot,81.671,82.225,81.622,82.015,2219.237,181895.652728,0.00032676,0.0004,long,true,true,1,1,false,0,false,false,,false,0.00421202140295,true,true,true,eligible,,1785477600000,1785477600
day7-v1,BRENTOIL,159,2026-07-31T07:00:00+00:00,1785481200000,lab/data/lighter_rwa_raw/BRENTOIL_candles_1h.json,lab/data/lighter_rwa_raw/BRENTOIL_fundings_1h.json,candle_and_funding,test,pre_roll,unknown_from_public_candle_snapshot,85.5,86.18,85.5,85.77,1673.3262,143835.955644,0.00034200,0.0004,long,true,true,1,1,false,0,false,false,,false,0.00315789473684,true,true,true,eligible,,1785481200000,1785481200
day7-v1,WTI,145,2026-07-31T07:00:00+00:00,1785481200000,lab/data/lighter_rwa_raw/WTI_candles_1h.json,lab/data/lighter_rwa_raw/WTI_fundings_1h.json,candle_and_funding,test,pre_roll,unknown_from_public_candle_snapshot,82.015,82.693,82.013,82.228,6611.657,544992.5302939999,0.00032812,0.0004,long,true,true,1,1,false,0,false,false,,false,0.00259708589892,true,true,true,eligible,,1785481200000,1785481200
day7-v1,BRENTOIL,159,2026-07-31T08:00:00+00:00,1785484800000,lab/data/lighter_rwa_raw/BRENTOIL_candles_1h.json,lab/data/lighter_rwa_raw/BRENTOIL_fundings_1h.json,candle_and_funding,test,pre_roll,unknown_from_public_candle_snapshot,85.77,86.25,85.53,85.74,415.8819,35719.53693,0.00034288,0.0004,long,true,true,1,1,false,0,false,false,,false,-0.000349772647779,true,true,true,eligible,,1785484800000,1785484800
day7-v1,WTI,145,2026-07-31T08:00:00+00:00,1785484800000,lab/data/lighter_rwa_raw/WTI_candles_1h.json,lab/data/lighter_rwa_raw/WTI_fundings_1h.json,candle_and_funding,test,pre_roll,unknown_from_public_candle_snapshot,82.228,82.855,81.975,82.57,7307.300999999999,600869.1396039999,0.00032871,0.0004,long,true,true,1,1,false,0,false,false,,false,0.00415916719366,true,true,true,eligible,,1785484800000,1785484800
day7-v1,BRENTOIL,159,2026-07-31T09:00:00+00:00,1785488400000,lab/data/lighter_rwa_raw/BRENTOIL_candles_1h.json,lab/data/lighter_rwa_raw/BRENTOIL_fundings_1h.json,candle_and_funding,test,pre_roll,unknown_from_public_candle_snapshot,85.74,87.38,85.74,87.3,1391.2429,120721.269996,0.00034404,0.0004,long,true,true,1,1,false,0,false,false,,false,0.0181945416375,true,true,true,eligible,,1785488400000,1785488400
day7-v1,WTI,145,2026-07-31T09:00:00+00:00,1785488400000,lab/data/lighter_rwa_raw/WTI_candles_1h.json,lab/data/lighter_rwa_raw/WTI_fundings_1h.json,candle_and_funding,test,pre_roll,unknown_from_public_candle_snapshot,82.57,83.779,82.57,83.751,2674.216,222477.330371,0.00033032,0.0004,long,true,true,1,1,false,0,false,false,,false,0.0143030156231,true,true,true,eligible,,1785488400000,1785488400
day7-v1,BRENTOIL,159,2026-07-31T10:00:00+00:00,1785492000000,lab/data/lighter_rwa_raw/BRENTOIL_candles_1h.json,lab/data/lighter_rwa_raw/BRENTOIL_fundings_1h.json,candle_and_funding,test,pre_roll,unknown_from_public_candle_snapshot,87.3,87.89,87.3,87.69,740.915,64899.809254,0.00034948,0.0004,long,true,true,1,1,false,0,false,false,,false,0.00446735395189,true,true,true,eligible,,1785492000000,1785492000
day7-v1,WTI,145,2026-07-31T10:00:00+00:00,1785492000000,lab/data/lighter_rwa_raw/WTI_candles_1h.json,lab/data/lighter_rwa_raw/WTI_fundings_1h.json,candle_and_funding,test,pre_roll,unknown_from_public_candle_snapshot,83.751,84.446,83.751,84.259,12834.412,1079138.7096240001,0.00033488,0.0004,long,true,true,1,1,false,0,false,false,,false,0.00606559921673,true,true,true,eligible,,1785492000000,1785492000
day7-v1,BRENTOIL,159,2026-07-31T11:00:00+00:00,1785495600000,lab/data/lighter_rwa_raw/BRENTOIL_candles_1h.json,lab/data/lighter_rwa_raw/BRENTOIL_fundings_1h.json,candle_and_funding,test,pre_roll,unknown_from_public_candle_snapshot,87.69,88.55,87.59,88.35,895.9797,78929.116372,0.00035080,0.0004,long,true,true,1,1,false,0,false,false,,false,0.00752651385563,true,true,true,eligible,,1785495600000,1785495600
day7-v1,WTI,145,2026-07-31T11:00:00+00:00,1785495600000,lab/data/lighter_rwa_raw/WTI_candles_1h.json,lab/data/lighter_rwa_raw/WTI_fundings_1h.json,candle_and_funding,test,pre_roll,unknown_from_public_candle_snapshot,84.259,85.056,84.104,84.863,8258.473,699676.788619,0.00033714,0.0004,long,true,true,1,1,false,0,false,false,,false,0.00716837370489,true,true,true,eligible,,1785495600000,1785495600
day7-v1,BRENTOIL,159,2026-07-31T12:00:00+00:00,1785499200000,lab/data/lighter_rwa_raw/BRENTOIL_candles_1h.json,lab/data/lighter_rwa_raw/BRENTOIL_fundings_1h.json,candle_and_funding,test,pre_roll,unknown_from_public_candle_snapshot,88.35,89.09,88.16,88.68,1568.3241,138841.439265,0.00035332,0.0004,long,true,true,1,1,false,0,false,false,,false,0.00373514431239,true,true,true,eligible,,1785499200000,1785499200
day7-v1,WTI,145,2026-07-31T12:00:00+00:00,1785499200000,lab/data/lighter_rwa_raw/WTI_candles_1h.json,lab/data/lighter_rwa_raw/WTI_fundings_1h.json,candle_and_funding,test,pre_roll,unknown_from_public_candle_snapshot,84.863,86.17,84.861,85.836,19265.999,1645874.128257,0.00033948,0.0004,long,true,true,1,1,false,0,false,false,,false,0.0114655385739,true,true,true,eligible,,1785499200000,1785499200
day7-v1,BRENTOIL,159,2026-07-31T13:00:00+00:00,1785502800000,lab/data/lighter_rwa_raw/BRENTOIL_candles_1h.json,lab/data/lighter_rwa_raw/BRENTOIL_fundings_1h.json,candle_and_funding,test,pre_roll,unknown_from_public_candle_snapshot,88.68,88.82,88.31,88.58,2447.3306,216718.422205,0.00035456,0.0004,long,true,true,1,1,false,0,false,false,,false,-0.00112764997745,true,true,true,eligible,,1785502800000,1785502800
day7-v1,WTI,145,2026-07-31T13:00:00+00:00,1785502800000,lab/data/lighter_rwa_raw/WTI_candles_1h.json,lab/data/lighter_rwa_raw/WTI_fundings_1h.json,candle_and_funding,test,pre_roll,unknown_from_public_candle_snapshot,85.836,85.94,85.285,85.534,12963.108,1110701.078977,0.00034346,0.0004,long,true,true,1,1,false,0,false,false,,false,-0.00351833729438,true,true,true,eligible,,1785502800000,1785502800
day7-v1,BRENTOIL,159,2026-07-31T14:00:00+00:00,1785506400000,lab/data/lighter_rwa_raw/BRENTOIL_candles_1h.json,lab/data/lighter_rwa_raw/BRENTOIL_fundings_1h.json,candle_and_funding,test,pre_roll,unknown_from_public_candle_snapshot,88.58,88.76,87.92,88.58,1439.1234,126983.689292,0.00035408,0.0004,long,true,true,1,1,false,0,false,false,,false,0,true,true,true,eligible,,1785506400000,1785506400
day7-v1,WTI,145,2026-07-31T14:00:00+00:00,1785506400000,lab/data/lighter_rwa_raw/WTI_candles_1h.json,lab/data/lighter_rwa_raw/WTI_fundings_1h.json,candle_and_funding,test,pre_roll,unknown_from_public_candle_snapshot,85.534,85.903,84.816,85.797,4566.075,388995.431721,0.00034216,0.0004,long,true,true,1,1,false,0,false,false,,false,0.00307480066406,true,true,true,eligible,,1785506400000,1785506400
day7-v1,BRENTOIL,159,2026-07-31T15:00:00+00:00,1785510000000,lab/data/lighter_rwa_raw/BRENTOIL_candles_1h.json,lab/data/lighter_rwa_raw/BRENTOIL_fundings_1h.json,candle_and_funding,test,pre_roll,unknown_from_public_candle_snapshot,88.58,88.76,87.06,87.17,1975.603,173874.910039,0.00035428,0.0004,long,true,true,1,1,false,0,false,false,,false,-0.0159178144051,true,true,true,eligible,,1785510000000,1785510000
day7-v1,WTI,145,2026-07-31T15:00:00+00:00,1785510000000,lab/data/lighter_rwa_raw/WTI_candles_1h.json,lab/data/lighter_rwa_raw/WTI_fundings_1h.json,candle_and_funding,test,pre_roll,unknown_from_public_candle_snapshot,85.797,85.957,84.018,84.088,15727.329,1329301.24909,0.00034316,0.0004,long,true,true,1,1,false,0,false,false,,false,-0.0199191113908,true,true,true,eligible,,1785510000000,1785510000
day7-v1,BRENTOIL,159,2026-07-31T16:00:00+00:00,1785513600000,lab/data/lighter_rwa_raw/BRENTOIL_candles_1h.json,lab/data/lighter_rwa_raw/BRENTOIL_fundings_1h.json,candle_and_funding,test,pre_roll,unknown_from_public_candle_snapshot,87.17,87.8,87.17,87.74,523.8673,45808.204458,0.00034884,0.0004,long,true,true,1,1,false,0,false,false,,false,0.0065389468854,true,true,true,eligible,,1785513600000,1785513600
day7-v1,WTI,145,2026-07-31T16:00:00+00:00,1785513600000,lab/data/lighter_rwa_raw/WTI_candles_1h.json,lab/data/lighter_rwa_raw/WTI_fundings_1h.json,candle_and_funding,test,pre_roll,unknown_from_public_candle_snapshot,84.088,84.821,84.088,84.707,6211.768,524466.814158,0.00033632,0.0004,long,true,true,1,1,false,0,false,false,,false,0.00736133574351,true,true,true,eligible,,1785513600000,1785513600
day7-v1,BRENTOIL,159,2026-07-31T17:00:00+00:00,1785517200000,lab/data/lighter_rwa_raw/BRENTOIL_candles_1h.json,lab/data/lighter_rwa_raw/BRENTOIL_fundings_1h.json,candle_and_funding,test,pre_roll,unknown_from_public_candle_snapshot,87.74,88.19,87.69,87.92,179.1712,15755.764117,0.00035112,0.0004,long,true,true,1,1,false,0,false,false,,false,0.00205151584226,true,true,true,eligible,,1785517200000,1785517200
day7-v1,WTI,145,2026-07-31T17:00:00+00:00,1785517200000,lab/data/lighter_rwa_raw/WTI_candles_1h.json,lab/data/lighter_rwa_raw/WTI_fundings_1h.json,candle_and_funding,test,pre_roll,unknown_from_public_candle_snapshot,84.707,85.122,84.558,84.746,1619.0710000000001,137433.634071,0.00033878,0.0004,long,true,true,1,1,false,0,false,false,,false,0.000460410591805,true,true,true,eligible,,1785517200000,1785517200
day7-v1,BRENTOIL,159,2026-07-31T18:00:00+00:00,1785520800000,lab/data/lighter_rwa_raw/BRENTOIL_candles_1h.json,lab/data/lighter_rwa_raw/BRENTOIL_fundings_1h.json,candle_and_funding,test,pre_roll,unknown_from_public_candle_snapshot,87.92,88.42,87.78,87.89,208.1122,18334.531191000002,0.00035184,0.0004,long,true,true,1,1,false,0,false,false,,false,-0.000341219290264,true,true,true,eligible,,1785520800000,1785520800
day7-v1,WTI,145,2026-07-31T18:00:00+00:00,1785520800000,lab/data/lighter_rwa_raw/WTI_candles_1h.json,lab/data/lighter_rwa_raw/WTI_fundings_1h.json,candle_and_funding,test,pre_roll,unknown_from_public_candle_snapshot,84.746,85.134,84.491,84.629,2044.437,173292.579016,0.00033880,0.0004,long,true,true,1,1,false,0,false,false,,false,-0.00138059613433,true,true,true,eligible,,1785520800000,1785520800
day7-v1,BRENTOIL,159,2026-07-31T19:00:00+00:00,1785524400000,lab/data/lighter_rwa_raw/BRENTOIL_candles_1h.json,lab/data/lighter_rwa_raw/BRENTOIL_fundings_1h.json,candle_and_funding,test,pre_roll,unknown_from_public_candle_snapshot,87.89,88.38,87.86,88.14,1471.0527,129733.908255,0.00035168,0.0004,long,true,true,1,1,false,0,false,false,,false,0.00284446467175,true,true,true,eligible,,1785524400000,1785524400
day7-v1,WTI,145,2026-07-31T19:00:00+00:00,1785524400000,lab/data/lighter_rwa_raw/WTI_candles_1h.json,lab/data/lighter_rwa_raw/WTI_fundings_1h.json,candle_and_funding,test,pre_roll,unknown_from_public_candle_snapshot,84.629,84.94,84.591,84.761,3307.963,280399.624786,0.00033840,0.0004,long,true,true,1,1,false,0,false,false,,false,0.0015597490222,true,true,true,eligible,,1785524400000,1785524400
day7-v1,BRENTOIL,159,2026-07-31T20:00:00+00:00,1785528000000,lab/data/lighter_rwa_raw/BRENTOIL_candles_1h.json,lab/data/lighter_rwa_raw/BRENTOIL_fundings_1h.json,candle_and_funding,test,pre_roll,unknown_from_public_candle_snapshot,88.14,90.22,87.78,90.22,2540.6307,225745.169863,0.00035268,0.0004,long,true,true,1,1,false,0,false,false,,false,0.023598820059,true,true,true,eligible,,1785528000000,1785528000
day7-v1,WTI,145,2026-07-31T20:00:00+00:00,1785528000000,lab/data/lighter_rwa_raw/WTI_candles_1h.json,lab/data/lighter_rwa_raw/WTI_fundings_1h.json,candle_and_funding,test,pre_roll,unknown_from_public_candle_snapshot,84.761,86.893,84.493,86.861,6419.961,547511.883323,0.00033900,0.0004,long,true,true,1,1,false,0,false,false,,false,0.0247755453569,true,true,true,eligible,,1785528000000,1785528000
day7-v1,BRENTOIL,159,2026-07-31T21:00:00+00:00,1785531600000,lab/data/lighter_rwa_raw/BRENTOIL_candles_1h.json,lab/data/lighter_rwa_raw/BRENTOIL_fundings_1h.json,candle_and_funding,test,pre_roll,unknown_from_public_candle_snapshot,90.22,91.63,89.71,91.08,18624.0818,1694596.418554,0.00036100,0.0004,long,true,true,1,1,false,0,false,false,,false,0.00953225448903,true,true,true,eligible,,1785531600000,1785531600
day7-v1,WTI,145,2026-07-31T21:00:00+00:00,1785531600000,lab/data/lighter_rwa_raw/WTI_candles_1h.json,lab/data/lighter_rwa_raw/WTI_fundings_1h.json,candle_and_funding,test,pre_roll,unknown_from_public_candle_snapshot,86.861,88.335,86.277,87.672,10922.562,954773.3389130001,0.00034708,0.0004,long,true,true,1,1,false,0,false,false,,false,0.00933675642693,true,true,true,eligible,,1785531600000,1785531600
day7-v1,BRENTOIL,159,2026-07-31T22:00:00+00:00,1785535200000,lab/data/lighter_rwa_raw/BRENTOIL_candles_1h.json,lab/data/lighter_rwa_raw/BRENTOIL_fundings_1h.json,candle_and_funding,test,pre_roll,unknown_from_public_candle_snapshot,91.08,91.1,90.04,90.82,4262.2926,387112.611105,0.00036436,0.0004,long,true,true,1,1,false,0,false,false,,false,-0.00285463328942,true,true,true,eligible,,1785535200000,1785535200
day7-v1,WTI,145,2026-07-31T22:00:00+00:00,1785535200000,lab/data/lighter_rwa_raw/WTI_candles_1h.json,lab/data/lighter_rwa_raw/WTI_fundings_1h.json,candle_and_funding,test,pre_roll,unknown_from_public_candle_snapshot,87.672,87.723,86.637,87.393,11433.715,997779.164295,0.01601360,0.0183,long,true,true,1,1,false,0,false,false,,false,-0.00318231590474,true,true,true,eligible,,1785535200000,1785535200
day7-v1,BRENTOIL,159,2026-07-31T23:00:00+00:00,1785538800000,lab/data/lighter_rwa_raw/BRENTOIL_candles_1h.json,lab/data/lighter_rwa_raw/BRENTOIL_fundings_1h.json,candle_and_funding,test,pre_roll,unknown_from_public_candle_snapshot,90.82,91.18,90.79,90.91,1704.4581,155106.15040800002,0.00553087,0.0061,short,true,true,1,1,false,0,false,false,,false,0.000990971151729,true,true,true,eligible,,1785538800000,1785538800
day7-v1,WTI,145,2026-07-31T23:00:00+00:00,1785538800000,lab/data/lighter_rwa_raw/WTI_candles_1h.json,lab/data/lighter_rwa_raw/WTI_fundings_1h.json,candle_and_funding,test,pre_roll,unknown_from_public_candle_snapshot,87.393,87.785,87.339,87.348,4204.825,367942.402184,0.00052368,0.0006,short,true,true,1,1,false,0,false,false,,false,-0.000514915382239,true,true,true,eligible,,1785538800000,1785538800
day7-v1,BRENTOIL,159,2026-08-01T00:00:00+00:00,1785542400000,lab/data/lighter_rwa_raw/BRENTOIL_candles_1h.json,lab/data/lighter_rwa_raw/BRENTOIL_fundings_1h.json,candle_and_funding,test,pre_roll,unknown_from_public_candle_snapshot,90.91,91.01,90.22,90.44,1059.3334,96004.186076,0.00118183,0.0013,long,true,true,1,1,false,0,false,false,,false,-0.00516994830052,true,true,true,eligible,,1785542400000,1785542400
day7-v1,WTI,145,2026-08-01T00:00:00+00:00,1785542400000,lab/data/lighter_rwa_raw/WTI_candles_1h.json,lab/data/lighter_rwa_raw/WTI_fundings_1h.json,candle_and_funding,test,pre_roll,unknown_from_public_candle_snapshot,87.348,87.471,86.737,86.932,4086.771,356085.860144,0.00034985,0.0004,long,true,true,1,1,false,0,false,false,,false,-0.00476255895956,true,true,true,eligible,,1785542400000,1785542400
day7-v1,BRENTOIL,159,2026-08-01T01:00:00+00:00,1785546000000,lab/data/lighter_rwa_raw/BRENTOIL_candles_1h.json,lab/data/lighter_rwa_raw/BRENTOIL_fundings_1h.json,candle_and_funding,test,pre_roll,unknown_from_public_candle_snapshot,90.44,90.57,89.83,90.21,1391.0384,125478.881662,0.00081603,0.0009,short,true,true,1,1,false,0,false,false,,false,-0.00254312251216,true,true,true,eligible,,1785546000000,1785546000
day7-v1,WTI,145,2026-08-01T01:00:00+00:00,1785546000000,lab/data/lighter_rwa_raw/WTI_candles_1h.json,lab/data/lighter_rwa_raw/WTI_fundings_1h.json,candle_and_funding,test,pre_roll,unknown_from_public_candle_snapshot,86.932,87.129,86.388,86.672,3750.892,325325.559746,0.00287628,0.0033,short,true,true,1,1,false,0,false,false,,false,-0.00299084341784,true,true,true,eligible,,1785546000000,1785546000
day7-v1,BRENTOIL,159,2026-08-01T02:00:00+00:00,1785549600000,lab/data/lighter_rwa_raw/BRENTOIL_candles_1h.json,lab/data/lighter_rwa_raw/BRENTOIL_fundings_1h.json,candle_and_funding,test,pre_roll,unknown_from_public_candle_snapshot,90.21,90.33,89.81,90.24,703.9842,63320.286962,0.00613700,0.0068,short,true,true,1,1,false,0,false,false,,false,0.000332557366146,true,true,true,eligible,,1785549600000,1785549600
day7-v1,WTI,145,2026-08-01T02:00:00+00:00,1785549600000,lab/data/lighter_rwa_raw/WTI_candles_1h.json,lab/data/lighter_rwa_raw/WTI_fundings_1h.json,candle_and_funding,test,pre_roll,unknown_from_public_candle_snapshot,86.672,86.946,86.272,86.863,3599.29,311906.54395900003,0.00564077,0.0065,short,true,true,1,1,false,0,false,false,,false,0.00220371054089,true,true,true,eligible,,1785549600000,1785549600
day7-v1,BRENTOIL,159,2026-08-01T03:00:00+00:00,1785553200000,lab/data/lighter_rwa_raw/BRENTOIL_candles_1h.json,lab/data/lighter_rwa_raw/BRENTOIL_fundings_1h.json,candle_and_funding,test,pre_roll,unknown_from_public_candle_snapshot,90.24,90.52,90.24,90.5,116.9045,10570.382252,0.00036036,0.0004,long,true,true,1,1,false,0,false,false,,false,0.00288120567376,true,true,true,eligible,,1785553200000,1785553200
day7-v1,WTI,145,2026-08-01T03:00:00+00:00,1785553200000,lab/data/lighter_rwa_raw/WTI_candles_1h.json,lab/data/lighter_rwa_raw/WTI_fundings_1h.json,candle_and_funding,test,pre_roll,unknown_from_public_candle_snapshot,86.863,87.06,86.766,87.05,1063.1779999999999,92397.716477,0.00034651,0.0004,long,true,true,1,1,false,0,false,false,,false,0.00215281535291,true,true,true,eligible,,1785553200000,1785553200
day7-v1,BRENTOIL,159,2026-08-01T04:00:00+00:00,1785556800000,lab/data/lighter_rwa_raw/BRENTOIL_candles_1h.json,lab/data/lighter_rwa_raw/BRENTOIL_fundings_1h.json,candle_and_funding,test,pre_roll,unknown_from_public_candle_snapshot,90.5,90.5,90.04,90.22,1083.5054,97724.05815,0.00234988,0.0026,long,true,true,1,1,false,0,false,false,,false,-0.00309392265193,true,true,true,eligible,,1785556800000,1785556800
day7-v1,WTI,145,2026-08-01T04:00:00+00:00,1785556800000,lab/data/lighter_rwa_raw/WTI_candles_1h.json,lab/data/lighter_rwa_raw/WTI_fundings_1h.json,candle_and_funding,test,pre_roll,unknown_from_public_candle_snapshot,87.05,87.05,86.599,86.695,2705.3369999999995,234431.31182,0.00130332,0.0015,long,true,true,1,1,false,0,false,false,,false,-0.00407811602527,true,true,true,eligible,,1785556800000,1785556800
day7-v1,BRENTOIL,159,2026-08-01T05:00:00+00:00,1785560400000,lab/data/lighter_rwa_raw/BRENTOIL_candles_1h.json,lab/data/lighter_rwa_raw/BRENTOIL_fundings_1h.json,candle_and_funding,test,pre_roll,unknown_from_public_candle_snapshot,90.22,90.24,89.72,89.99,1573.6453,141579.733961,0.00036084,0.0004,long,true,true,1,1,false,0,false,false,,false,-0.00254932387497,true,true,true,eligible,,1785560400000,1785560400
day7-v1,WTI,145,2026-08-01T05:00:00+00:00,1785560400000,lab/data/lighter_rwa_raw/WTI_candles_1h.json,lab/data/lighter_rwa_raw/WTI_fundings_1h.json,candle_and_funding,test,pre_roll,unknown_from_public_candle_snapshot,86.695,86.731,86.171,86.451,23651.949999999997,2042940.9455649997,0.00034698,0.0004,long,true,true,1,1,false,0,false,false,,false,-0.00281446450199,true,true,true,eligible,,1785560400000,1785560400
day7-v1,BRENTOIL,159,2026-08-01T06:00:00+00:00,1785564000000,lab/data/lighter_rwa_raw/BRENTOIL_candles_1h.json,lab/data/lighter_rwa_raw/BRENTOIL_fundings_1h.json,candle_and_funding,test,pre_roll,unknown_from_public_candle_snapshot,89.99,90.14,89.66,89.94,1012.0064,90925.315033,0.00035988,0.0004,long,true,true,1,1,false,0,false,false,,false,-0.00055561729081,true,true,true,eligible,,1785564000000,1785564000
day7-v1,WTI,145,2026-08-01T06:00:00+00:00,1785564000000,lab/data/lighter_rwa_raw/WTI_candles_1h.json,lab/data/lighter_rwa_raw/WTI_fundings_1h.json,candle_and_funding,test,pre_roll,unknown_from_public_candle_snapshot,86.451,86.638,86.187,86.348,2481.532,214445.674749,0.00311148,0.0036,short,true,true,1,1,false,0,false,false,,false,-0.00119142635713,true,true,true,eligible,,1785564000000,1785564000
day7-v1,BRENTOIL,159,2026-08-01T07:00:00+00:00,1785567600000,lab/data/lighter_rwa_raw/BRENTOIL_candles_1h.json,lab/data/lighter_rwa_raw/BRENTOIL_fundings_1h.json,candle_and_funding,test,pre_roll,unknown_from_public_candle_snapshot,89.94,90.08,89.88,89.97,374.2859,33669.685742,0.00035968,0.0004,long,true,true,1,1,false,0,false,false,,false,0.000333555703802,true,true,true,eligible,,1785567600000,1785567600
day7-v1,WTI,145,2026-08-01T07:00:00+00:00,1785567600000,lab/data/lighter_rwa_raw/WTI_candles_1h.json,lab/data/lighter_rwa_raw/WTI_fundings_1h.json,candle_and_funding,test,pre_roll,unknown_from_public_candle_snapshot,86.348,86.461,86.256,86.395,1603.461,138468.525291,0.00034542,0.0004,long,true,true,1,1,false,0,false,false,,false,0.000544309074906,true,true,true,eligible,,1785567600000,1785567600
day7-v1,BRENTOIL,159,2026-08-01T08:00:00+00:00,1785571200000,lab/data/lighter_rwa_raw/BRENTOIL_candles_1h.json,lab/data/lighter_rwa_raw/BRENTOIL_fundings_1h.json,candle_and_funding,test,pre_roll,unknown_from_public_candle_snapshot,89.97,90.17,89.95,90.15,115.9851,10448.599458,0.00035988,0.0004,long,true,true,1,1,false,0,false,false,,false,0.00200066688896,true,true,true,eligible,,1785571200000,1785571200
day7-v1,WTI,145,2026-08-01T08:00:00+00:00,1785571200000,lab/data/lighter_rwa_raw/WTI_candles_1h.json,lab/data/lighter_rwa_raw/WTI_fundings_1h.json,candle_and_funding,test,pre_roll,unknown_from_public_candle_snapshot,86.395,86.655,86.389,86.561,3703.1639999999998,320481.953612,0.00034552,0.0004,long,true,true,1,1,false,0,false,false,,false,0.00192140748886,true,true,true,eligible,,1785571200000,1785571200
day7-v1,BRENTOIL,159,2026-08-01T09:00:00+00:00,1785574800000,lab/data/lighter_rwa_raw/BRENTOIL_candles_1h.json,lab/data/lighter_rwa_raw/BRENTOIL_fundings_1h.json,candle_and_funding,test,pre_roll,unknown_from_public_candle_snapshot,90.15,90.18,89.78,89.96,1031.4486,92782.226685,0.00036032,0.0004,long,true,true,1,1,false,0,false,false,,false,-0.00210759844703,true,true,true,eligible,,1785574800000,1785574800
day7-v1,WTI,145,2026-08-01T09:00:00+00:00,1785574800000,lab/data/lighter_rwa_raw/WTI_candles_1h.json,lab/data/lighter_rwa_raw/WTI_fundings_1h.json,candle_and_funding,test,pre_roll,unknown_from_public_candle_snapshot,86.561,86.603,86.305,86.521,1008.33,87178.402145,0.00034598,0.0004,long,true,true,1,1,false,0,false,false,,false,-0.000462101870357,true,true,true,eligible,,1785574800000,1785574800
day7-v1,BRENTOIL,159,2026-08-01T10:00:00+00:00,1785578400000,lab/data/lighter_rwa_raw/BRENTOIL_candles_1h.json,lab/data/lighter_rwa_raw/BRENTOIL_fundings_1h.json,candle_and_funding,test,pre_roll,unknown_from_public_candle_snapshot,89.96,90.19,89.95,90.11,324.2257,29212.617388,0.00035984,0.0004,long,true,true,1,1,false,0,false,false,,false,0.00166740773677,true,true,true,eligible,,1785578400000,1785578400
day7-v1,WTI,145,2026-08-01T10:00:00+00:00,1785578400000,lab/data/lighter_rwa_raw/WTI_candles_1h.json,lab/data/lighter_rwa_raw/WTI_fundings_1h.json,candle_and_funding,test,pre_roll,unknown_from_public_candle_snapshot,86.521,86.789,86.521,86.657,3813.11,330544.01078,0.00034585,0.0004,long,true,true,1,1,false,0,false,false,,false,0.00157187272454,true,true,true,eligible,,1785578400000,1785578400
day7-v1,BRENTOIL,159,2026-08-01T11:00:00+00:00,1785582000000,lab/data/lighter_rwa_raw/BRENTOIL_candles_1h.json,lab/data/lighter_rwa_raw/BRENTOIL_fundings_1h.json,candle_and_funding,test,pre_roll,unknown_from_public_candle_snapshot,90.11,90.52,90.06,90.38,396.7755,35813.679173,0.00036024,0.0004,long,true,true,1,1,false,0,false,false,,false,0.00299633780934,true,true,true,eligible,,1785582000000,1785582000
day7-v1,WTI,145,2026-08-01T11:00:00+00:00,1785582000000,lab/data/lighter_rwa_raw/WTI_candles_1h.json,lab/data/lighter_rwa_raw/WTI_fundings_1h.json,candle_and_funding,test,pre_roll,unknown_from_public_candle_snapshot,86.657,86.954,86.64,86.836,1383.863,120116.785707,0.00034659,0.0004,long,true,true,1,1,false,0,false,false,,false,0.00206561501091,true,true,true,eligible,,1785582000000,1785582000
day7-v1,BRENTOIL,159,2026-08-01T12:00:00+00:00,1785585600000,lab/data/lighter_rwa_raw/BRENTOIL_candles_1h.json,lab/data/lighter_rwa_raw/BRENTOIL_fundings_1h.json,candle_and_funding,test,pre_roll,unknown_from_public_candle_snapshot,90.38,90.57,90.24,90.41,579.6694,52414.563088,0.00036116,0.0004,long,true,true,1,1,false,0,false,false,,false,0.000331931843328,true,true,true,eligible,,1785585600000,1785585600
day7-v1,WTI,145,2026-08-01T12:00:00+00:00,1785585600000,lab/data/lighter_rwa_raw/WTI_candles_1h.json,lab/data/lighter_rwa_raw/WTI_fundings_1h.json,candle_and_funding,test,pre_roll,unknown_from_public_candle_snapshot,86.836,87.08,86.737,86.911,15628.445,1358920.254934,0.00034713,0.0004,long,true,true,1,1,false,0,false,false,,false,0.000863697084159,true,true,true,eligible,,1785585600000,1785585600
day7-v1,BRENTOIL,159,2026-08-01T13:00:00+00:00,1785589200000,lab/data/lighter_rwa_raw/BRENTOIL_candles_1h.json,lab/data/lighter_rwa_raw/BRENTOIL_fundings_1h.json,candle_and_funding,test,pre_roll,unknown_from_public_candle_snapshot,90.41,90.5,90.12,90.19,639.8094,57828.338050000006,0.00036160,0.0004,long,true,true,1,1,false,0,false,false,,false,-0.00243335914169,true,true,true,eligible,,1785589200000,1785589200
day7-v1,WTI,145,2026-08-01T13:00:00+00:00,1785589200000,lab/data/lighter_rwa_raw/WTI_candles_1h.json,lab/data/lighter_rwa_raw/WTI_fundings_1h.json,candle_and_funding,test,pre_roll,unknown_from_public_candle_snapshot,86.911,87.123,86.63,86.718,6401.598,556812.416375,0.00034771,0.0004,long,true,true,1,1,false,0,false,false,,false,-0.00222066251683,true,true,true,eligible,,1785589200000,1785589200
day7-v1,BRENTOIL,159,2026-08-01T14:00:00+00:00,1785592800000,lab/data/lighter_rwa_raw/BRENTOIL_candles_1h.json,lab/data/lighter_rwa_raw/BRENTOIL_fundings_1h.json,candle_and_funding,test,pre_roll,unknown_from_public_candle_snapshot,90.19,90.25,89.84,90.11,531.6605,47909.95888,0.00036156,0.0004,long,true,true,1,1,false,0,false,false,,false,-0.000887016298925,true,true,true,eligible,,1785592800000,1785592800
day7-v1,WTI,145,2026-08-01T14:00:00+00:00,1785592800000,lab/data/lighter_rwa_raw/WTI_candles_1h.json,lab/data/lighter_rwa_raw/WTI_fundings_1h.json,candle_and_funding,test,pre_roll,unknown_from_public_candle_snapshot,86.718,86.766,86.262,86.638,17323.076,1498812.309793,0.00034784,0.0004,long,true,true,1,1,false,0,false,false,,false,-0.000922530501165,true,true,true,eligible,,1785592800000,1785592800
day7-v1,BRENTOIL,159,2026-08-01T15:00:00+00:00,1785596400000,lab/data/lighter_rwa_raw/BRENTOIL_candles_1h.json,lab/data/lighter_rwa_raw/BRENTOIL_fundings_1h.json,candle_and_funding,test,pre_roll,unknown_from_public_candle_snapshot,90.11,90.29,90.06,90.21,657.5903,59292.028452,0.00027048,0.0003,short,true,true,1,1,false,0,false,false,,false,0.0011097547442,true,true,true,eligible,,1785596400000,1785596400
day7-v1,WTI,145,2026-08-01T15:00:00+00:00,1785596400000,lab/data/lighter_rwa_raw/WTI_candles_1h.json,lab/data/lighter_rwa_raw/WTI_fundings_1h.json,candle_and_funding,test,pre_roll,unknown_from_public_candle_snapshot,86.638,86.848,86.502,86.765,2291.102,198570.318675,0.00251346,0.0029,short,true,true,1,1,false,0,false,false,,false,0.0014658694799,true,true,true,eligible,,1785596400000,1785596400
day7-v1,BRENTOIL,159,2026-08-01T16:00:00+00:00,1785600000000,lab/data/lighter_rwa_raw/BRENTOIL_candles_1h.json,lab/data/lighter_rwa_raw/BRENTOIL_fundings_1h.json,candle_and_funding,test,pre_roll,unknown_from_public_candle_snapshot,90.21,90.87,90.13,90.7,1225.1002,110972.723321,0.00036076,0.0004,long,true,true,1,1,false,0,false,false,,false,0.00543177031371,true,true,true,eligible,,1785600000000,1785600000
day7-v1,WTI,145,2026-08-01T16:00:00+00:00,1785600000000,lab/data/lighter_rwa_raw/WTI_candles_1h.json,lab/data/lighter_rwa_raw/WTI_fundings_1h.json,candle_and_funding,test,pre_roll,unknown_from_public_candle_snapshot,86.765,87.391,86.697,87.273,2548.542,221928.752608,0.00034675,0.0004,long,true,true,1,1,false,0,false,false,,false,0.00585489540713,true,true,true,eligible,,1785600000000,1785600000
day7-v1,BRENTOIL,159,2026-08-01T17:00:00+00:00,1785603600000,lab/data/lighter_rwa_raw/BRENTOIL_candles_1h.json,lab/data/lighter_rwa_raw/BRENTOIL_fundings_1h.json,candle_and_funding,test,pre_roll,unknown_from_public_candle_snapshot,90.7,90.96,90.11,90.86,1075.4314,97584.232089,0.00407475,0.0045,long,true,true,1,1,false,0,false,false,,false,0.00176405733186,true,true,true,eligible,,1785603600000,1785603600
day7-v1,WTI,145,2026-08-01T17:00:00+00:00,1785603600000,lab/data/lighter_rwa_raw/WTI_candles_1h.json,lab/data/lighter_rwa_raw/WTI_fundings_1h.json,candle_and_funding,test,pre_roll,unknown_from_public_candle_snapshot,87.273,87.614,86.834,87.444,10769.311,941917.510318,0.00592198,0.0068,long,true,true,1,1,false,0,false,false,,false,0.00195936887697,true,true,true,eligible,,1785603600000,1785603600
day7-v1,BRENTOIL,159,2026-08-01T18:00:00+00:00,1785607200000,lab/data/lighter_rwa_raw/BRENTOIL_candles_1h.json,lab/data/lighter_rwa_raw/BRENTOIL_fundings_1h.json,candle_and_funding,test,pre_roll,unknown_from_public_candle_snapshot,90.86,91.01,90.58,90.99,715.8014,65023.642557,0.00036308,0.0004,long,true,true,1,1,false,0,false,false,,false,0.00143077261721,true,true,true,eligible,,1785607200000,1785607200
day7-v1,WTI,145,2026-08-01T18:00:00+00:00,1785607200000,lab/data/lighter_rwa_raw/WTI_candles_1h.json,lab/data/lighter_rwa_raw/WTI_fundings_1h.json,candle_and_funding,test,pre_roll,unknown_from_public_candle_snapshot,87.444,87.708,87.095,87.602,10865.759,948330.622266,0.00270856,0.0031,long,true,true,1,1,false,0,false,false,,false,0.00180687068295,true,true,true,eligible,,1785607200000,1785607200
day7-v1,BRENTOIL,159,2026-08-01T19:00:00+00:00,1785610800000,lab/data/lighter_rwa_raw/BRENTOIL_candles_1h.json,lab/data/lighter_rwa_raw/BRENTOIL_fundings_1h.json,candle_and_funding,test,pre_roll,unknown_from_public_candle_snapshot,90.99,91.55,90.87,91.33,5874.2902,535093.318053,0.00036360,0.0004,long,true,true,1,1,false,0,false,false,,false,0.00373667435982,true,true,true,eligible,,1785610800000,1785610800
day7-v1,WTI,145,2026-08-01T19:00:00+00:00,1785610800000,lab/data/lighter_rwa_raw/WTI_candles_1h.json,lab/data/lighter_rwa_raw/WTI_fundings_1h.json,candle_and_funding,test,pre_roll,unknown_from_public_candle_snapshot,87.602,88.091,87.444,87.846,15431.507,1352658.120064,0.00035003,0.0004,long,true,true,1,1,false,0,false,false,,false,0.00278532453597,true,true,true,eligible,,1785610800000,1785610800
day7-v1,BRENTOIL,159,2026-08-01T20:00:00+00:00,1785614400000,lab/data/lighter_rwa_raw/BRENTOIL_candles_1h.json,lab/data/lighter_rwa_raw/BRENTOIL_fundings_1h.json,candle_and_funding,test,pre_roll,unknown_from_public_candle_snapshot,91.33,91.69,91,91.08,6452.5992,588433.16059,0.00036460,0.0004,long,true,true,1,1,false,0,false,false,,false,-0.00273732617979,true,true,true,eligible,,1785614400000,1785614400
day7-v1,WTI,145,2026-08-01T20:00:00+00:00,1785614400000,lab/data/lighter_rwa_raw/WTI_candles_1h.json,lab/data/lighter_rwa_raw/WTI_fundings_1h.json,candle_and_funding,test,pre_roll,unknown_from_public_candle_snapshot,87.846,88.225,87.339,87.598,15154.112000000001,1326822.2374169999,0.00043874,0.0005,long,true,true,1,1,false,0,false,false,,false,-0.00282312228218,true,true,true,eligible,,1785614400000,1785614400
day7-v1,BRENTOIL,159,2026-08-01T21:00:00+00:00,1785618000000,lab/data/lighter_rwa_raw/BRENTOIL_candles_1h.json,lab/data/lighter_rwa_raw/BRENTOIL_fundings_1h.json,candle_and_funding,test,pre_roll,unknown_from_public_candle_snapshot,91.08,91.12,89.79,90.1,2586.7789,234230.513996,0.00036500,0.0004,long,true,true,1,1,false,0,false,false,,false,-0.0107597716293,true,true,true,eligible,,1785618000000,1785618000
day7-v1,WTI,145,2026-08-01T21:00:00+00:00,1785618000000,lab/data/lighter_rwa_raw/WTI_candles_1h.json,lab/data/lighter_rwa_raw/WTI_fundings_1h.json,candle_and_funding,test,pre_roll,unknown_from_public_candle_snapshot,87.598,87.618,86.326,86.775,6175.348,538239.966202,0.00035114,0.0004,long,true,true,1,1,false,0,false,false,,false,-0.00939519167104,true,true,true,eligible,,1785618000000,1785618000
day7-v1,BRENTOIL,159,2026-08-01T22:00:00+00:00,1785621600000,lab/data/lighter_rwa_raw/BRENTOIL_candles_1h.json,lab/data/lighter_rwa_raw/BRENTOIL_fundings_1h.json,candle_and_funding,test,pre_roll,unknown_from_public_candle_snapshot,90.1,90.43,89.29,90.12,2780.5654999999997,250300.894653,0.01132750,0.0125,short,true,true,1,1,false,0,false,false,,false,0.000221975582686,true,true,true,eligible,,1785621600000,1785621600
day7-v1,WTI,145,2026-08-01T22:00:00+00:00,1785621600000,lab/data/lighter_rwa_raw/WTI_candles_1h.json,lab/data/lighter_rwa_raw/WTI_fundings_1h.json,candle_and_funding,test,pre_roll,unknown_from_public_candle_snapshot,86.775,87.098,86.07,86.827,2992.637,259264.727785,0.01177281,0.0135,short,true,true,1,1,false,0,false,false,,false,0.00059925093633,true,true,true,eligible,,1785621600000,1785621600
day7-v1,BRENTOIL,159,2026-08-01T23:00:00+00:00,1785625200000,lab/data/lighter_rwa_raw/BRENTOIL_candles_1h.json,lab/data/lighter_rwa_raw/BRENTOIL_fundings_1h.json,candle_and_funding,test,pre_roll,unknown_from_public_candle_snapshot,90.12,90.78,89.31,89.94,1406.1127999999999,126821.237528,0.00442176,0.0049,short,true,true,1,1,false,0,false,false,,false,-0.00199733688415,true,true,true,eligible,,1785625200000,1785625200
day7-v1,WTI,145,2026-08-01T23:00:00+00:00,1785625200000,lab/data/lighter_rwa_raw/WTI_candles_1h.json,lab/data/lighter_rwa_raw/WTI_fundings_1h.json,candle_and_funding,test,pre_roll,unknown_from_public_candle_snapshot,86.827,87.483,86.088,86.64,6021.573,522875.385891,0.00295548,0.0034,short,true,true,1,1,false,0,false,false,,false,-0.00215370794799,true,true,true,eligible,,1785625200000,1785625200
day7-v1,BRENTOIL,159,2026-08-02T00:00:00+00:00,1785628800000,lab/data/lighter_rwa_raw/BRENTOIL_candles_1h.json,lab/data/lighter_rwa_raw/BRENTOIL_fundings_1h.json,candle_and_funding,test,pre_roll,unknown_from_public_candle_snapshot,89.94,90,89.4,89.49,1275.4973,114385.071071,0.00036096,0.0004,long,true,true,1,1,false,0,false,false,,false,-0.00500333555704,true,true,true,eligible,,1785628800000,1785628800
day7-v1,WTI,145,2026-08-02T00:00:00+00:00,1785628800000,lab/data/lighter_rwa_raw/WTI_candles_1h.json,lab/data/lighter_rwa_raw/WTI_fundings_1h.json,candle_and_funding,test,pre_roll,unknown_from_public_candle_snapshot,86.64,86.709,86.148,86.179,2146.156,185499.181731,0.00034782,0.0004,long,true,true,1,1,false,0,false,false,,false,-0.00532086795937,true,true,true,eligible,,1785628800000,1785628800
day7-v1,BRENTOIL,159,2026-08-02T01:00:00+00:00,1785632400000,lab/data/lighter_rwa_raw/BRENTOIL_candles_1h.json,lab/data/lighter_rwa_raw/BRENTOIL_fundings_1h.json,candle_and_funding,test,pre_roll,unknown_from_public_candle_snapshot,89.49,89.53,88.35,88.88,4960.0268,440507.63654,0.00807570,0.0090,short,true,true,1,1,false,0,false,false,,false,-0.00681640406749,true,true,true,eligible,,1785632400000,1785632400
day7-v1,WTI,145,2026-08-02T01:00:00+00:00,1785632400000,lab/data/lighter_rwa_raw/WTI_candles_1h.json,lab/data/lighter_rwa_raw/WTI_fundings_1h.json,candle_and_funding,test,pre_roll,unknown_from_public_candle_snapshot,86.179,86.186,85.073,85.619,6137.276,525529.176001,0.00976829,0.0113,short,true,true,1,1,false,0,false,false,,false,-0.00649810278606,true,true,true,eligible,,1785632400000,1785632400
day7-v1,BRENTOIL,159,2026-08-02T02:00:00+00:00,1785636000000,lab/data/lighter_rwa_raw/BRENTOIL_candles_1h.json,lab/data/lighter_rwa_raw/BRENTOIL_fundings_1h.json,candle_and_funding,test,pre_roll,unknown_from_public_candle_snapshot,88.88,89.09,85.11,85.75,10072.8271,865399.936628,0.01627785,0.0183,short,true,true,1,1,false,0,false,false,,false,-0.0352160216022,true,true,true,eligible,,1785636000000,1785636000
day7-v1,WTI,145,2026-08-02T02:00:00+00:00,1785636000000,lab/data/lighter_rwa_raw/WTI_candles_1h.json,lab/data/lighter_rwa_raw/WTI_fundings_1h.json,candle_and_funding,test,pre_roll,unknown_from_public_candle_snapshot,85.619,85.784,81.86,82.413,38366.534999999996,3166667.667474,0.01696365,0.0198,short,true,true,1,1,false,0,false,false,,false,-0.0374449596468,true,true,true,eligible,,1785636000000,1785636000
day7-v1,BRENTOIL,159,2026-08-02T03:00:00+00:00,1785639600000,lab/data/lighter_rwa_raw/BRENTOIL_candles_1h.json,lab/data/lighter_rwa_raw/BRENTOIL_fundings_1h.json,candle_and_funding,test,pre_roll,unknown_from_public_candle_snapshot,85.75,85.75,83.34,84.67,12777.3114,1075555.227269,0.07554624,0.0876,short,true,true,1,1,false,0,false,false,,false,-0.0125947521866,true,true,true,eligible,,1785639600000,1785639600
day7-v1,WTI,145,2026-08-02T03:00:00+00:00,1785639600000,lab/data/lighter_rwa_raw/WTI_candles_1h.json,lab/data/lighter_rwa_raw/WTI_fundings_1h.json,candle_and_funding,test,pre_roll,unknown_from_public_candle_snapshot,82.413,82.424,80.27,81.642,23368.932,1897151.695785,0.07658131,0.0923,short,true,true,1,1,false,0,false,false,,false,-0.0093553201558,true,true,true,eligible,,1785639600000,1785639600
day7-v1,BRENTOIL,159,2026-08-02T04:00:00+00:00,1785643200000,lab/data/lighter_rwa_raw/BRENTOIL_candles_1h.json,lab/data/lighter_rwa_raw/BRENTOIL_fundings_1h.json,candle_and_funding,test,pre_roll,unknown_from_public_candle_snapshot,84.67,84.67,82.76,84.14,5621.1388,470633.255279,0.05101360,0.0605,short,true,true,1,1,false,0,false,false,,false,-0.00625959607889,true,true,true,eligible,,1785643200000,1785643200
day7-v1,WTI,145,2026-08-02T04:00:00+00:00,1785643200000,lab/data/lighter_rwa_raw/WTI_candles_1h.json,lab/data/lighter_rwa_raw/WTI_fundings_1h.json,candle_and_funding,test,pre_roll,unknown_from_public_candle_snapshot,81.642,81.671,79.928,81.176,17416.063,1406928.1814010001,0.04551120,0.0560,short,true,true,1,1,false,0,false,false,,false,-0.00570784645158,true,true,true,eligible,,1785643200000,1785643200
day7-v1,BRENTOIL,159,2026-08-02T05:00:00+00:00,1785646800000,lab/data/lighter_rwa_raw/BRENTOIL_candles_1h.json,lab/data/lighter_rwa_raw/BRENTOIL_fundings_1h.json,candle_and_funding,test,pre_roll,unknown_from_public_candle_snapshot,84.14,84.57,84.01,84.2,601.7355,50742.454302,0.00000000,0.0000,long,true,true,1,1,false,0,false,false,funding:value|rate,false,0.000713097218921,true,true,true,eligible,,1785646800000,1785646800
day7-v1,WTI,145,2026-08-02T05:00:00+00:00,1785646800000,lab/data/lighter_rwa_raw/WTI_candles_1h.json,lab/data/lighter_rwa_raw/WTI_fundings_1h.json,candle_and_funding,test,pre_roll,unknown_from_public_candle_snapshot,81.176,81.567,81.045,81.168,5582.764,454134.33538,0.00032439,0.0004,long,true,true,1,1,false,0,false,false,,false,-9.85512959495e-05,true,true,true,eligible,,1785646800000,1785646800
day7-v1,BRENTOIL,159,2026-08-02T06:00:00+00:00,1785650400000,lab/data/lighter_rwa_raw/BRENTOIL_candles_1h.json,lab/data/lighter_rwa_raw/BRENTOIL_fundings_1h.json,candle_and_funding,test,pre_roll,unknown_from_public_candle_snapshot,84.2,84.42,83.79,84.18,992.5895,83642.180861,0.00033716,0.0004,long,true,true,1,1,false,0,false,false,,false,-0.000237529691211,true,true,true,eligible,,1785650400000,1785650400
day7-v1,WTI,145,2026-08-02T06:00:00+00:00,1785650400000,lab/data/lighter_rwa_raw/WTI_candles_1h.json,lab/data/lighter_rwa_raw/WTI_fundings_1h.json,candle_and_funding,test,pre_roll,unknown_from_public_candle_snapshot,81.168,81.377,80.8,81.137,6168.798,500421.754977,0.00032505,0.0004,long,true,true,1,1,false,0,false,false,,false,-0.000381923910901,true,true,true,eligible,,1785650400000,1785650400
day7-v1,BRENTOIL,159,2026-08-02T07:00:00+00:00,1785654000000,lab/data/lighter_rwa_raw/BRENTOIL_candles_1h.json,lab/data/lighter_rwa_raw/BRENTOIL_fundings_1h.json,candle_and_funding,test,pre_roll,unknown_from_public_candle_snapshot,84.18,84.21,83.75,83.83,1027.398,86241.646997,0.00033668,0.0004,long,true,true,1,1,false,0,false,false,,false,-0.00415775718698,true,true,true,eligible,,1785654000000,1785654000
day7-v1,WTI,145,2026-08-02T07:00:00+00:00,1785654000000,lab/data/lighter_rwa_raw/WTI_candles_1h.json,lab/data/lighter_rwa_raw/WTI_fundings_1h.json,candle_and_funding,test,pre_roll,unknown_from_public_candle_snapshot,81.137,81.181,80.775,80.94,4406.195,356748.651421,0.00032459,0.0004,long,true,true,1,1,false,0,false,false,,false,-0.00242799216141,true,true,true,eligible,,1785654000000,1785654000
day7-v1,BRENTOIL,159,2026-08-02T08:00:00+00:00,1785657600000,lab/data/lighter_rwa_raw/BRENTOIL_candles_1h.json,lab/data/lighter_rwa_raw/BRENTOIL_fundings_1h.json,candle_and_funding,test,pre_roll,unknown_from_public_candle_snapshot,83.83,84.23,83.76,84.07,1296.0195,108677.912119,0.00075537,0.0009,short,true,true,1,1,false,0,false,false,,false,0.0028629368961,true,true,true,eligible,,1785657600000,1785657600
day7-v1,WTI,145,2026-08-02T08:00:00+00:00,1785657600000,lab/data/lighter_rwa_raw/WTI_candles_1h.json,lab/data/lighter_rwa_raw/WTI_fundings_1h.json,candle_and_funding,test,pre_roll,unknown_from_public_candle_snapshot,80.94,81.34,80.583,81.133,42156.159999999996,3410123.407181,0.00032391,0.0004,long,true,true,1,1,false,0,false,false,,false,0.00238448233259,true,true,true,eligible,,1785657600000,1785657600
day7-v1,BRENTOIL,159,2026-08-02T09:00:00+00:00,1785661200000,lab/data/lighter_rwa_raw/BRENTOIL_candles_1h.json,lab/data/lighter_rwa_raw/BRENTOIL_fundings_1h.json,candle_and_funding,test,pre_roll,unknown_from_public_candle_snapshot,84.07,84.3,83.52,84.19,682.9806,57338.901689,0.00033568,0.0004,long,true,true,1,1,false,0,false,false,,false,0.00142738194362,true,true,true,eligible,,1785661200000,1785661200
day7-v1,WTI,145,2026-08-02T09:00:00+00:00,1785661200000,lab/data/lighter_rwa_raw/WTI_candles_1h.json,lab/data/lighter_rwa_raw/WTI_fundings_1h.json,candle_and_funding,test,pre_roll,unknown_from_public_candle_snapshot,81.133,81.334,80.646,81.237,33772.888,2733453.450494,0.00032374,0.0004,long,true,true,1,1,false,0,false,false,,false,0.00128184585804,true,true,true,eligible,,1785661200000,1785661200
day7-v1,BRENTOIL,159,2026-08-02T10:00:00+00:00,1785664800000,lab/data/lighter_rwa_raw/BRENTOIL_candles_1h.json,lab/data/lighter_rwa_raw/BRENTOIL_fundings_1h.json,candle_and_funding,test,pre_roll,unknown_from_public_candle_snapshot,84.19,84.93,84.19,84.6,2231.7708,189077.366071,0.00033576,0.0004,long,true,true,1,1,false,0,false,false,,false,0.00486993704716,true,true,true,eligible,,1785664800000,1785664800
day7-v1,WTI,145,2026-08-02T10:00:00+00:00,1785664800000,lab/data/lighter_rwa_raw/WTI_candles_1h.json,lab/data/lighter_rwa_raw/WTI_fundings_1h.json,candle_and_funding,test,pre_roll,unknown_from_public_candle_snapshot,81.237,81.963,81.237,81.669,5160.758,421315.924909,0.00032406,0.0004,long,true,true,1,1,false,0,false,false,,false,0.00531777392075,true,true,true,eligible,,1785664800000,1785664800
day7-v1,BRENTOIL,159,2026-08-02T11:00:00+00:00,1785668400000,lab/data/lighter_rwa_raw/BRENTOIL_candles_1h.json,lab/data/lighter_rwa_raw/BRENTOIL_fundings_1h.json,candle_and_funding,test,pre_roll,unknown_from_public_candle_snapshot,84.6,85.27,84.6,85.14,729.8228,62001.758273,0.01251044,0.0148,long,true,true,1,1,false,0,false,false,,false,0.0063829787234,true,true,true,eligible,,1785668400000,1785668400
day7-v1,WTI,145,2026-08-02T11:00:00+00:00,1785668400000,lab/data/lighter_rwa_raw/WTI_candles_1h.json,lab/data/lighter_rwa_raw/WTI_fundings_1h.json,candle_and_funding,test,pre_roll,unknown_from_public_candle_snapshot,81.669,82.36,81.658,82.254,8922.349,730466.380865,0.01215617,0.0149,long,true,true,1,1,false,0,false,false,,false,0.00716306064725,true,true,true,eligible,,1785668400000,1785668400
day7-v1,BRENTOIL,159,2026-08-02T12:00:00+00:00,1785672000000,lab/data/lighter_rwa_raw/BRENTOIL_candles_1h.json,lab/data/lighter_rwa_raw/BRENTOIL_fundings_1h.json,candle_and_funding,test,pre_roll,unknown_from_public_candle_snapshot,85.14,85.23,84.29,84.56,1829.577,155014.705473,0.00279972,0.0033,long,true,true,1,1,false,0,false,false,,false,-0.00681230913789,true,true,true,eligible,,1785672000000,1785672000
day7-v1,WTI,145,2026-08-02T12:00:00+00:00,1785672000000,lab/data/lighter_rwa_raw/WTI_candles_1h.json,lab/data/lighter_rwa_raw/WTI_fundings_1h.json,candle_and_funding,test,pre_roll,unknown_from_public_candle_snapshot,82.254,82.356,81.214,81.724,7938.389,648978.711185,0.00327576,0.0040,long,true,true,1,1,false,0,false,false,,false,-0.00644345563742,true,true,true,eligible,,1785672000000,1785672000
day7-v1,BRENTOIL,159,2026-08-02T13:00:00+00:00,1785675600000,lab/data/lighter_rwa_raw/BRENTOIL_candles_1h.json,lab/data/lighter_rwa_raw/BRENTOIL_fundings_1h.json,candle_and_funding,test,pre_roll,unknown_from_public_candle_snapshot,84.56,84.94,84.38,84.41,538.502,45613.867051,0.00033872,0.0004,long,true,true,1,1,false,0,false,false,,false,-0.00177388836329,true,true,true,eligible,,1785675600000,1785675600
day7-v1,WTI,145,2026-08-02T13:00:00+00:00,1785675600000,lab/data/lighter_rwa_raw/WTI_candles_1h.json,lab/data/lighter_rwa_raw/WTI_fundings_1h.json,candle_and_funding,test,pre_roll,unknown_from_public_candle_snapshot,81.724,82.05,81.405,81.405,3662.209,299787.932898,0.00032718,0.0004,long,true,true,1,1,false,0,false,false,,false,-0.00390338211541,true,true,true,eligible,,1785675600000,1785675600
day7-v1,BRENTOIL,159,2026-08-02T14:00:00+00:00,1785679200000,lab/data/lighter_rwa_raw/BRENTOIL_candles_1h.json,lab/data/lighter_rwa_raw/BRENTOIL_fundings_1h.json,candle_and_funding,test,pre_roll,unknown_from_public_candle_snapshot,84.41,84.44,83.95,84.21,1073.5546,90430.095614,0.00033872,0.0004,long,true,true,1,1,false,0,false,false,,false,-0.00236938751333,true,true,true,eligible,,1785679200000,1785679200
day7-v1,WTI,145,2026-08-02T14:00:00+00:00,1785679200000,lab/data/lighter_rwa_raw/WTI_candles_1h.json,lab/data/lighter_rwa_raw/WTI_fundings_1h.json,candle_and_funding,test,pre_roll,unknown_from_public_candle_snapshot,81.405,81.515,80.92,81.298,34894.495,2834197.786129,0.00032719,0.0004,long,true,true,1,1,false,0,false,false,,false,-0.00131441557644,true,true,true,eligible,,1785679200000,1785679200
day7-v1,BRENTOIL,159,2026-08-02T15:00:00+00:00,1785682800000,lab/data/lighter_rwa_raw/BRENTOIL_candles_1h.json,lab/data/lighter_rwa_raw/BRENTOIL_fundings_1h.json,candle_and_funding,test,pre_roll,unknown_from_public_candle_snapshot,84.21,84.52,84.15,84.47,438.3418,37002.939582,0.00404688,0.0048,short,true,true,1,1,false,0,false,false,,false,0.003087519297,true,true,true,eligible,,1785682800000,1785682800
day7-v1,WTI,145,2026-08-02T15:00:00+00:00,1785682800000,lab/data/lighter_rwa_raw/WTI_candles_1h.json,lab/data/lighter_rwa_raw/WTI_fundings_1h.json,candle_and_funding,test,pre_roll,unknown_from_public_candle_snapshot,81.298,81.475,81.125,81.463,5953.142,483838.71453,0.00797152,0.0098,short,true,true,1,1,false,0,false,false,,false,0.00202957022313,true,true,true,eligible,,1785682800000,1785682800
day7-v1,BRENTOIL,159,2026-08-02T16:00:00+00:00,1785686400000,lab/data/lighter_rwa_raw/BRENTOIL_candles_1h.json,lab/data/lighter_rwa_raw/BRENTOIL_fundings_1h.json,candle_and_funding,test,pre_roll,unknown_from_public_candle_snapshot,84.47,84.59,83.75,84.01,1067.7764,89779.154392,0.00033740,0.0004,long,true,true,1,1,false,0,false,false,,false,-0.0054457203741,true,true,true,eligible,,1785686400000,1785686400
day7-v1,WTI,145,2026-08-02T16:00:00+00:00,1785686400000,lab/data/lighter_rwa_raw/WTI_candles_1h.json,lab/data/lighter_rwa_raw/WTI_fundings_1h.json,candle_and_funding,test,pre_roll,unknown_from_public_candle_snapshot,81.463,81.604,80.538,80.948,10010.793,809740.873139,0.00032538,0.0004,long,true,true,1,1,false,0,false,false,,false,-0.0063218884647,true,true,true,eligible,,1785686400000,1785686400
day7-v1,BRENTOIL,159,2026-08-02T17:00:00+00:00,1785690000000,lab/data/lighter_rwa_raw/BRENTOIL_candles_1h.json,lab/data/lighter_rwa_raw/BRENTOIL_fundings_1h.json,candle_and_funding,test,pre_roll,unknown_from_public_candle_snapshot,84.01,84.26,83.84,83.93,622.8822,52323.862404,0.00159752,0.0019,short,true,true,1,1,false,0,false,false,,false,-0.000952267587192,true,true,true,eligible,,1785690000000,1785690000
day7-v1,WTI,145,2026-08-02T17:00:00+00:00,1785690000000,lab/data/lighter_rwa_raw/WTI_candles_1h.json,lab/data/lighter_rwa_raw/WTI_fundings_1h.json,candle_and_funding,test,pre_roll,unknown_from_public_candle_snapshot,80.948,81.151,80.745,80.918,9456.075,765435.9793039999,0.00356572,0.0044,short,true,true,1,1,false,0,false,false,,false,-0.000370608291743,true,true,true,eligible,,1785690000000,1785690000
day7-v1,BRENTOIL,159,2026-08-02T18:00:00+00:00,1785693600000,lab/data/lighter_rwa_raw/BRENTOIL_candles_1h.json,lab/data/lighter_rwa_raw/BRENTOIL_fundings_1h.json,candle_and_funding,test,pre_roll,unknown_from_public_candle_snapshot,83.93,84.12,83.75,83.87,800.3239,67177.034813,0.00033588,0.0004,long,true,true,1,1,false,0,false,false,,false,-0.000714881448826,true,true,true,eligible,,1785693600000,1785693600
day7-v1,WTI,145,2026-08-02T18:00:00+00:00,1785693600000,lab/data/lighter_rwa_raw/WTI_candles_1h.json,lab/data/lighter_rwa_raw/WTI_fundings_1h.json,candle_and_funding,test,pre_roll,unknown_from_public_candle_snapshot,80.918,81.165,80.699,80.944,10132.737000000001,820604.226337,0.00032370,0.0004,long,true,true,1,1,false,0,false,false,,false,0.000321312934081,true,true,true,eligible,,1785693600000,1785693600
day7-v1,BRENTOIL,159,2026-08-02T19:00:00+00:00,1785697200000,lab/data/lighter_rwa_raw/BRENTOIL_candles_1h.json,lab/data/lighter_rwa_raw/BRENTOIL_fundings_1h.json,candle_and_funding,test,pre_roll,unknown_from_public_candle_snapshot,83.87,84.04,83.68,83.79,1724.7134,144577.58041300002,0.00033564,0.0004,long,true,true,1,1,false,0,false,false,,false,-0.00095385715989,true,true,true,eligible,,1785697200000,1785697200
day7-v1,WTI,145,2026-08-02T19:00:00+00:00,1785697200000,lab/data/lighter_rwa_raw/WTI_candles_1h.json,lab/data/lighter_rwa_raw/WTI_fundings_1h.json,candle_and_funding,test,pre_roll,unknown_from_public_candle_snapshot,80.944,81.062,80.701,80.81,13726.081,1109106.268185,0.00032365,0.0004,long,true,true,1,1,false,0,false,false,,false,-0.00165546550702,true,true,true,eligible,,1785697200000,1785697200
day7-v1,BRENTOIL,159,2026-08-02T20:00:00+00:00,1785700800000,lab/data/lighter_rwa_raw/BRENTOIL_candles_1h.json,lab/data/lighter_rwa_raw/BRENTOIL_fundings_1h.json,candle_and_funding,test,pre_roll,unknown_from_public_candle_snapshot,83.79,84.58,83.79,84.09,1349.1947,113694.90298099999,0.00033520,0.0004,long,true,true,1,1,false,0,false,false,,false,0.00358037952023,true,true,true,eligible,,1785700800000,1785700800
day7-v1,WTI,145,2026-08-02T20:00:00+00:00,1785700800000,lab/data/lighter_rwa_raw/WTI_candles_1h.json,lab/data/lighter_rwa_raw/WTI_fundings_1h.json,candle_and_funding,test,pre_roll,unknown_from_public_candle_snapshot,80.81,81.49,80.797,81.1,2941.085,238714.994636,0.00032332,0.0004,long,true,true,1,1,false,0,false,false,,false,0.00358866476921,true,true,true,eligible,,1785700800000,1785700800
day7-v1,BRENTOIL,159,2026-08-02T21:00:00+00:00,1785704400000,lab/data/lighter_rwa_raw/BRENTOIL_candles_1h.json,lab/data/lighter_rwa_raw/BRENTOIL_fundings_1h.json,candle_and_funding,test,pre_roll,unknown_from_public_candle_snapshot,84.09,84.44,83.16,83.4,3773.6319,315299.495171,0.00269056,0.0032,long,true,true,1,1,false,0,false,false,,false,-0.00820549411345,true,true,true,eligible,,1785704400000,1785704400
day7-v1,WTI,145,2026-08-02T21:00:00+00:00,1785704400000,lab/data/lighter_rwa_raw/WTI_candles_1h.json,lab/data/lighter_rwa_raw/WTI_fundings_1h.json,candle_and_funding,test,pre_roll,unknown_from_public_candle_snapshot,81.1,81.494,79.66,80.419,11157.673999999999,897568.130775,0.00129678,0.0016,long,true,true,1,1,false,0,false,false,,false,-0.00839704069051,true,true,true,eligible,,1785704400000,1785704400
day7-v1,BRENTOIL,159,2026-08-02T22:00:00+00:00,1785708000000,lab/data/lighter_rwa_raw/BRENTOIL_candles_1h.json,lab/data/lighter_rwa_raw/BRENTOIL_fundings_1h.json,candle_and_funding,test,pre_roll,unknown_from_public_candle_snapshot,83.4,84.48,82,84.4,5872.0967,489430.406037,0.00167660,0.0020,short,true,true,1,1,false,0,false,false,,false,0.0119904076739,true,true,true,eligible,,1785708000000,1785708000
day7-v1,WTI,145,2026-08-02T22:00:00+00:00,1785708000000,lab/data/lighter_rwa_raw/WTI_candles_1h.json,lab/data/lighter_rwa_raw/WTI_fundings_1h.json,candle_and_funding,test,pre_roll,unknown_from_public_candle_snapshot,80.419,81.29,78.833,81.213,50722.522,4044607.51293,0.00282748,0.0035,short,true,true,1,1,false,0,false,false,,false,0.00987328865069,true,true,true,eligible,,1785708000000,1785708000
day7-v1,BRENTOIL,159,2026-08-02T23:00:00+00:00,1785711600000,lab/data/lighter_rwa_raw/BRENTOIL_candles_1h.json,lab/data/lighter_rwa_raw/BRENTOIL_fundings_1h.json,candle_and_funding,test,pre_roll,unknown_from_public_candle_snapshot,84.4,84.47,83.57,83.85,3267.3587,274305.533215,0.00033776,0.0004,long,true,true,1,1,false,0,false,false,,false,-0.00651658767773,true,true,true,eligible,,1785711600000,1785711600
day7-v1,WTI,145,2026-08-02T23:00:00+00:00,1785711600000,lab/data/lighter_rwa_raw/WTI_candles_1h.json,lab/data/lighter_rwa_raw/WTI_fundings_1h.json,candle_and_funding,test,pre_roll,unknown_from_public_candle_snapshot,81.213,81.29,80.374,80.721,11292.993999999999,912207.7928109999,0.00032496,0.0004,long,true,true,1,1,false,0,false,false,,false,-0.00605814340069,true,true,true,eligible,,1785711600000,1785711600
day7-v1,BRENTOIL,159,2026-08-03T00:00:00+00:00,1785715200000,lab/data/lighter_rwa_raw/BRENTOIL_candles_1h.json,lab/data/lighter_rwa_raw/BRENTOIL_fundings_1h.json,candle_and_funding,test,pre_roll,unknown_from_public_candle_snapshot,83.85,84.17,83.5,83.87,4031.6938999999998,337557.79816299997,0.00033548,0.0004,long,true,true,1,1,false,0,false,false,,false,0.000238521168754,true,true,true,eligible,,1785715200000,1785715200
day7-v1,WTI,145,2026-08-03T00:00:00+00:00,1785715200000,lab/data/lighter_rwa_raw/WTI_candles_1h.json,lab/data/lighter_rwa_raw/WTI_fundings_1h.json,candle_and_funding,test,pre_roll,unknown_from_public_candle_snapshot,80.721,80.986,80.343,80.645,5945.776,480119.00189300004,0.00032286,0.0004,long,true,true,1,1,false,0,false,false,,false,-0.000941514599671,true,true,true,eligible,,1785715200000,1785715200
day7-v1,BRENTOIL,159,2026-08-03T01:00:00+00:00,1785718800000,lab/data/lighter_rwa_raw/BRENTOIL_candles_1h.json,lab/data/lighter_rwa_raw/BRENTOIL_fundings_1h.json,candle_and_funding,test,pre_roll,unknown_from_public_candle_snapshot,83.87,84.08,83.46,83.51,2585.4738,216728.053478,0.00033584,0.0004,long,true,true,1,1,false,0,false,false,,false,-0.00429235721951,true,true,true,eligible,,1785718800000,1785718800
day7-v1,WTI,145,2026-08-03T01:00:00+00:00,1785718800000,lab/data/lighter_rwa_raw/WTI_candles_1h.json,lab/data/lighter_rwa_raw/WTI_fundings_1h.json,candle_and_funding,test,pre_roll,unknown_from_public_candle_snapshot,80.645,80.796,80.048,80.115,3837.8940000000002,308316.986399,0.00032248,0.0004,long,true,true,1,1,false,0,false,false,,false,-0.00657201314403,true,true,true,eligible,,1785718800000,1785718800
day7-v1,BRENTOIL,159,2026-08-03T02:00:00+00:00,1785722400000,lab/data/lighter_rwa_raw/BRENTOIL_candles_1h.json,lab/data/lighter_rwa_raw/BRENTOIL_fundings_1h.json,candle_and_funding,test,pre_roll,unknown_from_public_candle_snapshot,83.51,83.88,83.21,83.29,2136.7066,178411.343594,0.00033436,0.0004,long,true,true,1,1,false,0,false,false,,false,-0.00263441504011,true,true,true,eligible,,1785722400000,1785722400
day7-v1,WTI,145,2026-08-03T02:00:00+00:00,1785722400000,lab/data/lighter_rwa_raw/WTI_candles_1h.json,lab/data/lighter_rwa_raw/WTI_fundings_1h.json,candle_and_funding,test,pre_roll,unknown_from_public_candle_snapshot,80.115,80.389,79.602,79.736,2513.4610000000002,201048.950347,0.00032040,0.0004,long,true,true,1,1,false,0,false,false,,false,-0.0047306996193,true,true,true,eligible,,1785722400000,1785722400
day7-v1,BRENTOIL,159,2026-08-03T03:00:00+00:00,1785726000000,lab/data/lighter_rwa_raw/BRENTOIL_candles_1h.json,lab/data/lighter_rwa_raw/BRENTOIL_fundings_1h.json,candle_and_funding,test,pre_roll,unknown_from_public_candle_snapshot,83.29,83.72,83.28,83.39,1289.7084,107693.22076,0.00033356,0.0004,long,true,true,1,1,false,0,false,false,,false,0.00120062432465,true,true,true,eligible,,1785726000000,1785726000
day7-v1,WTI,145,2026-08-03T03:00:00+00:00,1785726000000,lab/data/lighter_rwa_raw/WTI_candles_1h.json,lab/data/lighter_rwa_raw/WTI_fundings_1h.json,candle_and_funding,test,pre_roll,unknown_from_public_candle_snapshot,79.736,80.17,79.677,79.76,2430.517,194248.297384,0.00031880,0.0004,long,true,true,1,1,false,0,false,false,,false,0.000300993277817,true,true,true,eligible,,1785726000000,1785726000
day7-v1,BRENTOIL,159,2026-08-03T04:00:00+00:00,1785729600000,lab/data/lighter_rwa_raw/BRENTOIL_candles_1h.json,lab/data/lighter_rwa_raw/BRENTOIL_fundings_1h.json,candle_and_funding,test,pre_roll,unknown_from_public_candle_snapshot,83.39,83.49,83.26,83.27,2256.055,188147.532893,0.00033360,0.0004,long,true,true,1,1,false,0,false,false,,false,-0.0014390214654,true,true,true,eligible,,1785729600000,1785729600
day7-v1,WTI,145,2026-08-03T04:00:00+00:00,1785729600000,lab/data/lighter_rwa_raw/WTI_candles_1h.json,lab/data/lighter_rwa_raw/WTI_fundings_1h.json,candle_and_funding,test,pre_roll,unknown_from_public_candle_snapshot,79.76,79.865,79.58,79.591,3708.366,295604.560591,0.00031892,0.0004,long,true,true,1,1,false,0,false,false,,false,-0.00211885656971,true,true,true,eligible,,1785729600000,1785729600
day7-v1,BRENTOIL,159,2026-08-03T05:00:00+00:00,1785733200000,lab/data/lighter_rwa_raw/BRENTOIL_candles_1h.json,lab/data/lighter_rwa_raw/BRENTOIL_fundings_1h.json,candle_and_funding,test,pre_roll,unknown_from_public_candle_snapshot,83.27,83.61,83.12,83.4,1449.2079,120681.280243,0.00033328,0.0004,long,true,true,1,1,false,0,false,false,,false,0.00156118650174,true,true,true,eligible,,1785733200000,1785733200
day7-v1,WTI,145,2026-08-03T05:00:00+00:00,1785733200000,lab/data/lighter_rwa_raw/WTI_candles_1h.json,lab/data/lighter_rwa_raw/WTI_fundings_1h.json,candle_and_funding,test,pre_roll,unknown_from_public_candle_snapshot,79.591,79.937,79.451,79.711,4332.762,344978.348625,0.00031808,0.0004,long,true,true,1,1,false,0,false,false,,false,0.00150770815796,true,true,true,eligible,,1785733200000,1785733200
day7-v1,BRENTOIL,159,2026-08-03T06:00:00+00:00,1785736800000,lab/data/lighter_rwa_raw/BRENTOIL_candles_1h.json,lab/data/lighter_rwa_raw/BRENTOIL_fundings_1h.json,candle_and_funding,test,pre_roll,unknown_from_public_candle_snapshot,83.4,83.46,82.66,82.82,1499.0737,124489.536826,0.00033372,0.0004,long,true,true,1,1,false,0,false,false,,false,-0.00695443645084,true,true,true,eligible,,1785736800000,1785736800
day7-v1,WTI,145,2026-08-03T06:00:00+00:00,1785736800000,lab/data/lighter_rwa_raw/WTI_candles_1h.json,lab/data/lighter_rwa_raw/WTI_fundings_1h.json,candle_and_funding,test,pre_roll,unknown_from_public_candle_snapshot,79.711,79.781,78.931,79.15,2203.678,174737.84724,0.00031860,0.0004,long,true,true,1,1,false,0,false,false,,false,-0.00703792450226,true,true,true,eligible,,1785736800000,1785736800
day7-v1,BRENTOIL,159,2026-08-03T07:00:00+00:00,1785740400000,lab/data/lighter_rwa_raw/BRENTOIL_candles_1h.json,lab/data/lighter_rwa_raw/BRENTOIL_fundings_1h.json,candle_and_funding,test,pre_roll,unknown_from_public_candle_snapshot,82.82,84.18,82.82,83.6,3985.3462,333638.69867899996,0.00033132,0.0004,long,true,true,1,1,false,0,false,false,,false,0.00941801497223,true,true,true,eligible,,1785740400000,1785740400
day7-v1,WTI,145,2026-08-03T07:00:00+00:00,1785740400000,lab/data/lighter_rwa_raw/WTI_candles_1h.json,lab/data/lighter_rwa_raw/WTI_fundings_1h.json,candle_and_funding,test,pre_roll,unknown_from_public_candle_snapshot,79.15,80.448,79.147,79.71,4936.552,394187.591523,0.00031636,0.0004,long,true,true,1,1,false,0,false,false,,false,0.00707517372078,true,true,true,eligible,,1785740400000,1785740400
day7-v1,BRENTOIL,159,2026-08-03T08:00:00+00:00,1785744000000,lab/data/lighter_rwa_raw/BRENTOIL_candles_1h.json,lab/data/lighter_rwa_raw/BRENTOIL_fundings_1h.json,candle_and_funding,test,pre_roll,unknown_from_public_candle_snapshot,83.6,84.63,83.5,84.12,914.9647,76939.619119,0.00033448,0.0004,long,true,true,1,1,false,0,false,false,,false,0.00622009569378,true,true,true,eligible,,1785744000000,1785744000
day7-v1,WTI,145,2026-08-03T08:00:00+00:00,1785744000000,lab/data/lighter_rwa_raw/WTI_candles_1h.json,lab/data/lighter_rwa_raw/WTI_fundings_1h.json,candle_and_funding,test,pre_roll,unknown_from_public_candle_snapshot,79.71,80.686,79.613,80.306,2435.966,195269.039188,0.00031864,0.0004,long,true,true,1,1,false,0,false,false,,false,0.00747710450383,true,true,true,eligible,,1785744000000,1785744000
day7-v1,BRENTOIL,159,2026-08-03T09:00:00+00:00,1785747600000,lab/data/lighter_rwa_raw/BRENTOIL_candles_1h.json,lab/data/lighter_rwa_raw/BRENTOIL_fundings_1h.json,candle_and_funding,test,pre_roll,unknown_from_public_candle_snapshot,84.12,84.14,83.44,84.01,1619.0428,135682.721291,0.00033648,0.0004,long,true,true,1,1,false,0,false,false,,false,-0.00130765572991,true,true,true,eligible,,1785747600000,1785747600
day7-v1,WTI,145,2026-08-03T09:00:00+00:00,1785747600000,lab/data/lighter_rwa_raw/WTI_candles_1h.json,lab/data/lighter_rwa_raw/WTI_fundings_1h.json,candle_and_funding,test,pre_roll,unknown_from_public_candle_snapshot,80.306,80.35,79.553,80.077,16497.744,1318590.485507,0.00032106,0.0004,long,true,true,1,1,false,0,false,false,,false,-0.00285159265808,true,true,true,eligible,,1785747600000,1785747600
day7-v1,BRENTOIL,159,2026-08-03T10:00:00+00:00,1785751200000,lab/data/lighter_rwa_raw/BRENTOIL_candles_1h.json,lab/data/lighter_rwa_raw/BRENTOIL_fundings_1h.json,candle_and_funding,test,pre_roll,unknown_from_public_candle_snapshot,84.01,84.01,83.34,83.52,3287.0171,274802.467406,0.00033604,0.0004,long,true,true,1,1,false,0,false,false,,false,-0.00583263897155,true,true,true,eligible,,1785751200000,1785751200
day7-v1,WTI,145,2026-08-03T10:00:00+00:00,1785751200000,lab/data/lighter_rwa_raw/WTI_candles_1h.json,lab/data/lighter_rwa_raw/WTI_fundings_1h.json,candle_and_funding,test,pre_roll,unknown_from_public_candle_snapshot,80.077,80.097,79.377,79.594,5133.154,409200.74709200003,0.00032018,0.0004,long,true,true,1,1,false,0,false,false,,false,-0.00603169449405,true,true,true,eligible,,1785751200000,1785751200
day7-v1,BRENTOIL,159,2026-08-03T11:00:00+00:00,1785754800000,lab/data/lighter_rwa_raw/BRENTOIL_candles_1h.json,lab/data/lighter_rwa_raw/BRENTOIL_fundings_1h.json,candle_and_funding,test,pre_roll,unknown_from_public_candle_snapshot,83.52,83.72,82.89,82.89,531.1878,44379.429122,0.00033412,0.0004,long,true,true,1,1,false,0,false,false,,false,-0.00754310344828,true,true,true,eligible,,1785754800000,1785754800
day7-v1,WTI,145,2026-08-03T11:00:00+00:00,1785754800000,lab/data/lighter_rwa_raw/WTI_candles_1h.json,lab/data/lighter_rwa_raw/WTI_fundings_1h.json,candle_and_funding,test,pre_roll,unknown_from_public_candle_snapshot,79.594,79.961,79.103,79.138,3680.304,292469.933718,0.00031804,0.0004,long,true,true,1,1,false,0,false,false,,false,-0.00572907505591,true,true,true,eligible,,1785754800000,1785754800
day7-v1,BRENTOIL,159,2026-08-03T12:00:00+00:00,1785758400000,lab/data/lighter_rwa_raw/BRENTOIL_candles_1h.json,lab/data/lighter_rwa_raw/BRENTOIL_fundings_1h.json,candle_and_funding,test,pre_roll,unknown_from_public_candle_snapshot,82.89,83.24,82.8,82.96,1322.1334,109812.807877,0.00033152,0.0004,long,true,true,1,1,false,0,false,false,,false,0.00084449270117,true,true,true,eligible,,1785758400000,1785758400
day7-v1,WTI,145,2026-08-03T12:00:00+00:00,1785758400000,lab/data/lighter_rwa_raw/WTI_candles_1h.json,lab/data/lighter_rwa_raw/WTI_fundings_1h.json,candle_and_funding,test,pre_roll,unknown_from_public_candle_snapshot,79.138,79.428,78.894,79.08,9840.677,778988.890023,0.00031617,0.0004,long,true,true,1,1,false,0,false,false,,false,-0.000732896964796,true,true,true,eligible,,1785758400000,1785758400
day7-v1,BRENTOIL,159,2026-08-03T13:00:00+00:00,1785762000000,lab/data/lighter_rwa_raw/BRENTOIL_candles_1h.json,lab/data/lighter_rwa_raw/BRENTOIL_fundings_1h.json,candle_and_funding,test,pre_roll,unknown_from_public_candle_snapshot,82.96,83.67,82.76,83.2,1977.3033,164573.974333,0.00033192,0.0004,long,true,true,1,1,false,0,false,false,,false,0.00289296046287,true,true,true,eligible,,1785762000000,1785762000
day7-v1,WTI,145,2026-08-03T13:00:00+00:00,1785762000000,lab/data/lighter_rwa_raw/WTI_candles_1h.json,lab/data/lighter_rwa_raw/WTI_fundings_1h.json,candle_and_funding,test,pre_roll,unknown_from_public_candle_snapshot,79.08,79.506,78.521,79.205,13926.641,1099411.745087,0.00031602,0.0004,long,true,true,1,1,false,0,false,false,,false,0.00158067779464,true,true,true,eligible,,1785762000000,1785762000
day7-v1,BRENTOIL,159,2026-08-03T14:00:00+00:00,1785765600000,lab/data/lighter_rwa_raw/BRENTOIL_candles_1h.json,lab/data/lighter_rwa_raw/BRENTOIL_fundings_1h.json,candle_and_funding,test,pre_roll,unknown_from_public_candle_snapshot,83.2,83.75,83.13,83.74,2938.9462,245101.940911,0.00033272,0.0004,long,true,true,1,1,false,0,false,false,,false,0.00649038461538,true,true,true,eligible,,1785765600000,1785765600
day7-v1,WTI,145,2026-08-03T14:00:00+00:00,1785765600000,lab/data/lighter_rwa_raw/WTI_candles_1h.json,lab/data/lighter_rwa_raw/WTI_fundings_1h.json,candle_and_funding,test,pre_roll,unknown_from_public_candle_snapshot,79.205,79.742,79.136,79.742,4424.546,351181.054588,0.00063308,0.0008,long,true,true,1,1,false,0,false,false,,false,0.00677987500789,true,true,true,eligible,,1785765600000,1785765600
day7-v1,BRENTOIL,159,2026-08-03T15:00:00+00:00,1785769200000,lab/data/lighter_rwa_raw/BRENTOIL_candles_1h.json,lab/data/lighter_rwa_raw/BRENTOIL_fundings_1h.json,candle_and_funding,test,pre_roll,unknown_from_public_candle_snapshot,83.74,84.5,83.55,83.83,711.3294,59652.595386,0.00033504,0.0004,long,true,true,1,1,false,0,false,false,,false,0.00107475519465,true,true,true,eligible,,1785769200000,1785769200
day7-v1,WTI,145,2026-08-03T15:00:00+00:00,1785769200000,lab/data/lighter_rwa_raw/WTI_candles_1h.json,lab/data/lighter_rwa_raw/WTI_fundings_1h.json,candle_and_funding,test,pre_roll,unknown_from_public_candle_snapshot,79.742,80.23,79.486,79.747,3640.3070000000002,290782.574629,0.00031866,0.0004,long,true,true,1,1,false,0,false,false,,false,6.27022146422e-05,true,true,true,eligible,,1785769200000,1785769200
day7-v1,BRENTOIL,159,2026-08-03T16:00:00+00:00,1785772800000,lab/data/lighter_rwa_raw/BRENTOIL_candles_1h.json,lab/data/lighter_rwa_raw/BRENTOIL_fundings_1h.json,candle_and_funding,test,pre_roll,unknown_from_public_candle_snapshot,83.83,83.9,83.41,83.52,492.04879999999997,41184.206211,0.00033532,0.0004,long,true,true,1,1,false,0,false,false,,false,-0.00369796015746,true,true,true,eligible,,1785772800000,1785772800
day7-v1,WTI,145,2026-08-03T16:00:00+00:00,1785772800000,lab/data/lighter_rwa_raw/WTI_candles_1h.json,lab/data/lighter_rwa_raw/WTI_fundings_1h.json,candle_and_funding,test,pre_roll,unknown_from_public_candle_snapshot,79.747,79.939,79.427,79.627,1584.098,126255.153301,0.00031856,0.0004,long,true,true,1,1,false,0,false,false,,false,-0.0015047587997,true,true,true,eligible,,1785772800000,1785772800
day7-v1,BRENTOIL,159,2026-08-03T17:00:00+00:00,1785776400000,lab/data/lighter_rwa_raw/BRENTOIL_candles_1h.json,lab/data/lighter_rwa_raw/BRENTOIL_fundings_1h.json,candle_and_funding,test,pre_roll,unknown_from_public_candle_snapshot,83.52,83.97,83.48,83.61,503.771,42214.822173,0.00033400,0.0004,long,true,true,1,1,false,0,false,false,,false,0.0010775862069,true,true,true,eligible,,1785776400000,1785776400
day7-v1,WTI,145,2026-08-03T17:00:00+00:00,1785776400000,lab/data/lighter_rwa_raw/WTI_candles_1h.json,lab/data/lighter_rwa_raw/WTI_fundings_1h.json,candle_and_funding,test,pre_roll,unknown_from_public_candle_snapshot,79.627,80.355,79.627,80.063,19886.081,1594840.986192,0.00031826,0.0004,long,true,true,1,1,false,0,false,false,,false,0.00547552965703,true,true,true,eligible,,1785776400000,1785776400
day7-v1,BRENTOIL,159,2026-08-03T18:00:00+00:00,1785780000000,lab/data/lighter_rwa_raw/BRENTOIL_candles_1h.json,lab/data/lighter_rwa_raw/BRENTOIL_fundings_1h.json,candle_and_funding,test,pre_roll,unknown_from_public_candle_snapshot,83.61,84.08,83.06,83.85,574.1277,48058.005259,0.00033456,0.0004,long,true,true,1,1,false,0,false,false,,false,0.00287047003947,true,true,true,eligible,,1785780000000,1785780000
day7-v1,WTI,145,2026-08-03T18:00:00+00:00,1785780000000,lab/data/lighter_rwa_raw/WTI_candles_1h.json,lab/data/lighter_rwa_raw/WTI_fundings_1h.json,candle_and_funding,test,pre_roll,unknown_from_public_candle_snapshot,80.063,80.653,79.511,80.401,13007.922,1040076.507965,0.00032008,0.0004,long,true,true,1,1,false,0,false,false,,false,0.0042216754306,true,true,true,eligible,,1785780000000,1785780000
day7-v1,BRENTOIL,159,2026-08-03T19:00:00+00:00,1785783600000,lab/data/lighter_rwa_raw/BRENTOIL_candles_1h.json,lab/data/lighter_rwa_raw/BRENTOIL_fundings_1h.json,candle_and_funding,test,pre_roll,unknown_from_public_candle_snapshot,83.85,84.16,83.69,83.69,790.0365,66328.435101,0.00033548,0.0004,long,true,true,1,1,false,0,false,false,,false,-0.00190816935003,true,true,true,eligible,,1785783600000,1785783600
day7-v1,WTI,145,2026-08-03T19:00:00+00:00,1785783600000,lab/data/lighter_rwa_raw/WTI_candles_1h.json,lab/data/lighter_rwa_raw/WTI_fundings_1h.json,candle_and_funding,test,pre_roll,unknown_from_public_candle_snapshot,80.401,80.605,80.143,80.143,14294.889000000003,1148985.375777,0.00032156,0.0004,long,true,true,1,1,false,0,false,false,,false,-0.003208915312,true,true,true,eligible,,1785783600000,1785783600
day7-v1,BRENTOIL,159,2026-08-03T20:00:00+00:00,1785787200000,lab/data/lighter_rwa_raw/BRENTOIL_candles_1h.json,lab/data/lighter_rwa_raw/BRENTOIL_fundings_1h.json,candle_and_funding,test,pre_roll,unknown_from_public_candle_snapshot,83.69,83.78,83.38,83.58,898.9972,75187.03057300001,0.00033480,0.0004,long,true,true,1,1,false,0,false,false,,false,-0.00131437447724,true,true,true,eligible,,1785787200000,1785787200
day7-v1,WTI,145,2026-08-03T20:00:00+00:00,1785787200000,lab/data/lighter_rwa_raw/WTI_candles_1h.json,lab/data/lighter_rwa_raw/WTI_fundings_1h.json,candle_and_funding,test,pre_roll,unknown_from_public_candle_snapshot,80.143,80.234,79.865,80.037,4810.3460000000005,385121.46170499997,0.00032060,0.0004,long,true,true,1,1,false,0,false,false,,false,-0.00132263578853,true,true,true,eligible,,1785787200000,1785787200
day7-v1,BRENTOIL,159,2026-08-03T21:00:00+00:00,1785790800000,lab/data/lighter_rwa_raw/BRENTOIL_candles_1h.json,lab/data/lighter_rwa_raw/BRENTOIL_fundings_1h.json,candle_and_funding,test,pre_roll,unknown_from_public_candle_snapshot,83.58,83.71,83.52,83.64,829.4575,69350.510869,0.00033424,0.0004,long,true,true,1,1,false,0,false,false,,false,0.000717875089734,true,true,true,eligible,,1785790800000,1785790800
day7-v1,WTI,145,2026-08-03T21:00:00+00:00,1785790800000,lab/data/lighter_rwa_raw/WTI_candles_1h.json,lab/data/lighter_rwa_raw/WTI_fundings_1h.json,candle_and_funding,test,pre_roll,unknown_from_public_candle_snapshot,80.037,80.36,79.857,80.059,35207.463,2821530.794719,0.00032024,0.0004,long,true,true,1,1,false,0,false,false,,false,0.000274872871297,true,true,true,eligible,,1785790800000,1785790800
day7-v1,BRENTOIL,159,2026-08-03T22:00:00+00:00,1785794400000,lab/data/lighter_rwa_raw/BRENTOIL_candles_1h.json,lab/data/lighter_rwa_raw/BRENTOIL_fundings_1h.json,candle_and_funding,test,pre_roll,unknown_from_public_candle_snapshot,83.64,83.7,83.32,83.67,727.0025,60778.641411,0.00033456,0.0004,long,true,true,1,1,false,0,false,false,,false,0.000358680057389,true,true,true,eligible,,1785794400000,1785794400
day7-v1,WTI,145,2026-08-03T22:00:00+00:00,1785794400000,lab/data/lighter_rwa_raw/WTI_candles_1h.json,lab/data/lighter_rwa_raw/WTI_fundings_1h.json,candle_and_funding,test,pre_roll,unknown_from_public_candle_snapshot,80.059,80.16,79.678,80.131,18636.137,1489361.41278,0.00032026,0.0004,long,true,true,1,1,false,0,false,false,,false,0.000899336739155,true,true,true,eligible,,1785794400000,1785794400
day7-v1,BRENTOIL,159,2026-08-03T23:00:00+00:00,1785798000000,lab/data/lighter_rwa_raw/BRENTOIL_candles_1h.json,lab/data/lighter_rwa_raw/BRENTOIL_fundings_1h.json,candle_and_funding,test,pre_roll,unknown_from_public_candle_snapshot,83.67,83.95,83.47,83.9,1632.1711,136560.249933,0.00033432,0.0004,long,true,true,1,1,false,0,false,false,,false,0.00274889446636,true,true,true,eligible,,1785798000000,1785798000
day7-v1,WTI,145,2026-08-03T23:00:00+00:00,1785798000000,lab/data/lighter_rwa_raw/WTI_candles_1h.json,lab/data/lighter_rwa_raw/WTI_fundings_1h.json,candle_and_funding,test,pre_roll,unknown_from_public_candle_snapshot,80.131,80.393,79.822,80.301,26349.861,2111505.6407369995,0.00032036,0.0004,long,true,true,1,1,false,0,false,false,,false,0.00212152600117,true,true,true,eligible,,1785798000000,1785798000
day7-v1,BRENTOIL,159,2026-08-04T00:00:00+00:00,1785801600000,lab/data/lighter_rwa_raw/BRENTOIL_candles_1h.json,lab/data/lighter_rwa_raw/BRENTOIL_fundings_1h.json,candle_and_funding,test,pre_roll,unknown_from_public_candle_snapshot,83.9,84.54,83.87,84.5,1455.5377,122473.359892,0.00033480,0.0004,long,true,true,1,1,false,0,false,false,,false,0.00715137067938,true,true,true,eligible,,1785801600000,1785801600
day7-v1,WTI,145,2026-08-04T00:00:00+00:00,1785801600000,lab/data/lighter_rwa_raw/WTI_candles_1h.json,lab/data/lighter_rwa_raw/WTI_fundings_1h.json,candle_and_funding,test,pre_roll,unknown_from_public_candle_snapshot,80.301,81.176,80.282,81.062,2662.53,214752.263385,0.00032100,0.0004,long,true,true,1,1,false,0,false,false,,false,0.00947684337679,true,true,true,eligible,,1785801600000,1785801600
day7-v1,BRENTOIL,159,2026-08-04T01:00:00+00:00,1785805200000,lab/data/lighter_rwa_raw/BRENTOIL_candles_1h.json,lab/data/lighter_rwa_raw/BRENTOIL_fundings_1h.json,candle_and_funding,test,pre_roll,unknown_from_public_candle_snapshot,84.5,84.7,84.13,84.52,842.1598,71078.646103,0.00033800,0.0004,long,true,true,1,1,false,0,false,false,,false,0.000236686390533,true,true,true,eligible,,1785805200000,1785805200
day7-v1,WTI,145,2026-08-04T01:00:00+00:00,1785805200000,lab/data/lighter_rwa_raw/WTI_candles_1h.json,lab/data/lighter_rwa_raw/WTI_fundings_1h.json,candle_and_funding,test,pre_roll,unknown_from_public_candle_snapshot,81.062,81.207,80.668,80.983,2174.925,175932.78962,0.00032406,0.0004,long,true,true,1,1,false,0,false,false,,false,-0.000974562680417,true,true,true,eligible,,1785805200000,1785805200
day7-v1,BRENTOIL,159,2026-08-04T02:00:00+00:00,1785808800000,lab/data/lighter_rwa_raw/BRENTOIL_candles_1h.json,lab/data/lighter_rwa_raw/BRENTOIL_fundings_1h.json,candle_and_funding,test,pre_roll,unknown_from_public_candle_snapshot,84.52,84.87,84.39,84.81,489.5767,41456.83083,0.00033808,0.0004,long,true,true,1,1,false,0,false,false,,false,0.00343114055845,true,true,true,eligible,,1785808800000,1785808800
day7-v1,WTI,145,2026-08-04T02:00:00+00:00,1785808800000,lab/data/lighter_rwa_raw/WTI_candles_1h.json,lab/data/lighter_rwa_raw/WTI_fundings_1h.json,candle_and_funding,test,pre_roll,unknown_from_public_candle_snapshot,80.983,81.252,80.8,81.205,6632.1990000000005,537716.89694,0.00032398,0.0004,long,true,true,1,1,false,0,false,false,,false,0.00274131607868,true,true,true,eligible,,1785808800000,1785808800
day7-v1,BRENTOIL,159,2026-08-04T03:00:00+00:00,1785812400000,lab/data/lighter_rwa_raw/BRENTOIL_candles_1h.json,lab/data/lighter_rwa_raw/BRENTOIL_fundings_1h.json,candle_and_funding,test,pre_roll,unknown_from_public_candle_snapshot,84.81,85.02,84.64,84.94,313.0955,26555.120038,0.00033936,0.0004,long,true,true,1,1,false,0,false,false,,false,0.00153283810871,true,true,true,eligible,,1785812400000,1785812400
day7-v1,WTI,145,2026-08-04T03:00:00+00:00,1785812400000,lab/data/lighter_rwa_raw/WTI_candles_1h.json,lab/data/lighter_rwa_raw/WTI_fundings_1h.json,candle_and_funding,test,pre_roll,unknown_from_public_candle_snapshot,81.205,81.302,80.891,81.21,1892.621,153574.918457,0.00032464,0.0004,long,true,true,1,1,false,0,false,false,,false,6.15725632658e-05,true,true,true,eligible,,1785812400000,1785812400
day7-v1,BRENTOIL,159,2026-08-04T04:00:00+00:00,1785816000000,lab/data/lighter_rwa_raw/BRENTOIL_candles_1h.json,lab/data/lighter_rwa_raw/BRENTOIL_fundings_1h.json,candle_and_funding,test,pre_roll,unknown_from_public_candle_snapshot,84.94,85.05,84.85,84.99,845.4368,71847.832341,0.00034000,0.0004,long,true,true,1,1,false,0,false,false,,false,0.000588650812338,true,true,true,eligible,,1785816000000,1785816000
day7-v1,WTI,145,2026-08-04T04:00:00+00:00,1785816000000,lab/data/lighter_rwa_raw/WTI_candles_1h.json,lab/data/lighter_rwa_raw/WTI_fundings_1h.json,candle_and_funding,test,pre_roll,unknown_from_public_candle_snapshot,81.21,81.306,81.1,81.258,1349.98,109611.740887,0.00032472,0.0004,long,true,true,1,1,false,0,false,false,,false,0.000591060214259,true,true,true,eligible,,1785816000000,1785816000
day7-v1,BRENTOIL,159,2026-08-04T05:00:00+00:00,1785819600000,lab/data/lighter_rwa_raw/BRENTOIL_candles_1h.json,lab/data/lighter_rwa_raw/BRENTOIL_fundings_1h.json,candle_and_funding,test,pre_roll,unknown_from_public_candle_snapshot,84.99,85.27,84.8,84.8,188.681,16056.63189,0.00034000,0.0004,long,true,true,1,1,false,0,false,false,,false,-0.00223555712437,true,true,true,eligible,,1785819600000,1785819600
day7-v1,WTI,145,2026-08-04T05:00:00+00:00,1785819600000,lab/data/lighter_rwa_raw/WTI_candles_1h.json,lab/data/lighter_rwa_raw/WTI_fundings_1h.json,candle_and_funding,test,pre_roll,unknown_from_public_candle_snapshot,81.258,81.477,80.939,80.939,1367.365,111135.725669,0.00032488,0.0004,long,true,true,1,1,false,0,false,false,,false,-0.00392576730907,true,true,true,eligible,,1785819600000,1785819600
day7-v1,BRENTOIL,159,2026-08-04T06:00:00+00:00,1785823200000,lab/data/lighter_rwa_raw/BRENTOIL_candles_1h.json,lab/data/lighter_rwa_raw/BRENTOIL_fundings_1h.json,candle_and_funding,test,pre_roll,unknown_from_public_candle_snapshot,84.8,84.92,84.44,84.44,695.6451000000001,58976.686365,0.00033904,0.0004,long,true,true,1,1,false,0,false,false,,false,-0.00424528301887,true,true,true,eligible,,1785823200000,1785823200
day7-v1,WTI,145,2026-08-04T06:00:00+00:00,1785823200000,lab/data/lighter_rwa_raw/WTI_candles_1h.json,lab/data/lighter_rwa_raw/WTI_fundings_1h.json,candle_and_funding,test,pre_roll,unknown_from_public_candle_snapshot,80.939,81.099,80.448,80.448,7813.798999999999,630388.996474,0.00032358,0.0004,long,true,true,1,1,false,0,false,false,,false,-0.00606629684083,true,true,true,eligible,,1785823200000,1785823200
day7-v1,BRENTOIL,159,2026-08-04T07:00:00+00:00,1785826800000,lab/data/lighter_rwa_raw/BRENTOIL_candles_1h.json,lab/data/lighter_rwa_raw/BRENTOIL_fundings_1h.json,candle_and_funding,test,pre_roll,unknown_from_public_candle_snapshot,84.44,84.98,84.28,84.87,655.5837,55607.877754,0.00033792,0.0004,long,true,true,1,1,false,0,false,false,,false,0.0050923732828,true,true,true,eligible,,1785826800000,1785826800
day7-v1,WTI,145,2026-08-04T07:00:00+00:00,1785826800000,lab/data/lighter_rwa_raw/WTI_candles_1h.json,lab/data/lighter_rwa_raw/WTI_fundings_1h.json,candle_and_funding,test,pre_roll,unknown_from_public_candle_snapshot,80.448,81.056,80.26,80.759,2540.576,204716.942653,0.00032176,0.0004,long,true,true,1,1,false,0,false,false,,false,0.00386585123309,true,true,true,eligible,,1785826800000,1785826800
day7-v1,BRENTOIL,159,2026-08-04T08:00:00+00:00,1785830400000,lab/data/lighter_rwa_raw/BRENTOIL_candles_1h.json,lab/data/lighter_rwa_raw/BRENTOIL_fundings_1h.json,candle_and_funding,test,pre_roll,unknown_from_public_candle_snapshot,84.87,86.27,84.6,86.12,659.9314,56428.047608,0.00033952,0.0004,long,true,true,1,1,false,0,false,false,,false,0.0147284081536,true,true,true,eligible,,1785830400000,1785830400
day7-v1,WTI,145,2026-08-04T08:00:00+00:00,1785830400000,lab/data/lighter_rwa_raw/WTI_candles_1h.json,lab/data/lighter_rwa_raw/WTI_fundings_1h.json,candle_and_funding,test,pre_roll,unknown_from_public_candle_snapshot,80.759,82.306,80.494,82.155,29196.180000000004,2382807.5262299995,0.00032298,0.0004,long,true,true,1,1,false,0,false,false,,false,0.0172859990837,true,true,true,eligible,,1785830400000,1785830400
day7-v1,BRENTOIL,159,2026-08-04T09:00:00+00:00,1785834000000,lab/data/lighter_rwa_raw/BRENTOIL_candles_1h.json,lab/data/lighter_rwa_raw/BRENTOIL_fundings_1h.json,candle_and_funding,test,pre_roll,unknown_from_public_candle_snapshot,86.12,86.23,85.63,85.88,948.5367,81584.48345100001,0.00034448,0.0004,long,true,true,1,1,false,0,false,false,,false,-0.00278680910358,true,true,true,eligible,,1785834000000,1785834000
day7-v1,WTI,145,2026-08-04T09:00:00+00:00,1785834000000,lab/data/lighter_rwa_raw/WTI_candles_1h.json,lab/data/lighter_rwa_raw/WTI_fundings_1h.json,candle_and_funding,test,pre_roll,unknown_from_public_candle_snapshot,82.155,82.36,81.785,81.937,29963.582,2459374.0087780003,0.00032840,0.0004,long,true,true,1,1,false,0,false,false,,false,-0.00265352078388,true,true,true,eligible,,1785834000000,1785834000
day7-v1,BRENTOIL,159,2026-08-04T10:00:00+00:00,1785837600000,lab/data/lighter_rwa_raw/BRENTOIL_candles_1h.json,lab/data/lighter_rwa_raw/BRENTOIL_fundings_1h.json,candle_and_funding,test,pre_roll,unknown_from_public_candle_snapshot,85.88,85.88,84.31,84.68,3493.5319999999997,296520.074277,0.00034340,0.0004,long,true,true,1,1,false,0,false,false,,false,-0.0139729855612,true,true,true,eligible,,1785837600000,1785837600
day7-v1,WTI,145,2026-08-04T10:00:00+00:00,1785837600000,lab/data/lighter_rwa_raw/WTI_candles_1h.json,lab/data/lighter_rwa_raw/WTI_fundings_1h.json,candle_and_funding,test,pre_roll,unknown_from_public_candle_snapshot,81.937,82.052,80.608,80.848,49019.882,3987025.578997,0.00032740,0.0004,long,true,true,1,1,false,0,false,false,,false,-0.0132906989516,true,true,true,eligible,,1785837600000,1785837600
day7-v1,BRENTOIL,159,2026-08-04T11:00:00+00:00,1785841200000,lab/data/lighter_rwa_raw/BRENTOIL_candles_1h.json,lab/data/lighter_rwa_raw/BRENTOIL_fundings_1h.json,candle_and_funding,test,pre_roll,unknown_from_public_candle_snapshot,84.68,84.75,80.46,80.46,12553.6791,1040719.8811639999,0.00033860,0.0004,long,true,true,1,1,false,0,false,false,,false,-0.0498346717052,true,true,true,eligible,,1785841200000,1785841200
day7-v1,WTI,145,2026-08-04T11:00:00+00:00,1785841200000,lab/data/lighter_rwa_raw/WTI_candles_1h.json,lab/data/lighter_rwa_raw/WTI_fundings_1h.json,candle_and_funding,test,pre_roll,unknown_from_public_candle_snapshot,80.848,80.947,76.634,76.728,32427.749,2564528.200571,0.00032334,0.0004,long,true,true,1,1,false,0,false,false,,true,-0.050959825846,true,true,true,eligible_with_jump_flag,,1785841200000,1785841200
day7-v1,BRENTOIL,159,2026-08-04T12:00:00+00:00,1785844800000,lab/data/lighter_rwa_raw/BRENTOIL_candles_1h.json,lab/data/lighter_rwa_raw/BRENTOIL_fundings_1h.json,candle_and_funding,test,pre_roll,unknown_from_public_candle_snapshot,80.46,82.1,80.46,81.39,3846.0754,313785.060854,0.00032220,0.0004,long,true,true,1,1,false,0,false,false,,false,0.0115585384042,true,true,true,eligible,,1785844800000,1785844800
day7-v1,WTI,145,2026-08-04T12:00:00+00:00,1785844800000,lab/data/lighter_rwa_raw/WTI_candles_1h.json,lab/data/lighter_rwa_raw/WTI_fundings_1h.json,candle_and_funding,test,pre_roll,unknown_from_public_candle_snapshot,76.728,78.146,76.728,77.523,10328.301,802278.779455,0.00030668,0.0004,long,true,true,1,1,false,0,false,false,,false,0.0103612761964,true,true,true,eligible,,1785844800000,1785844800
day7-v1,BRENTOIL,159,2026-08-04T13:00:00+00:00,1785848400000,lab/data/lighter_rwa_raw/BRENTOIL_candles_1h.json,lab/data/lighter_rwa_raw/BRENTOIL_fundings_1h.json,candle_and_funding,test,pre_roll,unknown_from_public_candle_snapshot,81.39,81.76,79.54,79.74,3690.2021,296443.070808,0.00032568,0.0004,long,true,true,1,1,false,0,false,false,,false,-0.0202727607814,true,true,true,eligible,,1785848400000,1785848400
day7-v1,WTI,145,2026-08-04T13:00:00+00:00,1785848400000,lab/data/lighter_rwa_raw/WTI_candles_1h.json,lab/data/lighter_rwa_raw/WTI_fundings_1h.json,candle_and_funding,test,pre_roll,unknown_from_public_candle_snapshot,77.523,77.895,75.814,75.994,17474.769,1344290.362745,0.00030998,0.0004,long,true,true,1,1,false,0,false,false,,false,-0.0197231789275,true,true,true,eligible,,1785848400000,1785848400
day7-v1,BRENTOIL,159,2026-08-04T14:00:00+00:00,1785852000000,lab/data/lighter_rwa_raw/BRENTOIL_candles_1h.json,lab/data/lighter_rwa_raw/BRENTOIL_fundings_1h.json,candle_and_funding,test,pre_roll,unknown_from_public_candle_snapshot,79.74,80.64,79.55,80.55,2232.4089,179126.789606,0.00031916,0.0004,long,true,true,1,1,false,0,false,false,,false,0.010158013544,true,true,true,eligible,,1785852000000,1785852000
day7-v1,WTI,145,2026-08-04T14:00:00+00:00,1785852000000,lab/data/lighter_rwa_raw/WTI_candles_1h.json,lab/data/lighter_rwa_raw/WTI_fundings_1h.json,candle_and_funding,test,pre_roll,unknown_from_public_candle_snapshot,75.994,77.039,75.867,76.991,15207.047999999999,1163220.9595640001,0.00030380,0.0004,long,true,true,1,1,false,0,false,false,,false,0.0131194567992,true,true,true,eligible,,1785852000000,1785852000
day7-v1,BRENTOIL,159,2026-08-04T15:00:00+00:00,1785855600000,lab/data/lighter_rwa_raw/BRENTOIL_candles_1h.json,lab/data/lighter_rwa_raw/BRENTOIL_fundings_1h.json,candle_and_funding,test,pre_roll,unknown_from_public_candle_snapshot,80.55,80.76,78.81,79.17,2872.3287,228537.60179400002,0.00032212,0.0004,long,true,true,1,1,false,0,false,false,,false,-0.0171322160149,true,true,true,eligible,,1785855600000,1785855600
day7-v1,WTI,145,2026-08-04T15:00:00+00:00,1785855600000,lab/data/lighter_rwa_raw/WTI_candles_1h.json,lab/data/lighter_rwa_raw/WTI_fundings_1h.json,candle_and_funding,test,pre_roll,unknown_from_public_candle_snapshot,76.991,77.08,75.332,75.776,9083.904,689493.591681,0.00030754,0.0004,long,true,true,1,1,false,0,false,false,,false,-0.0157810653193,true,true,true,eligible,,1785855600000,1785855600
day7-v1,BRENTOIL,159,2026-08-04T16:00:00+00:00,1785859200000,lab/data/lighter_rwa_raw/BRENTOIL_candles_1h.json,lab/data/lighter_rwa_raw/BRENTOIL_fundings_1h.json,candle_and_funding,test,pre_roll,unknown_from_public_candle_snapshot,79.17,79.89,79.17,79.65,1207.0758,96002.525177,0.00031680,0.0004,long,true,true,1,1,false,0,false,false,,false,0.00606290261463,true,true,true,eligible,,1785859200000,1785859200
day7-v1,WTI,145,2026-08-04T16:00:00+00:00,1785859200000,lab/data/lighter_rwa_raw/WTI_candles_1h.json,lab/data/lighter_rwa_raw/WTI_fundings_1h.json,candle_and_funding,test,pre_roll,unknown_from_public_candle_snapshot,75.776,76.37,75.746,76.168,5211.927000000001,397074.76710600004,0.00030292,0.0004,long,true,true,1,1,false,0,false,false,,false,0.00517314189189,true,true,true,eligible,,1785859200000,1785859200
day7-v1,BRENTOIL,159,2026-08-04T17:00:00+00:00,1785862800000,lab/data/lighter_rwa_raw/BRENTOIL_candles_1h.json,lab/data/lighter_rwa_raw/BRENTOIL_fundings_1h.json,candle_and_funding,test,pre_roll,unknown_from_public_candle_snapshot,79.65,79.7,79.12,79.37,278.43859999999955,22088.909971999987,0.00031868,0.0004,long,true,true,1,1,false,0,false,false,,false,-0.00351537978657,true,true,true,eligible,,1785862800000,1785862800
day7-v1,WTI,145,2026-08-04T17:00:00+00:00,1785862800000,lab/data/lighter_rwa_raw/WTI_candles_1h.json,lab/data/lighter_rwa_raw/WTI_fundings_1h.json,candle_and_funding,test,pre_roll,unknown_from_public_candle_snapshot,76.168,76.235,75.613,75.915,3657.4900000000002,277570.40445100004,0.00030482,0.0004,long,true,true,1,1,false,0,false,false,,false,-0.00332160487344,true,true,true,eligible,,1785862800000,1785862800
day7-v1,BRENTOIL,159,2026-08-04T18:00:00+00:00,1785866400000,lab/data/lighter_rwa_raw/BRENTOIL_candles_1h.json,lab/data/lighter_rwa_raw/BRENTOIL_fundings_1h.json,candle_and_funding,test,pre_roll,unknown_from_public_candle_snapshot,79.37,79.56,79.15,79.38,798.0395999999989,63341.71920100002,0.00031760,0.0004,long,true,true,1,1,false,0,false,false,,false,0.000125992188484,true,true,true,eligible,,1785866400000,1785866400
day7-v1,WTI,145,2026-08-04T18:00:00+00:00,1785866400000,lab/data/lighter_rwa_raw/WTI_candles_1h.json,lab/data/lighter_rwa_raw/WTI_fundings_1h.json,candle_and_funding,test,pre_roll,unknown_from_public_candle_snapshot,75.915,76.041,75.651,75.852,9769.747000000003,741602.7782229995,0.00030348,0.0004,long,true,true,1,1,false,0,false,false,,false,-0.000829875518672,true,true,true,eligible,,1785866400000,1785866400
day7-v1,BRENTOIL,159,2026-08-04T19:00:00+00:00,1785870000000,lab/data/lighter_rwa_raw/BRENTOIL_candles_1h.json,lab/data/lighter_rwa_raw/BRENTOIL_fundings_1h.json,candle_and_funding,test,pre_roll,unknown_from_public_candle_snapshot,79.38,79.56,79.3,79.35,437.46610000000044,34719.83677100003,0.00031760,0.0004,long,true,true,1,1,false,0,false,false,,false,-0.000377928949358,true,true,true,eligible,,1785870000000,1785870000
day7-v1,WTI,145,2026-08-04T19:00:00+00:00,1785870000000,lab/data/lighter_rwa_raw/WTI_candles_1h.json,lab/data/lighter_rwa_raw/WTI_fundings_1h.json,candle_and_funding,test,pre_roll,unknown_from_public_candle_snapshot,75.852,75.972,75.755,75.843,16041.89099999999,1216962.5251129996,0.00030318,0.0004,long,true,true,1,1,false,0,false,false,,false,-0.000118652112008,true,true,true,eligible,,1785870000000,1785870000
day7-v1,BRENTOIL,159,2026-08-04T20:00:00+00:00,1785873600000,lab/data/lighter_rwa_raw/BRENTOIL_candles_1h.json,lab/data/lighter_rwa_raw/BRENTOIL_fundings_1h.json,candle_and_funding,test,pre_roll,unknown_from_public_candle_snapshot,79.35,79.42,78.7,78.7,739.9846000000008,58378.63890000003,0.00031736,0.0004,long,true,true,1,1,false,0,false,false,,false,-0.00819155639572,true,true,true,eligible,,1785873600000,1785873600
day7-v1,WTI,145,2026-08-04T20:00:00+00:00,1785873600000,lab/data/lighter_rwa_raw/WTI_candles_1h.json,lab/data/lighter_rwa_raw/WTI_fundings_1h.json,candle_and_funding,test,pre_roll,unknown_from_public_candle_snapshot,75.843,75.843,75.173,75.179,18332.819999999996,1383201.7135299998,0.00030316,0.0004,long,true,true,1,1,false,0,false,false,,false,-0.00875492794325,true,true,true,eligible,,1785873600000,1785873600
day7-v1,BRENTOIL,159,2026-08-04T21:00:00+00:00,1785877200000,lab/data/lighter_rwa_raw/BRENTOIL_candles_1h.json,lab/data/lighter_rwa_raw/BRENTOIL_fundings_1h.json,candle_and_funding,test,pre_roll,unknown_from_public_candle_snapshot,78.7,79.02,78.7,78.79,758.5859000000003,59870.18613299999,0.00031492,0.0004,long,true,true,1,1,false,0,false,false,,false,0.00114358322745,true,true,true,eligible,,1785877200000,1785877200
day7-v1,WTI,145,2026-08-04T21:00:00+00:00,1785877200000,lab/data/lighter_rwa_raw/WTI_candles_1h.json,lab/data/lighter_rwa_raw/WTI_fundings_1h.json,candle_and_funding,test,pre_roll,unknown_from_public_candle_snapshot,75.179,75.616,75.175,75.345,27447.814000000017,2069179.6066909956,0.00030052,0.0004,long,true,true,1,1,false,0,false,false,,false,0.00220806342197,true,true,true,eligible,,1785877200000,1785877200
day7-v1,BRENTOIL,159,2026-08-04T22:00:00+00:00,1785880800000,lab/data/lighter_rwa_raw/BRENTOIL_candles_1h.json,lab/data/lighter_rwa_raw/BRENTOIL_fundings_1h.json,candle_and_funding,test,pre_roll,unknown_from_public_candle_snapshot,78.79,78.98,78.73,78.92,586.5681000000006,46243.633794,0.00031508,0.0004,long,true,true,1,1,false,0,false,false,,false,0.00164995557812,true,true,true,eligible,,1785880800000,1785880800
day7-v1,WTI,145,2026-08-04T22:00:00+00:00,1785880800000,lab/data/lighter_rwa_raw/WTI_candles_1h.json,lab/data/lighter_rwa_raw/WTI_fundings_1h.json,candle_and_funding,test,pre_roll,unknown_from_public_candle_snapshot,75.345,75.454,75.19,75.441,7600.306999999991,572160.0288419998,0.00241184,0.0032,long,true,true,1,1,false,0,false,false,,false,0.00127413896078,true,true,true,eligible,,1785880800000,1785880800
day7-v1,BRENTOIL,159,2026-08-04T23:00:00+00:00,1785884400000,lab/data/lighter_rwa_raw/BRENTOIL_candles_1h.json,lab/data/lighter_rwa_raw/BRENTOIL_fundings_1h.json,candle_and_funding,test,pre_roll,unknown_from_public_candle_snapshot,78.92,78.94,78.71,78.85,705.6555000000001,55596.40016000005,0.00031540,0.0004,long,true,true,1,1,false,0,false,false,,false,-0.000886974151039,true,true,true,eligible,,1785884400000,1785884400
day7-v1,WTI,145,2026-08-04T23:00:00+00:00,1785884400000,lab/data/lighter_rwa_raw/WTI_candles_1h.json,lab/data/lighter_rwa_raw/WTI_fundings_1h.json,candle_and_funding,test,pre_roll,unknown_from_public_candle_snapshot,75.441,75.441,75.129,75.288,1948.9060000000002,146604.2689860001,0.00030136,0.0004,long,true,true,1,1,false,0,false,false,,false,-0.00202807491947,true,true,true,eligible,,1785884400000,1785884400
day7-v1,BRENTOIL,159,2026-08-05T00:00:00+00:00,1785888000000,lab/data/lighter_rwa_raw/BRENTOIL_candles_1h.json,lab/data/lighter_rwa_raw/BRENTOIL_fundings_1h.json,candle_and_funding,test,pre_roll,unknown_from_public_candle_snapshot,78.85,79.18,78.32,79.12,493.61900000000037,38890.495793,0.00031520,0.0004,long,true,true,1,1,false,0,false,false,,false,0.00342422320862,true,true,true,eligible,,1785888000000,1785888000
day7-v1,WTI,145,2026-08-05T00:00:00+00:00,1785888000000,lab/data/lighter_rwa_raw/WTI_candles_1h.json,lab/data/lighter_rwa_raw/WTI_fundings_1h.json,candle_and_funding,test,pre_roll,unknown_from_public_candle_snapshot,75.288,75.551,74.603,75.429,10302.402999999958,770822.9891710011,0.00030092,0.0004,long,true,true,1,1,false,0,false,false,,false,0.00187280841568,true,true,true,eligible,,1785888000000,1785888000
day7-v1,BRENTOIL,159,2026-08-05T01:00:00+00:00,1785891600000,lab/data/lighter_rwa_raw/BRENTOIL_candles_1h.json,lab/data/lighter_rwa_raw/BRENTOIL_fundings_1h.json,candle_and_funding,test,pre_roll,unknown_from_public_candle_snapshot,79.12,79.82,79.12,79.73,360.24950000000234,28699.207189000015,0.00031648,0.0004,long,true,true,1,1,false,0,false,false,,false,0.00770980788675,true,true,true,eligible,,1785891600000,1785891600
day7-v1,WTI,145,2026-08-05T01:00:00+00:00,1785891600000,lab/data/lighter_rwa_raw/WTI_candles_1h.json,lab/data/lighter_rwa_raw/WTI_fundings_1h.json,candle_and_funding,test,pre_roll,unknown_from_public_candle_snapshot,75.429,76.08,75.429,76.073,1705.6920000000007,129460.21922500007,0.00030156,0.0004,long,true,true,1,1,false,0,false,false,,false,0.00853783027748,true,true,true,eligible,,1785891600000,1785891600
day7-v1,BRENTOIL,159,2026-08-05T02:00:00+00:00,1785895200000,lab/data/lighter_rwa_raw/BRENTOIL_candles_1h.json,lab/data/lighter_rwa_raw/BRENTOIL_fundings_1h.json,candle_and_funding,test,pre_roll,unknown_from_public_candle_snapshot,79.73,79.78,78.13,78.54,511.8589000000053,40405.64139799992,0.00031892,0.0004,long,true,true,1,1,false,0,false,false,,false,-0.0149253731343,true,true,true,eligible,,1785895200000,1785895200
day7-v1,WTI,145,2026-08-05T02:00:00+00:00,1785895200000,lab/data/lighter_rwa_raw/WTI_candles_1h.json,lab/data/lighter_rwa_raw/WTI_fundings_1h.json,candle_and_funding,test,pre_roll,unknown_from_public_candle_snapshot,76.073,76.073,74.263,74.757,4279.597999999999,321125.7652780002,0.00030388,0.0004,long,true,true,1,1,false,0,false,false,,false,-0.0172991731626,true,true,true,eligible,,1785895200000,1785895200
day7-v1,BRENTOIL,159,2026-08-05T03:00:00+00:00,1785898800000,lab/data/lighter_rwa_raw/BRENTOIL_candles_1h.json,lab/data/lighter_rwa_raw/BRENTOIL_fundings_1h.json,candle_and_funding,test,pre_roll,unknown_from_public_candle_snapshot,78.54,78.62,78.23,78.32,439.22540000000015,34441.245500999976,0.00031424,0.0004,long,true,true,1,1,false,0,false,false,,false,-0.00280112044818,true,true,true,eligible,,1785898800000,1785898800
day7-v1,WTI,145,2026-08-05T03:00:00+00:00,1785898800000,lab/data/lighter_rwa_raw/WTI_candles_1h.json,lab/data/lighter_rwa_raw/WTI_fundings_1h.json,candle_and_funding,test,pre_roll,unknown_from_public_candle_snapshot,74.757,74.877,74.49,74.574,7294.8269999999975,544071.2063579998,0.00029892,0.0004,long,true,true,1,1,false,0,false,false,,false,-0.0024479312974,true,true,true,eligible,,1785898800000,1785898800
day7-v1,BRENTOIL,159,2026-08-05T04:00:00+00:00,1785902400000,lab/data/lighter_rwa_raw/BRENTOIL_candles_1h.json,lab/data/lighter_rwa_raw/BRENTOIL_fundings_1h.json,candle_and_funding,test,pre_roll,unknown_from_public_candle_snapshot,78.32,78.99,78.28,78.87,494.67830000000464,38934.598638,0.00031332,0.0004,long,true,true,1,1,false,0,false,false,,false,0.00702247191011,true,true,true,eligible,,1785902400000,1785902400
day7-v1,WTI,145,2026-08-05T04:00:00+00:00,1785902400000,lab/data/lighter_rwa_raw/WTI_candles_1h.json,lab/data/lighter_rwa_raw/WTI_fundings_1h.json,candle_and_funding,test,pre_roll,unknown_from_public_candle_snapshot,74.574,75.28,74.511,75.183,1255.129000000002,94194.96082600001,0.00029822,0.0004,long,true,true,1,1,false,0,false,false,,false,0.00816638506718,true,true,true,eligible,,1785902400000,1785902400
day7-v1,BRENTOIL,159,2026-08-05T05:00:00+00:00,1785906000000,lab/data/lighter_rwa_raw/BRENTOIL_candles_1h.json,lab/data/lighter_rwa_raw/BRENTOIL_fundings_1h.json,candle_and_funding,test,pre_roll,unknown_from_public_candle_snapshot,78.87,79.06,78.54,78.79,160.29159999999982,12651.52317600001,0.00031544,0.0004,long,true,true,1,1,false,0,false,false,,false,-0.00101432737416,true,true,true,eligible,,1785906000000,1785906000
day7-v1,WTI,145,2026-08-05T05:00:00+00:00,1785906000000,lab/data/lighter_rwa_raw/WTI_candles_1h.json,lab/data/lighter_rwa_raw/WTI_fundings_1h.json,candle_and_funding,test,pre_roll,unknown_from_public_candle_snapshot,75.183,75.338,74.741,75.049,931.4100000000001,69858.82716299994,0.00030068,0.0004,long,true,true,1,1,false,0,false,false,,false,-0.00178231781121,true,true,true,eligible,,1785906000000,1785906000
day7-v1,BRENTOIL,159,2026-08-05T06:00:00+00:00,1785909600000,lab/data/lighter_rwa_raw/BRENTOIL_candles_1h.json,lab/data/lighter_rwa_raw/BRENTOIL_fundings_1h.json,candle_and_funding,test,pre_roll,unknown_from_public_candle_snapshot,78.79,79.31,78.7,78.95,359.8683000000016,28447.71379900001,0.00031516,0.0004,long,true,true,1,1,false,0,false,false,,false,0.00203071455768,true,true,true,eligible,,1785909600000,1785909600
day7-v1,WTI,145,2026-08-05T06:00:00+00:00,1785909600000,lab/data/lighter_rwa_raw/WTI_candles_1h.json,lab/data/lighter_rwa_raw/WTI_fundings_1h.json,candle_and_funding,test,pre_roll,unknown_from_public_candle_snapshot,75.049,75.492,74.964,75.064,858.4630000000001,64550.174765999975,0.00030026,0.0004,long,true,true,1,1,false,0,false,false,,false,0.000199869418646,true,true,true,eligible,,1785909600000,1785909600
day7-v1,BRENTOIL,159,2026-08-05T07:00:00+00:00,1785913200000,lab/data/lighter_rwa_raw/BRENTOIL_candles_1h.json,lab/data/lighter_rwa_raw/BRENTOIL_fundings_1h.json,candle_and_funding,test,pre_roll,unknown_from_public_candle_snapshot,78.95,80.43,78.88,80.03,886.1722000000053,70865.00335799991,0.00031584,0.0004,long,true,true,1,1,false,0,false,false,,false,0.0136795440152,true,true,true,eligible,,1785913200000,1785913200
day7-v1,WTI,145,2026-08-05T07:00:00+00:00,1785913200000,lab/data/lighter_rwa_raw/WTI_candles_1h.json,lab/data/lighter_rwa_raw/WTI_fundings_1h.json,candle_and_funding,test,pre_roll,unknown_from_public_candle_snapshot,75.064,76.3,74.94,76.027,1824.5839999999953,138351.492916,0.00030010,0.0004,long,true,true,1,1,false,0,false,false,,false,0.0128290525418,true,true,true,eligible,,1785913200000,1785913200
day7-v1,BRENTOIL,159,2026-08-05T08:00:00+00:00,1785916800000,lab/data/lighter_rwa_raw/BRENTOIL_candles_1h.json,lab/data/lighter_rwa_raw/BRENTOIL_fundings_1h.json,candle_and_funding,test,pre_roll,unknown_from_public_candle_snapshot,80.03,80.51,79.81,80.31,503.69890000000333,40421.11358599998,0.00032028,0.0004,long,true,true,1,1,false,0,false,false,,false,0.003498687992,true,true,true,eligible,,1785916800000,1785916800
day7-v1,WTI,145,2026-08-05T08:00:00+00:00,1785916800000,lab/data/lighter_rwa_raw/WTI_candles_1h.json,lab/data/lighter_rwa_raw/WTI_fundings_1h.json,candle_and_funding,test,pre_roll,unknown_from_public_candle_snapshot,76.027,76.417,75.77,76.348,7127.780000000004,543628.640879,0.00030408,0.0004,long,true,true,1,1,false,0,false,false,,false,0.00422218422403,true,true,true,eligible,,1785916800000,1785916800
day7-v1,BRENTOIL,159,2026-08-05T09:00:00+00:00,1785920400000,lab/data/lighter_rwa_raw/BRENTOIL_candles_1h.json,lab/data/lighter_rwa_raw/BRENTOIL_fundings_1h.json,candle_and_funding,test,pre_roll,unknown_from_public_candle_snapshot,80.31,80.75,79.98,80.7,3054.1171999999688,245488.4012310003,0.00032140,0.0004,long,true,true,1,1,false,0,false,false,,false,0.00485618229361,true,true,true,eligible,,1785920400000,1785920400
day7-v1,WTI,145,2026-08-05T09:00:00+00:00,1785920400000,lab/data/lighter_rwa_raw/WTI_candles_1h.json,lab/data/lighter_rwa_raw/WTI_fundings_1h.json,candle_and_funding,test,pre_roll,unknown_from_public_candle_snapshot,76.348,76.594,75.96,76.546,2828.426000000001,216031.535914,0.00030490,0.0004,long,true,true,1,1,false,0,false,false,,false,0.00259338816996,true,true,true,eligible,,1785920400000,1785920400
day7-v1,BRENTOIL,159,2026-08-05T10:00:00+00:00,1785924000000,lab/data/lighter_rwa_raw/BRENTOIL_candles_1h.json,lab/data/lighter_rwa_raw/BRENTOIL_fundings_1h.json,candle_and_funding,test,pre_roll,unknown_from_public_candle_snapshot,80.7,80.91,80.4,80.5,1195.7746000000022,96568.24704099998,0.00032292,0.0004,long,true,true,1,1,false,0,false,false,,false,-0.00247831474597,true,true,true,eligible,,1785924000000,1785924000
day7-v1,WTI,145,2026-08-05T10:00:00+00:00,1785924000000,lab/data/lighter_rwa_raw/WTI_candles_1h.json,lab/data/lighter_rwa_raw/WTI_fundings_1h.json,candle_and_funding,test,pre_roll,unknown_from_public_candle_snapshot,76.546,76.73,76.227,76.262,1297.8299999999954,99371.40503700002,0.00030602,0.0004,long,true,true,1,1,false,0,false,false,,false,-0.00371018733833,true,true,true,eligible,,1785924000000,1785924000
day7-v1,BRENTOIL,159,2026-08-05T11:00:00+00:00,1785927600000,lab/data/lighter_rwa_raw/BRENTOIL_candles_1h.json,lab/data/lighter_rwa_raw/BRENTOIL_fundings_1h.json,candle_and_funding,test,pre_roll,unknown_from_public_candle_snapshot,80.5,80.65,80.02,80.09,578.9407000000004,46489.19463099998,0.00032216,0.0004,long,true,true,1,1,false,0,false,false,,false,-0.00509316770186,true,true,true,eligible,,1785927600000,1785927600
day7-v1,WTI,145,2026-08-05T11:00:00+00:00,1785927600000,lab/data/lighter_rwa_raw/WTI_candles_1h.json,lab/data/lighter_rwa_raw/WTI_fundings_1h.json,candle_and_funding,test,pre_roll,unknown_from_public_candle_snapshot,76.262,76.401,75.863,76.035,687.3749999999991,52379.559035000006,0.00030492,0.0004,long,true,true,1,1,false,0,false,false,,false,-0.00297658073484,true,true,true,eligible,,1785927600000,1785927600
day7-v1,BRENTOIL,159,2026-08-05T12:00:00+00:00,1785931200000,lab/data/lighter_rwa_raw/BRENTOIL_candles_1h.json,lab/data/lighter_rwa_raw/BRENTOIL_fundings_1h.json,candle_and_funding,test,pre_roll,unknown_from_public_candle_snapshot,80.09,80.62,79.79,80.6,685.7901000000027,54973.06550299999,0.00032040,0.0004,long,true,true,1,1,false,0,false,false,,false,0.00636783618429,true,true,true,eligible,,1785931200000,1785931200
day7-v1,WTI,145,2026-08-05T12:00:00+00:00,1785931200000,lab/data/lighter_rwa_raw/WTI_candles_1h.json,lab/data/lighter_rwa_raw/WTI_fundings_1h.json,candle_and_funding,test,pre_roll,unknown_from_public_candle_snapshot,76.035,76.598,75.83,76.517,860.0059999999974,65547.66775699999,0.00030422,0.0004,long,true,true,1,1,false,0,false,false,,false,0.00633918590123,true,true,true,eligible,,1785931200000,1785931200
day7-v1,BRENTOIL,159,2026-08-05T13:00:00+00:00,1785934800000,lab/data/lighter_rwa_raw/BRENTOIL_candles_1h.json,lab/data/lighter_rwa_raw/BRENTOIL_fundings_1h.json,candle_and_funding,test,pre_roll,unknown_from_public_candle_snapshot,80.6,80.65,79.32,79.59,1463.0260999999987,116546.82432700001,0.00032260,0.0004,long,true,true,1,1,false,0,false,false,,false,-0.0125310173697,true,true,true,eligible,,1785934800000,1785934800
day7-v1,WTI,145,2026-08-05T13:00:00+00:00,1785934800000,lab/data/lighter_rwa_raw/WTI_candles_1h.json,lab/data/lighter_rwa_raw/WTI_fundings_1h.json,candle_and_funding,test,pre_roll,unknown_from_public_candle_snapshot,76.517,76.563,75.068,75.528,23138.81699999987,1752508.4859919979,0.00030602,0.0004,long,true,true,1,1,false,0,false,false,,false,-0.0129252323013,true,true,true,eligible,,1785934800000,1785934800
day7-v1,BRENTOIL,159,2026-08-05T14:00:00+00:00,1785938400000,lab/data/lighter_rwa_raw/BRENTOIL_candles_1h.json,lab/data/lighter_rwa_raw/BRENTOIL_fundings_1h.json,candle_and_funding,test,pre_roll,unknown_from_public_candle_snapshot,79.59,79.7,78.63,79.01,1302.477599999999,102831.15702800003,0.00031836,0.0004,long,true,true,1,1,false,0,false,false,,false,-0.00728734765674,true,true,true,eligible,,1785938400000,1785938400
day7-v1,WTI,145,2026-08-05T14:00:00+00:00,1785938400000,lab/data/lighter_rwa_raw/WTI_candles_1h.json,lab/data/lighter_rwa_raw/WTI_fundings_1h.json,candle_and_funding,test,pre_roll,unknown_from_public_candle_snapshot,75.528,75.601,74.722,75.195,21432.03699999991,1605899.38259,0.00030204,0.0004,long,true,true,1,1,false,0,false,false,,false,-0.00440896091516,true,true,true,eligible,,1785938400000,1785938400
day7-v1,BRENTOIL,159,2026-08-05T15:00:00+00:00,1785942000000,lab/data/lighter_rwa_raw/BRENTOIL_candles_1h.json,lab/data/lighter_rwa_raw/BRENTOIL_fundings_1h.json,candle_and_funding,test,pre_roll,unknown_from_public_candle_snapshot,79.01,79.71,78.3,79.58,1753.0837999999967,138563.83540499982,0.00031600,0.0004,long,true,true,1,1,false,0,false,false,,false,0.00721427667384,true,true,true,eligible,,1785942000000,1785942000
day7-v1,WTI,145,2026-08-05T15:00:00+00:00,1785942000000,lab/data/lighter_rwa_raw/WTI_candles_1h.json,lab/data/lighter_rwa_raw/WTI_fundings_1h.json,candle_and_funding,test,pre_roll,unknown_from_public_candle_snapshot,75.195,75.854,74.565,75.598,2414.719999999995,181460.54468100006,0.00030059,0.0004,long,true,true,1,1,false,0,false,false,,false,0.0053593988962,true,true,true,eligible,,1785942000000,1785942000
day7-v1,BRENTOIL,159,2026-08-05T16:00:00+00:00,1785945600000,lab/data/lighter_rwa_raw/BRENTOIL_candles_1h.json,lab/data/lighter_rwa_raw/BRENTOIL_fundings_1h.json,candle_and_funding,test,pre_roll,unknown_from_public_candle_snapshot,79.58,79.83,78.93,79.01,602.4645000000005,47799.48793400001,0.00031824,0.0004,long,true,true,1,1,false,0,false,false,,false,-0.00716260366926,true,true,true,eligible,,1785945600000,1785945600
day7-v1,WTI,145,2026-08-05T16:00:00+00:00,1785945600000,lab/data/lighter_rwa_raw/WTI_candles_1h.json,lab/data/lighter_rwa_raw/WTI_fundings_1h.json,candle_and_funding,test,pre_roll,unknown_from_public_candle_snapshot,75.598,75.807,74.809,74.931,2992.715,225271.01966799988,0.00030240,0.0004,long,true,true,1,1,false,0,false,false,,false,-0.00882298473505,true,true,true,eligible,,1785945600000,1785945600
day7-v1,BRENTOIL,159,2026-08-05T17:00:00+00:00,1785949200000,lab/data/lighter_rwa_raw/BRENTOIL_candles_1h.json,lab/data/lighter_rwa_raw/BRENTOIL_fundings_1h.json,candle_and_funding,test,pre_roll,unknown_from_public_candle_snapshot,79.01,79.12,78.62,79.09,369.34700000000333,29139.65379800001,0.00031612,0.0004,long,true,true,1,1,false,0,false,false,,false,0.00101253005949,true,true,true,eligible,,1785949200000,1785949200
day7-v1,WTI,145,2026-08-05T17:00:00+00:00,1785949200000,lab/data/lighter_rwa_raw/WTI_candles_1h.json,lab/data/lighter_rwa_raw/WTI_fundings_1h.json,candle_and_funding,test,pre_roll,unknown_from_public_candle_snapshot,74.931,75.025,74.484,74.879,2327.2639999999956,173849.6139169999,0.00029964,0.0004,long,true,true,1,1,false,0,false,false,,false,-0.000693971787378,true,true,true,eligible,,1785949200000,1785949200
day7-v1,BRENTOIL,159,2026-08-05T18:00:00+00:00,1785952800000,lab/data/lighter_rwa_raw/BRENTOIL_candles_1h.json,lab/data/lighter_rwa_raw/BRENTOIL_fundings_1h.json,candle_and_funding,test,pre_roll,unknown_from_public_candle_snapshot,79.09,79.57,79.06,79.52,598.9673000000043,47502.50358999995,0.00031656,0.0004,long,true,true,1,1,false,0,false,false,,false,0.00543684410166,true,true,true,eligible,,1785952800000,1785952800
day7-v1,WTI,145,2026-08-05T18:00:00+00:00,1785952800000,lab/data/lighter_rwa_raw/WTI_candles_1h.json,lab/data/lighter_rwa_raw/WTI_fundings_1h.json,candle_and_funding,test,pre_roll,unknown_from_public_candle_snapshot,74.879,75.45,74.879,75.336,1552.146999999996,116645.52164099994,0.00029942,0.0004,long,true,true,1,1,false,0,false,false,,false,0.00610317979674,true,true,true,eligible,,1785952800000,1785952800
day7-v1,BRENTOIL,159,2026-08-05T19:00:00+00:00,1785956400000,lab/data/lighter_rwa_raw/BRENTOIL_candles_1h.json,lab/data/lighter_rwa_raw/BRENTOIL_fundings_1h.json,candle_and_funding,test,pre_roll,unknown_from_public_candle_snapshot,79.52,79.62,79.27,79.4,252.16779999999991,20041.340805999964,0.00031832,0.0004,long,true,true,1,1,false,0,false,false,,false,-0.00150905432596,true,true,true,eligible,,1785956400000,1785956400
day7-v1,WTI,145,2026-08-05T19:00:00+00:00,1785956400000,lab/data/lighter_rwa_raw/WTI_candles_1h.json,lab/data/lighter_rwa_raw/WTI_fundings_1h.json,candle_and_funding,test,pre_roll,unknown_from_public_candle_snapshot,75.336,75.389,75.037,75.178,378.01000000000045,28413.825588000007,0.00030128,0.0004,long,true,true,1,1,false,0,false,false,,false,-0.00209727089307,true,true,true,eligible,,1785956400000,1785956400
day7-v1,BRENTOIL,159,2026-08-05T20:00:00+00:00,1785960000000,lab/data/lighter_rwa_raw/BRENTOIL_candles_1h.json,lab/data/lighter_rwa_raw/BRENTOIL_fundings_1h.json,candle_and_funding,test,pre_roll,unknown_from_public_candle_snapshot,79.4,79.43,79.12,79.41,291.8523000000004,23137.711708999992,0.00031776,0.0004,long,true,true,1,1,false,0,false,false,,false,0.000125944584383,true,true,true,eligible,,1785960000000,1785960000
day7-v1,WTI,145,2026-08-05T20:00:00+00:00,1785960000000,lab/data/lighter_rwa_raw/WTI_candles_1h.json,lab/data/lighter_rwa_raw/WTI_fundings_1h.json,candle_and_funding,test,pre_roll,unknown_from_public_candle_snapshot,75.178,75.182,74.916,75.101,1135.6729999999986,85232.08417999999,0.00030066,0.0004,long,true,true,1,1,false,0,false,false,,false,-0.00102423581367,true,true,true,eligible,,1785960000000,1785960000
day7-v1,BRENTOIL,159,2026-08-05T21:00:00+00:00,1785963600000,lab/data/lighter_rwa_raw/BRENTOIL_candles_1h.json,lab/data/lighter_rwa_raw/BRENTOIL_fundings_1h.json,candle_and_funding,test,pre_roll,unknown_from_public_candle_snapshot,79.41,79.68,79.4,79.49,694.0866000000029,55238.7526210001,0.00031772,0.0004,long,true,true,1,1,false,0,false,false,,false,0.00100742979474,true,true,true,eligible,,1785963600000,1785963600
day7-v1,WTI,145,2026-08-05T21:00:00+00:00,1785963600000,lab/data/lighter_rwa_raw/WTI_candles_1h.json,lab/data/lighter_rwa_raw/WTI_fundings_1h.json,candle_and_funding,test,pre_roll,unknown_from_public_candle_snapshot,75.101,75.544,75.099,75.144,1237.9750000000008,93194.27838300001,0.00030026,0.0004,long,true,true,1,1,false,0,false,false,,false,0.000572562282793,true,true,true,eligible,,1785963600000,1785963600
day7-v1,BRENTOIL,159,2026-08-05T22:00:00+00:00,1785967200000,lab/data/lighter_rwa_raw/BRENTOIL_candles_1h.json,lab/data/lighter_rwa_raw/BRENTOIL_fundings_1h.json,candle_and_funding,test,pre_roll,unknown_from_public_candle_snapshot,79.49,79.49,79.3,79.34,492.6975000000026,39115.269766999925,0.00031804,0.0004,long,true,true,1,1,false,0,false,false,,false,-0.00188702981507,true,true,true,eligible,,1785967200000,1785967200
day7-v1,WTI,145,2026-08-05T22:00:00+00:00,1785967200000,lab/data/lighter_rwa_raw/WTI_candles_1h.json,lab/data/lighter_rwa_raw/WTI_fundings_1h.json,candle_and_funding,test,pre_roll,unknown_from_public_candle_snapshot,75.144,75.232,74.972,75.089,2292.6670000000013,172262.41030400025,0.00067742,0.0009,long,true,true,1,1,false,0,false,false,,false,-0.000731928031513,true,true,true,eligible,,1785967200000,1785967200
day7-v1,BRENTOIL,159,2026-08-05T23:00:00+00:00,1785970800000,lab/data/lighter_rwa_raw/BRENTOIL_candles_1h.json,lab/data/lighter_rwa_raw/BRENTOIL_fundings_1h.json,candle_and_funding,test,pre_roll,unknown_from_public_candle_snapshot,79.34,79.4,79.15,79.21,244.2724999999996,19369.427068999972,0.00031756,0.0004,long,true,true,1,1,false,0,false,false,,false,-0.00163851777162,true,true,true,eligible,,1785970800000,1785970800
day7-v1,WTI,145,2026-08-05T23:00:00+00:00,1785970800000,lab/data/lighter_rwa_raw/WTI_candles_1h.json,lab/data/lighter_rwa_raw/WTI_fundings_1h.json,candle_and_funding,test,pre_roll,unknown_from_public_candle_snapshot,75.089,75.125,74.852,74.877,2415.963000000001,181240.51335000037,0.00030018,0.0004,long,true,true,1,1,false,0,false,false,,false,-0.00282331633129,true,true,true,eligible,,1785970800000,1785970800
day7-v1,BRENTOIL,159,2026-08-06T00:00:00+00:00,1785974400000,lab/data/lighter_rwa_raw/BRENTOIL_candles_1h.json,lab/data/lighter_rwa_raw/BRENTOIL_fundings_1h.json,candle_and_funding,test,pre_roll,unknown_from_public_candle_snapshot,79.21,79.38,79.01,79.01,77.89419999999996,6165.132260000003,0.00031720,0.0004,long,true,true,1,1,false,0,false,false,,false,-0.00252493372049,true,true,true,eligible,,1785974400000,1785974400
day7-v1,WTI,145,2026-08-06T00:00:00+00:00,1785974400000,lab/data/lighter_rwa_raw/WTI_candles_1h.json,lab/data/lighter_rwa_raw/WTI_fundings_1h.json,candle_and_funding,test,pre_roll,unknown_from_public_candle_snapshot,74.877,75.032,74.654,74.677,585.9960000000001,43866.90056100001,0.00029952,0.0004,long,true,true,1,1,false,0,false,false,,false,-0.00267104718405,true,true,true,eligible,,1785974400000,1785974400
